International Number,Line Status,Do Not Change,Owner -> Do Not Change,Carrier,Carrier Label,Owner,Owner -> Active?,Owner -> Email,Employee -> Cost Center,Cost Center,Owner -> Supervisor,Owner -> Supervisor Email,Ref Device,Plan,Plan -> Plan Name,Is ESIM,Contract Start Date,Contract Ends Date,Suspended At,Upgrade Eligible Date,Line Bill -> Total Recurring Charges,Line Bill -> Total Charges,Zerouserecommendationrejected,IMEI,Device -> IMEI,Previous Device -> IMEI2,Serial,Device -> Serial Number,Owner -> Group,Formula
2145678311,Active,false,true,AT&T United States,ATT Corporate,Ahmed Campbell,Yes,ahmed.campbell@contoso.com,42008,42008,Sarah Patel,sarah.patel@contoso.com,Kyocera DuraXV Extreme,Voice & Text Basic,Voice & Text Basic,false,2026-01-30,2028-01-30,,2028-01-30,30,33.75,0,354184968423450,354184968423450,352714953744026,3021988477,F3021988477,Executive Office,100001
3127994817,Active,true,true,AT&T United States,ATT Corporate,Carlos King,Yes,carlos.king@contoso.com,42009,42009,Nancy Thomas,nancy.thomas@contoso.com,Apple iPhone 15,Business Unlimited,Business Unlimited,false,2024-07-31,2026-07-31,,2026-07-31,45,51.75,0,359276907846961,359276907846961,352252501174783,8218541928,F8218541928,Executive Office,100002
9178462897,Active,false,true,Verizon United States,VZW Corporate,Nancy Thomas,Yes,nancy.thomas@contoso.com,42009,42009,Ahmed Campbell,ahmed.campbell@contoso.com,Kyocera DuraXV Extreme,Voice & Text Basic,Voice & Text Basic,false,2026-07-26,2028-07-26,,2028-07-26,25,28.75,0,351081853545109,351081853545109,355812304925356,4322338756,F4322338756,Executive Office,100003
4159486112,Active,false,true,AT&T United States,ATT Corporate,Daniel Campbell,No,daniel.campbell@contoso.com,42005,42005,Joshua Kim,joshua.kim@contoso.com,Apple iPhone SE,Business Unlimited Plus,Business Unlimited Plus,true,,,,,60,68.25,0,351248893649505,351248893649505,356668893001704,3280772748,F3280772748,Executive Office,100004
9176668524,Active,false,true,Verizon United States,VZW Corporate,Sarah Patel,Yes,sarah.patel@contoso.com,42007,42007,Ahmed Campbell,ahmed.campbell@contoso.com,Apple iPhone 16,Flexible Business Pool,Flexible Business Pool,false,,,,,45,50.25,0,358629312908612,358629312908612,353357917599678,9166381136,F9166381136,Executive Office,100005
6318660612,Active,false,true,Verizon United States,VZW Corporate,Joshua Kim,Yes,joshua.kim@contoso.com,42008,42008,Carlos King,carlos.king@contoso.com,Apple iPhone 15,Business Unlimited,Business Unlimited,true,2024-07-20,2026-07-20,,2026-07-20,45,51.75,0,355499580917036,355499580917036,351857374835421,9795922823,F9795922823,Executive Office,100006
2147324423,Active,false,false,AT&T United States,ATT Corporate,Jennifer Young,Yes,jennifer.young@contoso.com,41805,41805,Emily Sanchez,emily.sanchez@contoso.com,Apple iPhone 14,Business Unlimited,Business Unlimited,true,2023-11-26,2025-11-26,,2025-11-26,50,56.75,0,353412486249813,353412486249813,352846400521784,3652992543,F3652992543,Operations,100007
9056925416,Active,false,false,Bell Canada,Bell Enterprise,Thomas Mitchell,Yes,thomas.mitchell@contoso.com,41101,41101,Kevin Miller,kevin.miller@contoso.com,Netgear Nighthawk M6,Mobile Hotspot 50GB,Mobile Hotspot 50GB,false,2023-08-30,2025-08-30,,2025-08-30,40,46,0,351048251832720,351048251832720,353622052211225,5077839614,F5077839614,Finance,100008
3128935123,Active,false,false,AT&T United States,ATT Corporate,Fatima Chen,Yes,fatima.chen@contoso.com,41709,41709,Ava Roberts,ava.roberts@contoso.com,Netgear Nighthawk M6,Mobile Hotspot 50GB,Mobile Hotspot 50GB,true,2024-02-16,2026-02-16,,2026-02-16,40,46,0,352671240069386,352671240069386,351806982659455,3779696951,F3779696951,Research & Development,100009
2018642732,Active,false,false,Verizon United States,VZW Corporate,Stephanie Taylor,Yes,stephanie.taylor@contoso.com,41502,41502,Karen Singh,karen.singh@contoso.com,Apple iPhone 15,Business Unlimited,Business Unlimited,false,2025-05-17,2027-05-17,,2027-05-17,50,56.75,0,353328357848660,353328357848660,352821750731550,7832220535,F7832220535,Information Technology,100010
3104675148,Active,false,false,AT&T United States,ATT Corporate,Michelle Hill,Yes,michelle.hill@contoso.com,41301,41301,Robert Smith,robert.smith@contoso.com,Apple iPad 10th Gen,Tablet Data 10GB,Tablet Data 10GB,false,2023-01-15,2025-01-15,,2025-01-15,20,23,0,356952279828019,356952279828019,352677692561804,4120946447,F4120946447,Marketing,100011
6465384557,Active,false,false,Verizon United States,VZW Corporate,Sofia Wilson,Yes,sofia.wilson@contoso.com,41402,41402,Wei Hall,wei.hall@contoso.com,Inseego MiFi X PRO,Mobile Hotspot 50GB,Mobile Hotspot 50GB,false,2026-07-20,2028-07-20,,2028-07-20,40,46,0,359916568361160,359916568361160,357659962335630,2009317340,F2009317340,Sales,100012
4378334990,Active,false,false,Rogers Canada,Rogers Enterprise,Emily Davis,Yes,emily.davis@contoso.com,41208,41208,Lisa Carter,lisa.carter@contoso.com,Samsung Galaxy S23,Business Unlimited,Business Unlimited,false,2023-01-30,2025-01-30,,2025-01-30,55,61.75,0,359945944907456,359945944907456,354640252499713,6758924930,F6758924930,Supply Chain,100013
3128484783,Active,false,false,AT&T United States,ATT Corporate,Joseph Roy,No,joseph.roy@contoso.com,41506,41506,Joseph Allen,joseph.allen@contoso.com,Apple iPhone 14,Business Unlimited Plus,Business Unlimited Plus,false,,,,,55,63.25,0,351803615534873,351803615534873,353890070080828,3114937010,F3114937010,Information Technology,100014
2012479647,Active,false,false,Verizon United States,VZW Corporate,Sandra Baker,Yes,sandra.baker@contoso.com,41207,41207,Elizabeth Green,elizabeth.green@contoso.com,Inseego MiFi X PRO,Mobile Hotspot 50GB,Mobile Hotspot 50GB,true,2024-04-30,2026-04-30,,2026-04-30,40,46,0,358928044716913,358928044716913,353368692492200,9434691954,F9434691954,Supply Chain,100015
4046289977,Active,false,false,AT&T United States,ATT Corporate,Kevin Nelson,Yes,kevin.nelson@contoso.com,41105,41105,Raj Harris,raj.harris@contoso.com,Apple iPhone 15,Business Unlimited,Business Unlimited,false,2026-01-31,2028-01-31,,2028-01-31,50,56.75,0,355366961146954,355366961146954,357997676810533,9433570024,F9433570024,Finance,100016
9054975657,Active,false,false,Bell Canada,Bell Enterprise,Melissa Walker,Yes,melissa.walker@contoso.com,41408,41408,Olga Lopez,olga.lopez@contoso.com,Apple iPhone 13,Business Unlimited Plus,Business Unlimited Plus,false,2026-06-19,2028-06-19,,2028-06-19,60,68.25,0,359861281231378,359861281231378,356672092198488,4050941750,F4050941750,Sales,100017
4164044374,Active,false,false,Bell Canada,Bell Enterprise,Omar Johnson,Yes,omar.johnson@contoso.com,41100,41100,Jessica Anderson,jessica.anderson@contoso.com,Apple iPhone 14,Business Unlimited,Business Unlimited,false,,,,,45,51.75,0,353573761561636,353573761561636,352094526810624,2267619081,F2267619081,Finance,100018
4805966825,Active,false,false,T-Mobile United States,TMO Corporate,Nancy Robinson,Yes,nancy.robinson@contoso.com,41708,41708,Hiroshi Perez,hiroshi.perez@contoso.com,Apple iPhone 13,Business Unlimited,Business Unlimited,false,2023-11-29,2025-11-29,,2025-11-29,45,51.75,0,351947264162231,351947264162231,354570197324912,9032096058,F9032096058,Research & Development,100019
2065860665,Active,false,false,T-Mobile United States,TMO Corporate,David Flores,Yes,david.flores@contoso.com,41801,41801,Mia Anderson,mia.anderson@contoso.com,Netgear Nighthawk M6,Mobile Hotspot 50GB,Mobile Hotspot 50GB,false,2026-03-18,2028-03-18,,2028-03-18,40,46,0,355910988046368,355910988046368,355649545187162,1558631501,F1558631501,Operations,100020
9737635866,Active,false,false,Verizon United States,VZW Corporate,Jessica Torres,Yes,jessica.torres@contoso.com,41401,41401,Jennifer Nguyen,jennifer.nguyen@contoso.com,Inseego MiFi X PRO,Mobile Hotspot 50GB,Mobile Hotspot 50GB,false,2025-12-01,2027-12-01,,2027-12-01,45,51,0,356590791921259,356590791921259,354867727121034,5110230967,F5110230967,Sales,100021
2017740144,Active,false,false,Verizon United States,VZW Corporate,James Clark,Yes,james.clark@contoso.com,41409,41409,Olga Lopez,olga.lopez@contoso.com,Apple iPhone 15,Business Unlimited Plus,Business Unlimited Plus,true,2025-06-21,2027-06-21,,2027-06-21,65,73.25,0,358839801405202,358839801405202,356647390908366,5781905054,F5781905054,Sales,100022
3052071072,Active,false,false,AT&T United States,ATT Corporate,Priya Nguyen,Yes,priya.nguyen@contoso.com,41503,41503,Karen Singh,karen.singh@contoso.com,Apple iPhone 15,Flexible Business Pool,Flexible Business Pool,false,2025-11-14,2027-11-14,,2027-11-14,35,40.25,0,358463301985986,358463301985986,352828950254983,9899689747,F9899689747,Information Technology,100023
2018456626,Active,false,false,Verizon United States,VZW Corporate,Chloe Wright,Yes,chloe.wright@contoso.com,41805,41805,Sarah Chen,sarah.chen@contoso.com,Google Pixel 8,Flexible Business Pool,Flexible Business Pool,false,2025-11-22,2027-11-22,,2027-11-22,35,40.25,0,356563842476684,356563842476684,357850545383289,3891796055,F3891796055,Operations,100024
4045906473,Active,false,false,AT&T United States,ATT Corporate,Omar Singh,Yes,omar.singh@contoso.com,41301,41301,Carlos Adams,carlos.adams@contoso.com,Apple iPhone 16,Flexible Business Pool,Flexible Business Pool,false,2025-03-13,2027-03-13,,2027-03-13,40,45.25,0,359336663888794,359336663888794,353397536067276,8502250932,F8502250932,Marketing,100025
3102059383,Active,false,false,AT&T United States,ATT Corporate,Hiroshi Nelson,Yes,hiroshi.nelson@contoso.com,41509,41509,Michelle Roy,michelle.roy@contoso.com,Inseego MiFi X PRO,Mobile Hotspot 50GB,Mobile Hotspot 50GB,false,2024-05-17,2026-05-17,,2026-05-17,40,46,0,357934639828976,357934639828976,352498715864531,2308638549,F2308638549,Information Technology,100026
9736729005,Active,false,false,Verizon United States,VZW Corporate,Karen Singh,Yes,karen.singh@contoso.com,41509,41509,Joseph Allen,joseph.allen@contoso.com,Apple iPhone 15,Business Unlimited Plus,Business Unlimited Plus,true,2022-10-20,2024-10-20,,2024-10-20,55,63.25,0,356111325235792,356111325235792,352184000872598,2076695131,F2076695131,Information Technology,100027
9733569266,Active,false,false,Verizon United States,VZW Corporate,Priya Patel,Yes,priya.patel@contoso.com,41501,41501,Anthony Harris,anthony.harris@contoso.com,Apple iPhone SE,Business Unlimited,Business Unlimited,true,2026-07-26,2028-07-26,,2028-07-26,55,61.75,0,357410525858937,357410525858937,356565451692393,9412376000,F9412376000,Information Technology,100028
9176989038,Active,false,false,Verizon United States,VZW Corporate,Chloe White,Yes,chloe.white@contoso.com,41608,41608,William Wright,william.wright@contoso.com,Apple iPhone 15,Flexible Business Pool,Flexible Business Pool,false,2026-01-17,2028-01-17,,2028-01-17,35,40.25,0,354088548918441,354088548918441,353464565809175,6138636031,F6138636031,Human Resources,100029
4808692435,Active,false,false,T-Mobile United States,TMO Corporate,Chloe Patel,Yes,chloe.patel@contoso.com,41407,41407,Sandra Hernandez,sandra.hernandez@contoso.com,Apple iPhone 13,Flexible Business Pool,Flexible Business Pool,false,2025-07-10,2027-07-10,,2027-07-10,35,40.25,0,357903583623738,357903583623738,353354891910082,3192202822,F3192202822,Sales,100030
7022413585,Active,false,false,T-Mobile United States,TMO Corporate,Mark Kim,No,mark.kim@contoso.com,41406,41406,David Allen,david.allen@contoso.com,Apple iPhone 15,Business Unlimited,Business Unlimited,true,2025-09-17,2027-09-17,,2027-09-17,55,61.75,0,359580320189067,359580320189067,352104801953355,6430372469,F6430372469,Sales,100031
9057579341,Cancelled,false,false,Bell Canada,Bell Enterprise,Susan Lewis,Yes,susan.lewis@contoso.com,41701,41701,Joseph Gonzalez,joseph.gonzalez@contoso.com,Apple iPhone 16,Flexible Business Pool,Flexible Business Pool,false,2024-11-11,2026-11-11,,2026-11-11,40,45.25,0,357623586249712,357623586249712,357660006822905,4588312351,F4588312351,Research & Development,100032
5032788430,Active,false,false,T-Mobile United States,TMO Corporate,Ahmed Young,Yes,ahmed.young@contoso.com,41306,41306,Carlos Adams,carlos.adams@contoso.com,Apple iPhone 15,Business Unlimited Plus,Business Unlimited Plus,false,2024-06-24,2026-06-24,,2026-06-24,60,68.25,0,355941976103103,355941976103103,353642313346080,1802753761,F1802753761,Marketing,100033
5032442095,Active,false,false,T-Mobile United States,TMO Corporate,Mateo Baker,Yes,mateo.baker@contoso.com,41703,41703,David Thomas,david.thomas@contoso.com,Apple iPhone 14,Business Unlimited Plus,Business Unlimited Plus,true,2023-03-12,2025-03-12,,2025-03-12,55,63.25,0,353367219024486,353367219024486,353583733222818,1240140248,F1240140248,Research & Development,100034
4164246730,Active,false,false,Bell Canada,Bell Enterprise,Jennifer Roberts,Yes,jennifer.roberts@contoso.com,41503,41503,Anthony Harris,anthony.harris@contoso.com,Samsung Galaxy S23,Business Unlimited Plus,Business Unlimited Plus,false,2025-12-15,2027-12-15,,2027-12-15,55,63.25,0,353510841483517,353510841483517,359987904753032,2136107759,F2136107759,Information Technology,100035
9732982906,Suspended,false,false,Verizon United States,VZW Corporate,Kevin Carter,Yes,kevin.carter@contoso.com,41409,41409,Wei Hall,wei.hall@contoso.com,Apple iPhone 16,Business Unlimited,Business Unlimited,false,2024-08-30,2026-08-30,2026-05-02,2026-08-30,45,51.75,0,352636887268911,352636887268911,351020734048168,8083396378,F8083396378,Sales,100036
6043374170,Active,false,false,Rogers Canada,Rogers Enterprise,Ashley Jones,Yes,ashley.jones@contoso.com,41504,41504,Anthony Harris,anthony.harris@contoso.com,Apple iPhone 14,Business Unlimited Plus,Business Unlimited Plus,false,2024-03-20,2026-03-20,,2026-03-20,55,63.25,0,352476863388152,352476863388152,355532945621509,1811839103,F1811839103,Information Technology,100037
9177486939,Active,false,false,Verizon United States,VZW Corporate,Susan Carter,Yes,susan.carter@contoso.com,41800,41800,Emily Sanchez,emily.sanchez@contoso.com,Apple iPhone 15,Business Unlimited Plus,Business Unlimited Plus,false,2023-12-02,2025-12-02,,2025-12-02,65,73.25,0,357431991282325,357431991282325,355847351117389,6169824924,F6169824924,Operations,100038
2129653764,Active,false,false,Verizon United States,VZW Corporate,Jessica Anderson,Yes,jessica.anderson@contoso.com,41100,41100,Wei Flores,wei.flores@contoso.com,Apple iPhone 15,Business Unlimited Plus,Business Unlimited Plus,true,2026-03-24,2028-03-24,,2028-03-24,55,63.25,0,352761631496127,352761631496127,359943043000965,4035639663,F4035639663,Finance,100039
4046108536,Active,false,false,AT&T United States,ATT Corporate,Andrew Davis,Yes,andrew.davis@contoso.com,41409,41409,Jennifer Nguyen,jennifer.nguyen@contoso.com,Apple iPhone 13,Business Unlimited,Business Unlimited,true,2026-07-23,2028-07-23,,2028-07-23,45,51.75,0,358724474494226,358724474494226,354547688987326,7520418699,F7520418699,Sales,100040
2018003281,Active,false,false,Verizon United States,VZW Corporate,Richard Kim,Yes,richard.kim@contoso.com,41408,41408,David Allen,david.allen@contoso.com,Apple iPhone SE,Business Unlimited,Business Unlimited,false,2024-09-17,2026-09-17,,2026-09-17,50,56.75,0,351268511660324,351268511660324,357113233519908,2187592160,F2187592160,Sales,100041
9177509419,Active,false,false,Verizon United States,VZW Corporate,Robert Carter,Yes,robert.carter@contoso.com,41608,41608,Liam Williams,liam.williams@contoso.com,Apple iPhone 14,Flexible Business Pool,Flexible Business Pool,false,2025-05-17,2027-05-17,,2027-05-17,35,40.25,0,359073574720690,359073574720690,359107530714388,4702361794,F4702361794,Human Resources,100042
3124544706,Active,false,false,AT&T United States,ATT Corporate,Stephanie Brown,Yes,stephanie.brown@contoso.com,41800,41800,Mia Anderson,mia.anderson@contoso.com,Apple iPhone 15,Business Unlimited Plus,Business Unlimited Plus,false,,,,,60,68.25,0,358018376034143,358018376034143,357016480703346,9916475897,F9916475897,Operations,100043
6464343322,Active,false,false,Verizon United States,VZW Corporate,Melissa Ramirez,Yes,melissa.ramirez@contoso.com,41806,41806,Mia Anderson,mia.anderson@contoso.com,Samsung Galaxy S23,Business Unlimited,Business Unlimited,true,2023-12-26,2025-12-26,,2025-12-26,45,51.75,0,355393042618588,355393042618588,353741718260778,4345515321,F4345515321,Operations,100044
7027022996,Active,false,false,T-Mobile United States,TMO Corporate,Betty Robinson,Yes,betty.robinson@contoso.com,41403,41403,Olga Lopez,olga.lopez@contoso.com,Apple iPhone 13,Business Unlimited,Business Unlimited,true,2026-08-26,2028-08-26,,2028-08-26,55,61.75,0,359993300769917,359993300769917,357997705461175,3476758136,F3476758136,Sales,100045
4168903452,Active,false,false,Bell Canada,Bell Enterprise,Robert Ramirez,Yes,robert.ramirez@contoso.com,41301,41301,Joshua Carter,joshua.carter@contoso.com,Google Pixel 8,Business Unlimited Plus,Business Unlimited Plus,true,2025-12-20,2027-12-20,,2027-12-20,65,73.25,0,356721329146907,356721329146907,355569251818956,2128928014,F2128928014,Marketing,100046
9739023744,Active,false,false,Verizon United States,VZW Corporate,Jennifer Nguyen,Yes,jennifer.nguyen@contoso.com,41400,41400,Olga Lopez,olga.lopez@contoso.com,Samsung Galaxy S24,Business Unlimited Plus,Business Unlimited Plus,false,2023-04-10,2025-04-10,,2025-04-10,65,73.25,0,352760138546364,352760138546364,355749034740911,4453529865,F4453529865,Sales,100047
7026984915,Active,false,false,T-Mobile United States,TMO Corporate,Yuki Gagnon,Yes,yuki.gagnon@contoso.com,41405,41405,David Allen,david.allen@contoso.com,Apple iPhone 15,Business Unlimited Plus,Business Unlimited Plus,false,2025-12-08,2027-12-08,,2027-12-08,60,68.25,0,358005296569678,358005296569678,352052968535571,6387133174,F6387133174,Sales,100048
4157909435,Active,false,false,AT&T United States,ATT Corporate,Mia Clark,Yes,mia.clark@contoso.com,41308,41308,Robert Smith,robert.smith@contoso.com,Inseego MiFi X PRO,Mobile Hotspot 50GB,Mobile Hotspot 50GB,false,2025-12-18,2027-12-18,,2027-12-18,50,56,0,354068919224047,354068919224047,357246104833574,7487309853,F7487309853,Marketing,100049
3102812654,Active,false,false,AT&T United States,ATT Corporate,Ana Thompson,Yes,ana.thompson@contoso.com,41201,41201,Nancy Moore,nancy.moore@contoso.com,Apple iPhone 15,Business Unlimited,Business Unlimited,false,2024-10-06,2026-10-06,,2026-10-06,50,56.75,0,355012975314719,355012975314719,356571918978115,8099637213,F8099637213,Supply Chain,100050
7029611311,Active,false,false,T-Mobile United States,TMO Corporate,Wei Walker,Yes,wei.walker@contoso.com,41808,41808,Melissa Ramirez,melissa.ramirez@contoso.com,Apple iPhone 13,Business Unlimited Plus,Business Unlimited Plus,false,2023-10-24,2025-10-24,,2025-10-24,55,63.25,0,353934367060836,353934367060836,352809886529435,1410400118,F1410400118,Operations,100051
9176532071,Active,false,false,Verizon United States,VZW Corporate,Joshua Anderson,Yes,joshua.anderson@contoso.com,41504,41504,Michelle Roy,michelle.roy@contoso.com,Apple iPhone SE,Business Unlimited,Business Unlimited,false,2025-12-18,2027-12-18,,2027-12-18,50,56.75,0,354001488579048,354001488579048,351614303036118,8144889126,F8144889126,Information Technology,100052
3056458576,Active,false,false,AT&T United States,ATT Corporate,Mia Nelson,Yes,mia.nelson@contoso.com,41909,41909,Sarah Gonzalez,sarah.gonzalez@contoso.com,Apple iPhone 16,Flexible Business Pool,Flexible Business Pool,true,2026-08-21,2028-08-21,,2028-08-21,35,40.25,0,356448311116724,356448311116724,357111347290143,5679598896,F5679598896,Legal,100053
9178113788,Cancelled,false,false,Verizon United States,VZW Corporate,Kevin Thomas,Yes,kevin.thomas@contoso.com,41400,41400,David Allen,david.allen@contoso.com,Apple iPhone 14,Business Unlimited,Business Unlimited,false,2025-03-16,2027-03-16,,2027-03-16,55,61.75,0,351127976141470,351127976141470,357573654516343,6104873480,F6104873480,Sales,100054
9059014454,Active,false,false,Bell Canada,Bell Enterprise,Elizabeth Green,Yes,elizabeth.green@contoso.com,41206,41206,Lisa Carter,lisa.carter@contoso.com,Apple iPhone 15,Business Unlimited,Business Unlimited,true,2025-12-07,2027-12-07,,2027-12-07,50,56.75,0,355732232799591,355732232799591,354308898226580,4665677395,F4665677395,Supply Chain,100055
3124752048,Cancelled,false,false,AT&T United States,ATT Corporate,Kevin Flores,Yes,kevin.flores@contoso.com,41505,41505,Anthony Harris,anthony.harris@contoso.com,Apple iPhone 14,Business Unlimited Plus,Business Unlimited Plus,true,2023-01-26,2025-01-26,,2025-01-26,65,73.25,0,358712538039501,358712538039501,351144856821882,1999913493,F1999913493,Information Technology,100056
6042738899,Active,false,false,Rogers Canada,Rogers Enterprise,Priya Lopez,Yes,priya.lopez@contoso.com,41206,41206,Elizabeth Green,elizabeth.green@contoso.com,Apple iPhone 14,Business Unlimited,Business Unlimited,false,2025-04-09,2027-04-09,,2027-04-09,55,61.75,0,354193179965959,354193179965959,355401660894821,8805032417,F8805032417,Supply Chain,100057
2015985113,Active,false,false,Verizon United States,VZW Corporate,Olga Cohen,Yes,olga.cohen@contoso.com,41408,41408,Jennifer Nguyen,jennifer.nguyen@contoso.com,Kyocera DuraXV Extreme,Voice & Text Basic,Voice & Text Basic,false,2024-09-28,2026-09-28,,2026-09-28,25,28.75,0,356686262746483,356686262746483,351741862129368,5819561096,F5819561096,Sales,100058
5142090688,Active,false,false,Rogers Canada,Rogers Enterprise,Thomas Kim,Yes,thomas.kim@contoso.com,41306,41306,Robert Smith,robert.smith@contoso.com,Apple iPhone 15,Business Unlimited Plus,Business Unlimited Plus,true,2024-09-18,2026-09-18,,2026-09-18,55,63.25,0,359360973112747,359360973112747,357533310942545,4310547909,F4310547909,Marketing,100059
6319745690,Active,false,false,Verizon United States,VZW Corporate,Noah Wright,Yes,noah.wright@contoso.com,41400,41400,Olga Lopez,olga.lopez@contoso.com,Apple iPhone SE,Flexible Business Pool,Flexible Business Pool,false,2025-08-17,2027-08-17,,2027-08-17,35,40.25,0,351374490934420,351374490934420,357647274713032,5873637580,F5873637580,Sales,100060
4152708702,Suspended,false,false,AT&T United States,ATT Corporate,Robert Smith,Yes,robert.smith@contoso.com,41302,41302,Carlos Adams,carlos.adams@contoso.com,Apple iPhone 13,Business Unlimited Plus,Business Unlimited Plus,false,2025-08-09,2027-08-09,2026-02-04,2027-08-09,65,73.25,0,358903405654009,358903405654009,358985920940322,9670335754,F9670335754,Marketing,100061
2127351092,Active,false,false,Verizon United States,VZW Corporate,Sandra Moore,Yes,sandra.moore@contoso.com,41500,41500,Joseph Allen,joseph.allen@contoso.com,Samsung Galaxy S24,Flexible Business Pool,Flexible Business Pool,true,2023-02-12,2025-02-12,,2025-02-12,45,50.25,0,353284655452528,353284655452528,354552072273539,5754765755,F5754765755,Information Technology,100062
2147031310,Active,false,false,AT&T United States,ATT Corporate,Priya Scott,Yes,priya.scott@contoso.com,41304,41304,Carlos Adams,carlos.adams@contoso.com,Samsung Galaxy S24,Business Unlimited Plus,Business Unlimited Plus,false,2023-09-01,2025-09-01,,2025-09-01,55,63.25,0,352067896015808,352067896015808,358318153675432,8825544304,F8825544304,Marketing,100063
4163978621,Active,false,false,Bell Canada,Bell Enterprise,Charles Allen,Yes,charles.allen@contoso.com,41509,41509,Michelle Roy,michelle.roy@contoso.com,Apple iPhone 16,Business Unlimited,Business Unlimited,false,2025-05-08,2027-05-08,,2027-05-08,55,61.75,0,355375097970492,355375097970492,354147985556548,7692167252,F7692167252,Information Technology,100064
6475605163,Active,false,false,Bell Canada,Bell Enterprise,Jessica Martin,Yes,jessica.martin@contoso.com,41907,41907,Yuki Wright,yuki.wright@contoso.com,Apple iPhone 15,Business Unlimited,Business Unlimited,false,2026-03-11,2028-03-11,,2028-03-11,55,61.75,0,356712292975882,356712292975882,357540568844884,8014715913,F8014715913,Legal,100065
7028100267,Active,false,false,T-Mobile United States,TMO Corporate,Jessica Ramirez,Yes,jessica.ramirez@contoso.com,41408,41408,Wei Hall,wei.hall@contoso.com,Inseego MiFi X PRO,Mobile Hotspot 50GB,Mobile Hotspot 50GB,false,2022-11-16,2024-11-16,,2024-11-16,45,51,0,353377340029960,353377340029960,351112965549733,1952996130,F1952996130,Sales,100066
4164716014,Active,false,false,Bell Canada,Bell Enterprise,Michael Scott,Yes,michael.scott@contoso.com,41504,41504,Michelle Roy,michelle.roy@contoso.com,Apple iPhone 14,Flexible Business Pool,Flexible Business Pool,false,2024-11-13,2026-11-13,,2026-11-13,45,50.25,0,355098471927617,355098471927617,352616197492427,7745191003,F7745191003,Information Technology,100067
2129980916,Active,false,false,Verizon United States,VZW Corporate,Michael Nguyen,Yes,michael.nguyen@contoso.com,41104,41104,Ethan Campbell,ethan.campbell@contoso.com,Apple iPad Air,Tablet Data 10GB,Tablet Data 10GB,false,2024-08-20,2026-08-20,,2026-08-20,30,33,0,357121764589396,357121764589396,358329079530169,4308800114,F4308800114,Finance,100068
2128896436,Active,false,false,Verizon United States,VZW Corporate,Yuki Wright,Yes,yuki.wright@contoso.com,41902,41902,Hiroshi King,hiroshi.king@contoso.com,Apple iPhone 13,Business Unlimited Plus,Business Unlimited Plus,false,2023-05-10,2025-05-10,,2025-05-10,65,73.25,0,358842485901306,358842485901306,359880168101610,1386903346,F1386903346,Legal,100069
4156929163,Active,false,false,AT&T United States,ATT Corporate,Richard Thomas,Yes,richard.thomas@contoso.com,41304,41304,Carlos Adams,carlos.adams@contoso.com,Apple iPhone 16,Business Unlimited Plus,Business Unlimited Plus,true,2023-04-07,2025-04-07,,2025-04-07,55,63.25,0,359582195527040,359582195527040,354451312585300,3251627092,F3251627092,Marketing,100070
6465587245,Active,false,false,Verizon United States,VZW Corporate,Hiroshi Carter,Yes,hiroshi.carter@contoso.com,41206,41206,Emily Martinez,emily.martinez@contoso.com,Apple iPhone 14,Business Unlimited Plus,Business Unlimited Plus,false,2024-03-16,2026-03-16,,2026-03-16,55,63.25,0,353566772022691,353566772022691,351787870791168,2002830207,F2002830207,Supply Chain,100071
9176607719,Active,false,false,Verizon United States,VZW Corporate,Andrew Martinez,Yes,andrew.martinez@contoso.com,41907,41907,Yuki Wright,yuki.wright@contoso.com,Apple iPhone SE,Business Unlimited,Business Unlimited,false,2026-05-17,2028-05-17,,2028-05-17,50,56.75,0,356836958257669,356836958257669,354726047361480,5373945362,F5373945362,Legal,100072
6318755901,Cancelled,true,false,Verizon United States,VZW Corporate,Robert Anderson,Yes,robert.anderson@contoso.com,41304,41304,Priya Singh,priya.singh@contoso.com,Samsung Galaxy S24,Business Unlimited Plus,Business Unlimited Plus,true,2024-10-08,2026-10-08,,2026-10-08,60,68.25,0,352897792641639,352897792641639,356145452761394,8084166930,F8084166930,Marketing,100073
3104538673,Cancelled,false,false,AT&T United States,ATT Corporate,Anthony Roy,No,anthony.roy@contoso.com,41406,41406,Olga Lopez,olga.lopez@contoso.com,Apple iPhone 13,Business Unlimited,Business Unlimited,true,2022-12-09,2024-12-09,,2024-12-09,50,56.75,0,356868234980065,356868234980065,357921296559402,4197133819,F4197133819,Sales,100074
4808722248,Cancelled,false,false,T-Mobile United States,TMO Corporate,Melissa Martinez,Yes,melissa.martinez@contoso.com,41204,41204,Nancy Moore,nancy.moore@contoso.com,Apple iPhone SE,Business Unlimited Plus,Business Unlimited Plus,false,2026-07-10,2028-07-10,,2028-07-10,55,63.25,0,358341075904580,358341075904580,358499668951455,9463392724,F9463392724,Supply Chain,100075
4049882378,Active,false,false,AT&T United States,ATT Corporate,Emily Jackson,Yes,emily.jackson@contoso.com,41205,41205,Mia Thomas,mia.thomas@contoso.com,Samsung Galaxy S24,Business Unlimited,Business Unlimited,false,2025-03-30,2027-03-30,,2027-03-30,55,61.75,0,356584136295434,356584136295434,353081854144734,6085822029,F6085822029,Supply Chain,100076
5143092155,Active,false,false,Rogers Canada,Rogers Enterprise,Lisa Lewis,Yes,lisa.lewis@contoso.com,41709,41709,Hiroshi Perez,hiroshi.perez@contoso.com,Apple iPhone 15,Flexible Business Pool,Flexible Business Pool,false,2026-07-13,2028-07-13,,2028-07-13,45,50.25,0,351460354980840,351460354980840,355059741311122,3952265565,F3952265565,Research & Development,100077
3104766767,Active,false,false,AT&T United States,ATT Corporate,Thomas Gonzalez,Yes,thomas.gonzalez@contoso.com,41202,41202,Emily Martinez,emily.martinez@contoso.com,Apple iPhone 14,Business Unlimited Plus,Business Unlimited Plus,false,2024-10-14,2026-10-14,,2026-10-14,65,73.25,0,352160519757487,352160519757487,359618354645543,8249315123,F8249315123,Supply Chain,100078
2066627485,Active,false,false,T-Mobile United States,TMO Corporate,Olga Taylor,Yes,olga.taylor@contoso.com,41301,41301,Robert Smith,robert.smith@contoso.com,Apple iPhone 14,Flexible Business Pool,Flexible Business Pool,false,2023-02-18,2025-02-18,,2025-02-18,45,50.25,0,355325014184440,355325014184440,351690352298831,7690274631,F7690274631,Marketing,100079
9053457595,Active,false,false,Bell Canada,Bell Enterprise,Anthony Lee,Yes,anthony.lee@contoso.com,41205,41205,Nancy Moore,nancy.moore@contoso.com,Google Pixel 8,Business Unlimited Plus,Business Unlimited Plus,false,2026-06-20,2028-06-20,,2028-06-20,65,73.25,0,352591077928059,352591077928059,359807786701148,1486068287,F1486068287,Supply Chain,100080
6319502024,Active,false,false,Verizon United States,VZW Corporate,Kevin Gonzalez,Yes,kevin.gonzalez@contoso.com,41408,41408,Wei Hall,wei.hall@contoso.com,Apple iPhone 14,Flexible Business Pool,Flexible Business Pool,true,2026-07-12,2028-07-12,,2028-07-12,35,40.25,0,353006141390627,353006141390627,358905773045267,8018287603,F8018287603,Sales,100081
6469870840,Suspended,false,false,Verizon United States,VZW Corporate,Joseph Allen,Yes,joseph.allen@contoso.com,41508,41508,Karen Singh,karen.singh@contoso.com,Apple iPhone 14,Business Unlimited,Business Unlimited,true,2025-10-15,2027-10-15,2025-10-17,2027-10-15,50,56.75,0,356417755849902,356417755849902,356078568008397,3690594504,F3690594504,Information Technology,100082
9738757794,Active,false,false,Verizon United States,VZW Corporate,Sofia King,Yes,sofia.king@contoso.com,41308,41308,John Allen,john.allen@contoso.com,Apple iPhone 14,Business Unlimited Plus,Business Unlimited Plus,false,2023-09-18,2025-09-18,,2025-09-18,55,63.25,0,358213198881937,358213198881937,352397762211439,1028230917,F1028230917,Marketing,100083
9175391436,Active,false,false,Verizon United States,VZW Corporate,Noah Jones,Yes,noah.jones@contoso.com,41908,41908,Hiroshi King,hiroshi.king@contoso.com,Apple iPhone 15,Flexible Business Pool,Flexible Business Pool,false,2025-11-17,2027-11-17,,2027-11-17,35,40.25,0,352915766002130,352915766002130,353835443986394,8181574001,F8181574001,Legal,100084
5149767001,Active,false,false,Rogers Canada,Rogers Enterprise,Yuki Lee,Yes,yuki.lee@contoso.com,41500,41500,John Williams,john.williams@contoso.com,Samsung Galaxy S23,Business Unlimited Plus,Business Unlimited Plus,true,2025-04-28,2027-04-28,,2027-04-28,55,63.25,0,356149944642368,356149944642368,353368549123053,8986096303,F8986096303,Information Technology,100085
9176379975,Active,false,false,Verizon United States,VZW Corporate,Stephanie Sanchez,Yes,stephanie.sanchez@contoso.com,41405,41405,Liam Lee,liam.lee@contoso.com,Samsung Galaxy S23,Flexible Business Pool,Flexible Business Pool,false,2026-06-17,2028-06-17,,2028-06-17,35,40.25,0,356569918880170,356569918880170,357226084425125,4981887252,F4981887252,Sales,100086
3056246783,Active,false,false,AT&T United States,ATT Corporate,Sofia Patel,Yes,sofia.patel@contoso.com,41202,41202,Emily Martinez,emily.martinez@contoso.com,Netgear Nighthawk M6,Mobile Hotspot 50GB,Mobile Hotspot 50GB,false,2023-11-18,2025-11-18,,2025-11-18,45,51,0,356871415681104,356871415681104,351198480480099,3751434706,F3751434706,Supply Chain,100087
5035385536,Active,false,false,T-Mobile United States,TMO Corporate,Stephanie Tremblay,Yes,stephanie.tremblay@contoso.com,41707,41707,Zoe Singh,zoe.singh@contoso.com,Apple iPhone 16,Business Unlimited Plus,Business Unlimited Plus,false,2024-06-05,2026-06-05,,2026-06-05,60,68.25,0,359470258566261,359470258566261,356896543114157,8791786307,F8791786307,Research & Development,100088
3122315556,Suspended,false,false,AT&T United States,ATT Corporate,Carlos Harris,Yes,carlos.harris@contoso.com,41705,41705,Stephanie Tremblay,stephanie.tremblay@contoso.com,Apple iPhone 16,Flexible Business Pool,Flexible Business Pool,false,2024-06-28,2026-06-28,2026-08-24,2026-06-28,40,45.25,0,357601294377095,357601294377095,353919900899249,2673174406,F2673174406,Research & Development,100089
4157374953,Active,false,false,AT&T United States,ATT Corporate,Lisa Jones,Yes,lisa.jones@contoso.com,41405,41405,Jennifer Nguyen,jennifer.nguyen@contoso.com,Apple iPhone 15,Business Unlimited,Business Unlimited,false,2024-03-11,2026-03-11,,2026-03-11,50,56.75,0,352972141662895,352972141662895,358804353308507,3173230664,F3173230664,Sales,100090
2066706350,Active,false,false,T-Mobile United States,TMO Corporate,Karen Thomas,Yes,karen.thomas@contoso.com,41302,41302,John Allen,john.allen@contoso.com,Apple iPhone 15,Business Unlimited,Business Unlimited,false,2026-06-17,2028-06-17,,2028-06-17,45,51.75,0,353038057952468,353038057952468,356467511019583,5004358412,F5004358412,Marketing,100091
9174053154,Active,false,false,Verizon United States,VZW Corporate,Susan Baker,Yes,susan.baker@contoso.com,41301,41301,Joshua Carter,joshua.carter@contoso.com,Samsung Galaxy S23,Flexible Business Pool,Flexible Business Pool,false,2024-03-17,2026-03-17,,2026-03-17,35,40.25,0,355867428743880,355867428743880,356615808363064,8614062614,F8614062614,Marketing,100092
2125185549,Active,false,false,Verizon United States,VZW Corporate,Leila Moore,Yes,leila.moore@contoso.com,41704,41704,Ava Roberts,ava.roberts@contoso.com,Apple iPhone 15,Business Unlimited Plus,Business Unlimited Plus,false,2024-05-07,2026-05-07,,2026-05-07,65,73.25,0,358806277337802,358806277337802,353285140468768,5419489933,F5419489933,Research & Development,100093
9174028740,Active,false,false,Verizon United States,VZW Corporate,David Williams,Yes,david.williams@contoso.com,41307,41307,Anthony Miller,anthony.miller@contoso.com,Apple iPhone 13,Flexible Business Pool,Flexible Business Pool,true,2025-02-05,2027-02-05,,2027-02-05,45,50.25,0,359193785827963,359193785827963,353317426009024,8295428906,F8295428906,Marketing,100094
9175327426,Active,false,false,Verizon United States,VZW Corporate,Michelle King,Yes,michelle.king@contoso.com,41505,41505,Karen Singh,karen.singh@contoso.com,Apple iPhone 15,Flexible Business Pool,Flexible Business Pool,false,2026-03-24,2028-03-24,,2028-03-24,35,40.25,0,351530374802880,351530374802880,359358287099405,5779813535,F5779813535,Information Technology,100095
3056726566,Active,false,false,AT&T United States,ATT Corporate,Jennifer Thomas,Yes,jennifer.thomas@contoso.com,41206,41206,Elizabeth Green,elizabeth.green@contoso.com,Apple iPhone 14,Flexible Business Pool,Flexible Business Pool,true,2024-03-10,2026-03-10,,2026-03-10,40,45.25,0,358273915964759,358273915964759,357753760372684,5578692558,F5578692558,Supply Chain,100096
3058107584,Cancelled,false,false,AT&T United States,ATT Corporate,Thomas Lopez,Yes,thomas.lopez@contoso.com,41404,41404,Jennifer Nguyen,jennifer.nguyen@contoso.com,Apple iPhone 15,Flexible Business Pool,Flexible Business Pool,false,2024-02-17,2026-02-17,,2026-02-17,35,40.25,0,354098583609570,354098583609570,352225808550043,3569503643,F3569503643,Sales,100097
9737917326,Active,false,false,Verizon United States,VZW Corporate,Stephanie Jackson,Yes,stephanie.jackson@contoso.com,41707,41707,David Thomas,david.thomas@contoso.com,Apple iPad Air,Tablet Data 10GB,Tablet Data 10GB,true,2025-06-14,2027-06-14,,2027-06-14,25,28,0,354617202844965,354617202844965,356271284649032,9973421080,F9973421080,Research & Development,100098
2124407073,Active,false,false,Verizon United States,VZW Corporate,Joseph Brown,Yes,joseph.brown@contoso.com,41205,41205,Mia Thomas,mia.thomas@contoso.com,Samsung Galaxy Tab S9,Tablet Data 10GB,Tablet Data 10GB,false,2024-07-25,2026-07-25,,2026-07-25,30,33,0,358144174682122,358144174682122,358655270530849,3341267390,F3341267390,Supply Chain,100099
6316472224,Active,false,false,Verizon United States,VZW Corporate,Priya Singh,Yes,priya.singh@contoso.com,41305,41305,Joshua Carter,joshua.carter@contoso.com,Kyocera DuraXV Extreme,Voice & Text Basic,Voice & Text Basic,false,2025-03-23,2027-03-23,,2027-03-23,25,28.75,0,353414135247076,353414135247076,358993706361709,7482887706,F7482887706,Marketing,100100
3102389308,Active,false,false,AT&T United States,ATT Corporate,Wei Johnson,Yes,wei.johnson@contoso.com,41107,41107,Joshua Singh,joshua.singh@contoso.com,Apple iPad Air,Tablet Data 10GB,Tablet Data 10GB,false,2024-07-21,2026-07-21,,2026-07-21,25,28,0,352990152891096,352990152891096,359472167743156,1343868435,F1343868435,Finance,100101
3109008834,Active,false,false,AT&T United States,ATT Corporate,Robert Rodriguez,Yes,robert.rodriguez@contoso.com,41409,41409,Wei Hall,wei.hall@contoso.com,Apple iPhone 16,Flexible Business Pool,Flexible Business Pool,false,2026-06-27,2028-06-27,,2028-06-27,40,45.25,0,351192322309616,351192322309616,358986357979463,8446676790,F8446676790,Sales,100102
7029550447,Active,false,false,T-Mobile United States,TMO Corporate,Yuki Campbell,Yes,yuki.campbell@contoso.com,41206,41206,Emily Martinez,emily.martinez@contoso.com,Apple iPhone 13,Business Unlimited,Business Unlimited,false,,,,,50,56.75,0,359526741946426,359526741946426,353229442405113,3171518770,F3171518770,Supply Chain,100103
6464673869,Active,false,false,Verizon United States,VZW Corporate,Carlos Miller,Yes,carlos.miller@contoso.com,41802,41802,Melissa Ramirez,melissa.ramirez@contoso.com,Apple iPhone 16,Business Unlimited,Business Unlimited,false,2026-08-20,2028-08-20,,2028-08-20,45,51.75,0,354180358508220,354180358508220,351583522908756,9562384841,F9562384841,Operations,100104
4046087802,Active,false,false,AT&T United States,ATT Corporate,Amanda Campbell,Yes,amanda.campbell@contoso.com,41506,41506,Anthony Harris,anthony.harris@contoso.com,Apple iPad Air,Tablet Data 10GB,Tablet Data 10GB,false,,,,,30,33,0,359376480589172,359376480589172,355112570861835,8325529753,F8325529753,Information Technology,100105
2018254466,Active,false,false,Verizon United States,VZW Corporate,Ava Carter,Yes,ava.carter@contoso.com,41409,41409,Olga Lopez,olga.lopez@contoso.com,Apple iPhone 15,Flexible Business Pool,Flexible Business Pool,false,2024-06-24,2026-06-24,,2026-06-24,40,45.25,0,355755967470734,355755967470734,355488662919909,6974959934,F6974959934,Sales,100106
4043008605,Active,false,false,AT&T United States,ATT Corporate,Liam Hall,Yes,liam.hall@contoso.com,41400,41400,Olga Lopez,olga.lopez@contoso.com,Kyocera DuraXV Extreme,Voice & Text Basic,Voice & Text Basic,true,,,,,25,28.75,0,357182373246121,357182373246121,355429328033612,1829270292,F1829270292,Sales,100107
4377793027,Active,false,false,Rogers Canada,Rogers Enterprise,Ethan Hall,Yes,ethan.hall@contoso.com,41807,41807,Sarah Chen,sarah.chen@contoso.com,Apple iPhone SE,Flexible Business Pool,Flexible Business Pool,false,2026-01-30,2028-01-30,,2028-01-30,40,45.25,0,352953763450107,352953763450107,354241393150810,6383036029,F6383036029,Operations,100108
2065916366,Active,false,false,T-Mobile United States,TMO Corporate,Ethan Tremblay,Yes,ethan.tremblay@contoso.com,41400,41400,David Allen,david.allen@contoso.com,Samsung Galaxy S24,Flexible Business Pool,Flexible Business Pool,false,2024-01-19,2026-01-19,,2026-01-19,35,40.25,0,355540038381811,355540038381811,354127872918380,2892254518,F2892254518,Sales,100109
3102729360,Active,false,false,AT&T United States,ATT Corporate,Andrew Anderson,Yes,andrew.anderson@contoso.com,41203,41203,Joseph Nguyen,joseph.nguyen@contoso.com,Apple iPhone 14,Flexible Business Pool,Flexible Business Pool,false,2024-01-26,2026-01-26,,2026-01-26,35,40.25,1,355409761228335,355409761228335,358845948490703,3137611159,F3137611159,Supply Chain,100110
3054310054,Active,false,false,AT&T United States,ATT Corporate,Karen Roberts,Yes,karen.roberts@contoso.com,41303,41303,Robert Smith,robert.smith@contoso.com,Samsung Galaxy Tab S9,Tablet Data 10GB,Tablet Data 10GB,true,2023-12-20,2025-12-20,,2025-12-20,25,28,0,359481614786159,359481614786159,357317860820609,6595603986,F6595603986,Marketing,100111
6465066391,Active,false,false,Verizon United States,VZW Corporate,Betty White,Yes,betty.white@contoso.com,41705,41705,Zoe Singh,zoe.singh@contoso.com,Apple iPhone 14,Business Unlimited Plus,Business Unlimited Plus,false,2026-03-15,2028-03-15,,2028-03-15,55,63.25,0,352880750977747,352880750977747,359557117868391,8012785094,F8012785094,Research & Development,100112
3102375558,Active,false,false,AT&T United States,ATT Corporate,Patricia Martinez,No,patricia.martinez@contoso.com,41209,41209,Emily Martinez,emily.martinez@contoso.com,Apple iPhone 16,Flexible Business Pool,Flexible Business Pool,false,2025-05-02,2027-05-02,,2027-05-02,35,40.25,0,356940180522410,356940180522410,358129829598377,1507609787,F1507609787,Supply Chain,100113
2064482138,Active,false,false,T-Mobile United States,TMO Corporate,Ava Adams,Yes,ava.adams@contoso.com,41504,41504,Sarah Green,sarah.green@contoso.com,Apple iPhone 15,Business Unlimited,Business Unlimited,false,,,,,45,51.75,0,354028013641774,354028013641774,351878890588653,9180462510,F9180462510,Information Technology,100114
7029556586,Active,false,false,T-Mobile United States,TMO Corporate,Nancy Adams,Yes,nancy.adams@contoso.com,41202,41202,Elizabeth Green,elizabeth.green@contoso.com,Apple iPhone 16,Business Unlimited Plus,Business Unlimited Plus,false,2025-07-12,2027-07-12,,2027-07-12,65,73.25,0,353123106422713,353123106422713,356657061754142,4406345733,F4406345733,Supply Chain,100115
9735852584,Active,false,false,Verizon United States,VZW Corporate,Joshua Harris,Yes,joshua.harris@contoso.com,41806,41806,Sarah Chen,sarah.chen@contoso.com,Apple iPhone 14,Business Unlimited,Business Unlimited,false,2026-08-03,2028-08-03,,2028-08-03,55,61.75,0,352419430717071,352419430717071,351124581322823,9972793290,F9972793290,Operations,100116
2142389769,Active,true,false,AT&T United States,ATT Corporate,Amanda Williams,Yes,amanda.williams@contoso.com,41405,41405,Liam Lee,liam.lee@contoso.com,Apple iPhone 15,Flexible Business Pool,Flexible Business Pool,true,2026-02-06,2028-02-06,,2028-02-06,35,40.25,0,352550269725671,352550269725671,356299055844490,6788986983,F6788986983,Sales,100117
3103527772,Active,false,false,AT&T United States,ATT Corporate,Yuki Rodriguez,Yes,yuki.rodriguez@contoso.com,41701,41701,David Thomas,david.thomas@contoso.com,Apple iPad 10th Gen,Tablet Data 10GB,Tablet Data 10GB,false,2024-04-03,2026-04-03,,2026-04-03,30,33,0,354103103197682,354103103197682,351759877094640,9821981414,F9821981414,Research & Development,100118
6469387287,Active,false,false,Verizon United States,VZW Corporate,Thomas White,Yes,thomas.white@contoso.com,41907,41907,Amanda Ramirez,amanda.ramirez@contoso.com,Samsung Galaxy S23,Flexible Business Pool,Flexible Business Pool,true,2024-01-06,2026-01-06,,2026-01-06,45,50.25,0,358371563920365,358371563920365,355047257999079,4345673352,F4345673352,Legal,100119
6473826346,Active,false,false,Bell Canada,Bell Enterprise,Yuki Thomas,Yes,yuki.thomas@contoso.com,41408,41408,Olga Lopez,olga.lopez@contoso.com,Apple iPhone 16,Flexible Business Pool,Flexible Business Pool,true,2025-08-14,2027-08-14,,2027-08-14,45,50.25,0,353398195857376,353398195857376,354557391250285,2442642321,F2442642321,Sales,100120
9737663763,Active,false,false,Verizon United States,VZW Corporate,Mia Thomas,Yes,mia.thomas@contoso.com,41207,41207,Emily Martinez,emily.martinez@contoso.com,Apple iPhone 15,Business Unlimited Plus,Business Unlimited Plus,false,2024-07-31,2026-07-31,,2026-07-31,55,63.25,0,358241686265479,358241686265479,354809617370026,7835787787,F7835787787,Supply Chain,100121
2122417711,Cancelled,false,false,Verizon United States,VZW Corporate,Mia Miller,Yes,mia.miller@contoso.com,41404,41404,Jennifer Nguyen,jennifer.nguyen@contoso.com,Apple iPhone 14,Business Unlimited,Business Unlimited,false,2026-03-29,2028-03-29,,2028-03-29,55,61.75,0,351590576112210,351590576112210,359432714394236,5715870675,F5715870675,Sales,100122
4376709345,Active,false,false,Rogers Canada,Rogers Enterprise,Nancy Chen,Yes,nancy.chen@contoso.com,41201,41201,Nancy Moore,nancy.moore@contoso.com,Apple iPhone 16,Business Unlimited Plus,Business Unlimited Plus,false,2023-05-28,2025-05-28,,2025-05-28,55,63.25,0,359158096421452,359158096421452,353438561462967,2741009563,F2741009563,Supply Chain,100123
9737893393,Active,false,false,Verizon United States,VZW Corporate,William Hernandez,Yes,william.hernandez@contoso.com,41303,41303,John Allen,john.allen@contoso.com,Samsung Galaxy S24,Flexible Business Pool,Flexible Business Pool,true,2026-01-16,2028-01-16,,2028-01-16,35,40.25,0,356909363242125,356909363242125,357402398883457,4813836089,F4813836089,Marketing,100124
3108647839,Active,false,false,AT&T United States,ATT Corporate,Mark Martinez,Yes,mark.martinez@contoso.com,41403,41403,Wei Hall,wei.hall@contoso.com,Samsung Galaxy S24,Flexible Business Pool,Flexible Business Pool,false,2025-07-10,2027-07-10,,2027-07-10,45,50.25,0,354692395597619,354692395597619,354967522794280,6671348907,F6671348907,Sales,100125
4048356031,Active,false,false,AT&T United States,ATT Corporate,Zoe Brown,Yes,zoe.brown@contoso.com,41209,41209,Mia Thomas,mia.thomas@contoso.com,Apple iPhone 13,Business Unlimited,Business Unlimited,false,2024-07-17,2026-07-17,,2026-07-17,50,56.75,0,354311701653599,354311701653599,352535269879060,5639296557,F5639296557,Supply Chain,100126
9733357764,Cancelled,false,false,Verizon United States,VZW Corporate,Ahmed Nelson,Yes,ahmed.nelson@contoso.com,41409,41409,Jennifer Nguyen,jennifer.nguyen@contoso.com,Apple iPhone 15,Business Unlimited,Business Unlimited,true,2026-06-01,2028-06-01,,2028-06-01,55,61.75,0,358388832815330,358388832815330,351376431053353,2252055106,F2252055106,Sales,100127
4045119293,Active,false,false,AT&T United States,ATT Corporate,Lisa Sanchez,Yes,lisa.sanchez@contoso.com,41304,41304,Anthony Miller,anthony.miller@contoso.com,Apple iPhone SE,Business Unlimited Plus,Business Unlimited Plus,false,2025-10-10,2027-10-10,,2027-10-10,65,73.25,0,356393574181449,356393574181449,354986846374209,7374775639,F7374775639,Marketing,100128
4378822514,Active,false,false,Rogers Canada,Rogers Enterprise,Sandra Garcia,Yes,sandra.garcia@contoso.com,41803,41803,Melissa Ramirez,melissa.ramirez@contoso.com,Apple iPhone SE,Business Unlimited,Business Unlimited,false,2026-06-20,2028-06-20,,2028-06-20,45,51.75,0,355183990730022,355183990730022,351722056661869,9563189993,F9563189993,Operations,100129
4047112381,Cancelled,false,false,AT&T United States,ATT Corporate,Paul Lewis,Yes,paul.lewis@contoso.com,41303,41303,Robert Smith,robert.smith@contoso.com,Netgear Nighthawk M6,Mobile Hotspot 50GB,Mobile Hotspot 50GB,false,2023-01-25,2025-01-25,,2025-01-25,45,51,0,359061429370276,359061429370276,356634687044205,1670243704,F1670243704,Marketing,100130
3129051840,Active,false,false,AT&T United States,ATT Corporate,Mark Chen,Yes,mark.chen@contoso.com,41503,41503,Karen Singh,karen.singh@contoso.com,Apple iPhone 15,Flexible Business Pool,Flexible Business Pool,true,2026-02-18,2028-02-18,,2028-02-18,35,40.25,0,359425573239572,359425573239572,351708240856450,3366355159,F3366355159,Information Technology,100131
2122858821,Active,false,false,Verizon United States,VZW Corporate,Melissa Martin,Yes,melissa.martin@contoso.com,41506,41506,Sarah Green,sarah.green@contoso.com,Apple iPhone 13,Business Unlimited,Business Unlimited,false,2023-08-05,2025-08-05,,2025-08-05,50,56.75,0,358837668713826,358837668713826,352537416287152,2694036518,F2694036518,Information Technology,100132
2017741435,Active,true,false,Verizon United States,VZW Corporate,Carlos Adams,Yes,carlos.adams@contoso.com,41308,41308,Joshua Carter,joshua.carter@contoso.com,Samsung Galaxy S24,Business Unlimited Plus,Business Unlimited Plus,false,2024-03-22,2026-03-22,,2026-03-22,55,63.25,0,358816358604325,358816358604325,356078551885656,9150660834,F9150660834,Marketing,100133
2126194478,Cancelled,false,false,Verizon United States,VZW Corporate,Ana Adams,Yes,ana.adams@contoso.com,41704,41704,David Thomas,david.thomas@contoso.com,Apple iPhone 14,Flexible Business Pool,Flexible Business Pool,true,2024-06-06,2026-06-06,,2026-06-06,40,45.25,0,354076976908081,354076976908081,359128465326329,1588097152,F1588097152,Research & Development,100134
6475077742,Active,false,false,Bell Canada,Bell Enterprise,Raj Flores,No,raj.flores@contoso.com,41306,41306,Priya Singh,priya.singh@contoso.com,Apple iPhone 15,Flexible Business Pool,Flexible Business Pool,true,,,,,40,45.25,0,358337039756557,358337039756557,359650834532345,3769334117,F3769334117,Marketing,100135
3104652668,Cancelled,false,false,AT&T United States,ATT Corporate,Ana Torres,Yes,ana.torres@contoso.com,41805,41805,Mia Anderson,mia.anderson@contoso.com,Apple iPhone 13,Business Unlimited Plus,Business Unlimited Plus,false,2025-12-22,2027-12-22,,2027-12-22,60,68.25,0,352028995370790,352028995370790,356622739844627,3977628013,F3977628013,Operations,100136
2128132738,Active,false,false,Verizon United States,VZW Corporate,Jennifer Moore,Yes,jennifer.moore@contoso.com,41803,41803,Stephanie Gagnon,stephanie.gagnon@contoso.com,Apple iPhone 15,Flexible Business Pool,Flexible Business Pool,false,2026-07-06,2028-07-06,,2028-07-06,35,40.25,0,356675987024716,356675987024716,356565729763071,6588063032,F6588063032,Operations,100137
6463588247,Active,false,false,Verizon United States,VZW Corporate,Mia Anderson,Yes,mia.anderson@contoso.com,41806,41806,Emily Sanchez,emily.sanchez@contoso.com,Apple iPhone 14,Business Unlimited Plus,Business Unlimited Plus,false,2023-02-21,2025-02-21,,2025-02-21,65,73.25,0,358340588592265,358340588592265,353049027537100,4516911409,F4516911409,Operations,100138
4169102332,Active,false,true,Bell Canada,Bell Enterprise,Joshua Kim,Yes,joshua.kim@contoso.com,42008,42008,Carlos King,carlos.king@contoso.com,Apple iPhone 13,Business Unlimited Plus,Business Unlimited Plus,false,2023-09-29,2025-09-29,,2025-09-29,55,63.25,0,354988684790723,354988684790723,353204638617443,1901260260,F1901260260,Executive Office,100139
4803214145,Active,false,false,T-Mobile United States,TMO Corporate,Amanda Ramirez,Yes,amanda.ramirez@contoso.com,41903,41903,Sarah Gonzalez,sarah.gonzalez@contoso.com,Samsung Galaxy S23,Business Unlimited,Business Unlimited,false,2022-10-30,2024-10-30,,2024-10-30,50,56.75,0,352164122029855,352164122029855,354614652172777,1859098375,F1859098375,Legal,100140
5143019472,Active,false,false,Rogers Canada,Rogers Enterprise,Anthony Taylor,Yes,anthony.taylor@contoso.com,41807,41807,Ana Torres,ana.torres@contoso.com,Apple iPhone 15,Business Unlimited,Business Unlimited,false,2026-08-02,2028-08-02,,2028-08-02,45,51.75,0,351248091244063,351248091244063,354816202303962,4074387556,F4074387556,Operations,100141
5145636219,Active,false,false,Rogers Canada,Rogers Enterprise,Sofia Nelson,Yes,sofia.nelson@contoso.com,41802,41802,Ana Torres,ana.torres@contoso.com,Inseego MiFi X PRO,Mobile Hotspot 50GB,Mobile Hotspot 50GB,false,2023-09-01,2025-09-01,,2025-09-01,50,56,0,354768507779202,354768507779202,355005118211105,2750534060,F2750534060,Operations,100142
4808145111,Active,false,false,T-Mobile United States,TMO Corporate,Michael Carter,Yes,michael.carter@contoso.com,41203,41203,Elizabeth Green,elizabeth.green@contoso.com,Samsung Galaxy S24,Flexible Business Pool,Flexible Business Pool,false,2024-02-01,2026-02-01,,2026-02-01,35,40.25,0,358811862998940,358811862998940,356112760346051,2838081369,F2838081369,Supply Chain,100143
6046109675,Active,false,false,Rogers Canada,Rogers Enterprise,Richard Sanchez,No,richard.sanchez@contoso.com,41301,41301,Carlos Adams,carlos.adams@contoso.com,Apple iPhone 14,Business Unlimited,Business Unlimited,true,2023-09-07,2025-09-07,,2025-09-07,55,61.75,0,352790905029998,352790905029998,352138890994140,6150036816,F6150036816,Marketing,100144
7026879882,Active,false,false,T-Mobile United States,TMO Corporate,Susan Gonzalez,Yes,susan.gonzalez@contoso.com,41704,41704,Stephanie Tremblay,stephanie.tremblay@contoso.com,Apple iPhone 15,Flexible Business Pool,Flexible Business Pool,true,2025-04-27,2027-04-27,,2027-04-27,35,40.25,0,358116546657334,358116546657334,359525456495123,7491475907,F7491475907,Research & Development,100145
4048195356,Active,false,false,AT&T United States,ATT Corporate,Ana Nguyen,Yes,ana.nguyen@contoso.com,41802,41802,Stephanie Gagnon,stephanie.gagnon@contoso.com,Apple iPhone 16,Business Unlimited,Business Unlimited,true,2024-09-29,2026-09-29,,2026-09-29,50,56.75,0,356326415445979,356326415445979,359661950765829,8699722790,F8699722790,Operations,100146
4806537531,Cancelled,false,false,T-Mobile United States,TMO Corporate,Mary Lopez,Yes,mary.lopez@contoso.com,41605,41605,William Wright,william.wright@contoso.com,Apple iPhone 13,Business Unlimited,Business Unlimited,false,2024-12-20,2026-12-20,,2026-12-20,55,61.75,0,351575680155394,351575680155394,356333401836549,5999961449,F5999961449,Human Resources,100147
3127069683,Active,false,false,AT&T United States,ATT Corporate,Richard Jackson,Yes,richard.jackson@contoso.com,41300,41300,Joshua Carter,joshua.carter@contoso.com,Samsung Galaxy S24,Flexible Business Pool,Flexible Business Pool,true,2025-03-08,2027-03-08,,2027-03-08,35,40.25,0,357648484265060,357648484265060,356007836445608,2376463094,F2376463094,Marketing,100148
5034533844,Cancelled,false,false,T-Mobile United States,TMO Corporate,Mary Walker,Yes,mary.walker@contoso.com,41206,41206,Nancy Moore,nancy.moore@contoso.com,Apple iPhone SE,Business Unlimited Plus,Business Unlimited Plus,true,2026-03-16,2028-03-16,,2028-03-16,65,73.25,0,356491751698840,356491751698840,352492898555854,2309589038,F2309589038,Supply Chain,100149
3055995282,Active,false,false,AT&T United States,ATT Corporate,Ava Garcia,Yes,ava.garcia@contoso.com,41201,41201,Emily Martinez,emily.martinez@contoso.com,Samsung Galaxy Tab S9,Tablet Unlimited,Tablet Unlimited,true,2024-11-05,2026-11-05,,2026-11-05,35,39.5,0,352720445953171,352720445953171,359593406328165,3899580938,F3899580938,Supply Chain,100150
6044710778,Active,false,false,Rogers Canada,Rogers Enterprise,William Clark,Yes,william.clark@contoso.com,41507,41507,Joseph Allen,joseph.allen@contoso.com,Apple iPhone 15,Flexible Business Pool,Flexible Business Pool,false,2026-05-10,2028-05-10,,2028-05-10,45,50.25,0,358071979421838,358071979421838,354976300492463,5114325536,F5114325536,Information Technology,100151
3055203278,Active,false,false,AT&T United States,ATT Corporate,Richard Wright,Yes,richard.wright@contoso.com,41406,41406,David Allen,david.allen@contoso.com,Apple iPhone 15,Business Unlimited,Business Unlimited,false,2026-03-20,2028-03-20,,2028-03-20,55,61.75,0,358075590602679,358075590602679,358973672795369,3351762983,F3351762983,Sales,100152
2127343287,Active,false,false,Verizon United States,VZW Corporate,Leila Lewis,No,leila.lewis@contoso.com,41309,41309,Joshua Carter,joshua.carter@contoso.com,Apple iPhone SE,Flexible Business Pool,Flexible Business Pool,true,2026-08-26,2028-08-26,,2028-08-26,45,50.25,0,359136232606405,359136232606405,355226882373584,7164947890,F7164947890,Marketing,100153
6462284023,Active,false,false,Verizon United States,VZW Corporate,Ethan Mitchell,Yes,ethan.mitchell@contoso.com,41100,41100,Raj Harris,raj.harris@contoso.com,Apple iPhone 15,Business Unlimited,Business Unlimited,true,2023-12-10,2025-12-10,,2025-12-10,50,56.75,1,359166066591294,359166066591294,358675069162117,4889761307,F4889761307,Finance,100154
3105219856,Active,false,false,AT&T United States,ATT Corporate,Karen Hernandez,Yes,karen.hernandez@contoso.com,41409,41409,Olga Lopez,olga.lopez@contoso.com,Apple iPhone 15,Business Unlimited,Business Unlimited,false,,,,,45,51.75,0,358163812556197,358163812556197,357394762948220,4804135649,F4804135649,Sales,100155
3127986388,Active,false,false,AT&T United States,ATT Corporate,Wei Mitchell,Yes,wei.mitchell@contoso.com,41402,41402,Jennifer Nguyen,jennifer.nguyen@contoso.com,Apple iPad Air,Tablet Unlimited,Tablet Unlimited,true,2024-04-02,2026-04-02,,2026-04-02,30,34.5,0,355152133687392,355152133687392,358442901298982,1936338890,F1936338890,Sales,100156
4155717786,Active,false,false,AT&T United States,ATT Corporate,Liam Scott,Yes,liam.scott@contoso.com,41306,41306,Joshua Carter,joshua.carter@contoso.com,Apple iPhone 14,Business Unlimited,Business Unlimited,false,2024-02-27,2026-02-27,,2026-02-27,45,51.75,0,357471294532313,357471294532313,356423776464953,9680447616,F9680447616,Marketing,100157
2143248763,Active,false,false,AT&T United States,ATT Corporate,Sandra Miller,Yes,sandra.miller@contoso.com,41603,41603,William Wright,william.wright@contoso.com,Google Pixel 8,Business Unlimited,Business Unlimited,false,2024-07-13,2026-07-13,,2026-07-13,45,51.75,0,355161251877026,355161251877026,358786164306779,2668470325,F2668470325,Human Resources,100158
4376160555,Active,false,false,Rogers Canada,Rogers Enterprise,Ava Roberts,Yes,ava.roberts@contoso.com,41703,41703,Joseph Gonzalez,joseph.gonzalez@contoso.com,Samsung Galaxy S23,Business Unlimited Plus,Business Unlimited Plus,false,2024-10-18,2026-10-18,,2026-10-18,55,63.25,0,359287103714436,359287103714436,358265954839170,5580012388,F5580012388,Research & Development,100159
5038435006,Active,false,false,T-Mobile United States,TMO Corporate,Zoe Carter,Yes,zoe.carter@contoso.com,41408,41408,Wei Hall,wei.hall@contoso.com,Apple iPhone SE,Business Unlimited,Business Unlimited,false,,,,,45,51.75,0,352945973369067,352945973369067,355390134418747,4277758858,F4277758858,Sales,100160
2017843677,Active,false,false,Verizon United States,VZW Corporate,Jennifer Martin,Yes,jennifer.martin@contoso.com,41405,41405,David Allen,david.allen@contoso.com,Samsung Galaxy S24,Business Unlimited Plus,Business Unlimited Plus,false,2024-09-13,2026-09-13,,2026-09-13,55,63.25,0,354489499544123,354489499544123,353971480987268,5508783501,F5508783501,Sales,100161
9174948096,Active,false,false,Verizon United States,VZW Corporate,Chloe Hall,Yes,chloe.hall@contoso.com,41200,41200,Mia Thomas,mia.thomas@contoso.com,Apple iPhone 13,Business Unlimited Plus,Business Unlimited Plus,true,2025-08-26,2027-08-26,,2027-08-26,65,73.25,0,353290858562043,353290858562043,355981406530909,6108275915,F6108275915,Supply Chain,100162
9056073476,Active,false,false,Bell Canada,Bell Enterprise,Ethan Martin,Yes,ethan.martin@contoso.com,41703,41703,Hiroshi Perez,hiroshi.perez@contoso.com,Apple iPhone 14,Flexible Business Pool,Flexible Business Pool,true,2024-04-23,2026-04-23,,2026-04-23,40,45.25,0,357746162409288,357746162409288,358446221107137,2100480553,F2100480553,Research & Development,100163
4375792166,Active,false,false,Rogers Canada,Rogers Enterprise,Ahmed Moore,Yes,ahmed.moore@contoso.com,41209,41209,Joseph Nguyen,joseph.nguyen@contoso.com,Inseego MiFi X PRO,Mobile Hotspot 50GB,Mobile Hotspot 50GB,false,2025-01-15,2027-01-15,,2027-01-15,50,56,0,351723957799317,351723957799317,354154999167558,2117944144,F2117944144,Supply Chain,100164
2014894312,Suspended,false,false,Verizon United States,VZW Corporate,Yuki Garcia,Yes,yuki.garcia@contoso.com,41401,41401,David Allen,david.allen@contoso.com,Apple iPhone 16,Business Unlimited,Business Unlimited,false,2025-11-26,2027-11-26,2026-07-27,2027-11-26,55,61.75,0,358663566025149,358663566025149,353902936921053,9566591713,F9566591713,Sales,100165
2127060668,Active,false,false,Verizon United States,VZW Corporate,Amanda Gagnon,Yes,amanda.gagnon@contoso.com,41809,41809,Mia Anderson,mia.anderson@contoso.com,Apple iPhone 15,Business Unlimited,Business Unlimited,true,2025-03-06,2027-03-06,,2027-03-06,45,51.75,0,357272548564782,357272548564782,359536508868983,7261030270,F7261030270,Operations,100166
9052048618,Active,false,false,Bell Canada,Bell Enterprise,Olga Lopez,Yes,olga.lopez@contoso.com,41401,41401,David Allen,david.allen@contoso.com,Apple iPhone 15,Business Unlimited,Business Unlimited,true,2024-11-28,2026-11-28,,2026-11-28,45,51.75,0,358323694776986,358323694776986,352352572875532,2411574423,F2411574423,Sales,100167
9058730095,Active,false,false,Bell Canada,Bell Enterprise,Elizabeth Nelson,Yes,elizabeth.nelson@contoso.com,41406,41406,Liam Lee,liam.lee@contoso.com,Apple iPhone 15,Business Unlimited,Business Unlimited,false,2024-11-27,2026-11-27,,2026-11-27,55,61.75,0,356714252561949,356714252561949,354715702137067,4707754422,F4707754422,Sales,100168
6463666365,Active,false,false,Verizon United States,VZW Corporate,John Sanchez,Yes,john.sanchez@contoso.com,41409,41409,Sandra Hernandez,sandra.hernandez@contoso.com,Apple iPhone 15,Business Unlimited,Business Unlimited,false,,,,,45,51.75,0,358081453998787,358081453998787,353712933548567,5812948894,F5812948894,Sales,100169
9738146931,Active,false,false,Verizon United States,VZW Corporate,Richard Martinez,No,richard.martinez@contoso.com,41103,41103,Kevin Miller,kevin.miller@contoso.com,Apple iPhone 16,Business Unlimited Plus,Business Unlimited Plus,false,2024-04-16,2026-04-16,,2026-04-16,55,63.25,0,358637252244481,358637252244481,358493131741061,1399206328,F1399206328,Finance,100170
6043522093,Active,false,false,Rogers Canada,Rogers Enterprise,Carlos Clark,Yes,carlos.clark@contoso.com,41304,41304,Priya Singh,priya.singh@contoso.com,Apple iPhone 13,Flexible Business Pool,Flexible Business Pool,false,2025-03-05,2027-03-05,,2027-03-05,45,50.25,0,356198747522274,356198747522274,351839960464920,3366502646,F3366502646,Marketing,100171
2148777583,Active,false,false,AT&T United States,ATT Corporate,Matthew Perez,Yes,matthew.perez@contoso.com,41408,41408,Liam Lee,liam.lee@contoso.com,Apple iPhone 13,Business Unlimited Plus,Business Unlimited Plus,false,2023-09-11,2025-09-11,,2025-09-11,55,63.25,0,351796256688697,351796256688697,358318982002631,6573353634,F6573353634,Sales,100172
2013190217,Active,false,false,Verizon United States,VZW Corporate,David Carter,Yes,david.carter@contoso.com,41607,41607,Carlos Moore,carlos.moore@contoso.com,Apple iPhone 16,Flexible Business Pool,Flexible Business Pool,false,2023-05-02,2025-05-02,,2025-05-02,45,50.25,0,359093767599904,359093767599904,358128322029206,7385424494,F7385424494,Human Resources,100173
2064147882,Active,false,false,T-Mobile United States,TMO Corporate,Ethan Nelson,Yes,ethan.nelson@contoso.com,41806,41806,Mia Anderson,mia.anderson@contoso.com,Apple iPhone 16,Business Unlimited,Business Unlimited,true,2023-07-21,2025-07-21,,2025-07-21,45,51.75,0,353553996389357,353553996389357,355254808234348,1819971340,F1819971340,Operations,100174
4165019329,Active,false,false,Bell Canada,Bell Enterprise,Wei Lopez,No,wei.lopez@contoso.com,41707,41707,David Thomas,david.thomas@contoso.com,Samsung Galaxy S23,Business Unlimited Plus,Business Unlimited Plus,true,2025-08-29,2027-08-29,,2027-08-29,65,73.25,0,351895035679701,351895035679701,351138872828567,9585752886,F9585752886,Research & Development,100175
2016841915,Active,false,false,Verizon United States,VZW Corporate,Jessica Campbell,Yes,jessica.campbell@contoso.com,41509,41509,Anthony Harris,anthony.harris@contoso.com,Apple iPhone 16,Business Unlimited,Business Unlimited,true,2026-02-17,2028-02-17,,2028-02-17,45,51.75,0,358887049295989,358887049295989,358673807392371,1089365072,F1089365072,Information Technology,100176
2149286395,Active,false,false,AT&T United States,ATT Corporate,Michael Patel,Yes,michael.patel@contoso.com,41608,41608,Zoe Miller,zoe.miller@contoso.com,Samsung Galaxy S24,Flexible Business Pool,Flexible Business Pool,false,2026-03-18,2028-03-18,,2028-03-18,35,40.25,0,358335631498353,358335631498353,357338231778579,8713643842,F8713643842,Human Resources,100177
3124403431,Active,false,false,AT&T United States,ATT Corporate,Mary Flores,Yes,mary.flores@contoso.com,41202,41202,Mia Thomas,mia.thomas@contoso.com,Apple iPhone 16,Business Unlimited,Business Unlimited,false,2025-07-24,2027-07-24,,2027-07-24,45,51.75,0,351827025289688,351827025289688,351322119374190,6415129153,F6415129153,Supply Chain,100178
2129889126,Active,false,false,Verizon United States,VZW Corporate,David Martinez,Yes,david.martinez@contoso.com,41101,41101,Raj Harris,raj.harris@contoso.com,Apple iPhone 16,Business Unlimited,Business Unlimited,false,2024-06-27,2026-06-27,,2026-06-27,45,51.75,0,352832531488102,352832531488102,351887797248998,5068981129,F5068981129,Finance,100179
4168625959,Active,false,false,Bell Canada,Bell Enterprise,Ahmed Baker,Yes,ahmed.baker@contoso.com,41402,41402,Liam Lee,liam.lee@contoso.com,Apple iPhone 15,Business Unlimited Plus,Business Unlimited Plus,true,2024-02-09,2026-02-09,,2026-02-09,60,68.25,0,353160960278130,353160960278130,354551287674658,4302972301,F4302972301,Sales,100180
4156396773,Active,false,false,AT&T United States,ATT Corporate,Mia Lee,Yes,mia.lee@contoso.com,41203,41203,Nancy Moore,nancy.moore@contoso.com,Apple iPhone 14,Flexible Business Pool,Flexible Business Pool,false,2023-10-11,2025-10-11,,2025-10-11,35,40.25,0,358202308054234,358202308054234,359074100710109,8224988156,F8224988156,Supply Chain,100181
6467880947,Active,false,false,Verizon United States,VZW Corporate,Ava Clark,No,ava.clark@contoso.com,41409,41409,Liam Lee,liam.lee@contoso.com,Apple iPhone 15,Business Unlimited,Business Unlimited,false,2026-02-10,2028-02-10,,2028-02-10,45,51.75,0,356205382943268,356205382943268,358071317071753,9046820375,F9046820375,Sales,100182
2146143232,Active,false,false,AT&T United States,ATT Corporate,James Wilson,Yes,james.wilson@contoso.com,41801,41801,Stephanie Gagnon,stephanie.gagnon@contoso.com,Apple iPhone 14,Business Unlimited,Business Unlimited,false,2026-03-26,2028-03-26,,2028-03-26,50,56.75,0,356308068368019,356308068368019,351648902045506,7603226577,F7603226577,Operations,100183
9738064238,Active,false,false,Verizon United States,VZW Corporate,Joshua Carter,Yes,joshua.carter@contoso.com,41305,41305,Anthony Miller,anthony.miller@contoso.com,Apple iPhone 14,Business Unlimited Plus,Business Unlimited Plus,false,,,,,55,63.25,0,356346264298593,356346264298593,358437708722847,6896899328,F6896899328,Marketing,100184
2148428737,Active,false,false,AT&T United States,ATT Corporate,Leila Davis,Yes,leila.davis@contoso.com,41401,41401,Sandra Hernandez,sandra.hernandez@contoso.com,Apple iPhone 13,Business Unlimited,Business Unlimited,true,2025-09-01,2027-09-01,,2027-09-01,45,51.75,0,357159987428576,357159987428576,356004921960987,4167591308,F4167591308,Sales,100185
3128938622,Suspended,false,false,AT&T United States,ATT Corporate,Yuki Green,Yes,yuki.green@contoso.com,41901,41901,Noah Jones,noah.jones@contoso.com,Apple iPad Air,Tablet Data 10GB,Tablet Data 10GB,false,2023-01-16,2025-01-16,2025-10-01,2025-01-16,30,33,0,357948307144323,357948307144323,355642309954698,7804532904,F7804532904,Legal,100186
4169113483,Active,false,false,Bell Canada,Bell Enterprise,Lisa Chen,Yes,lisa.chen@contoso.com,41200,41200,Emily Martinez,emily.martinez@contoso.com,Apple iPhone 15,Business Unlimited,Business Unlimited,true,2025-08-30,2027-08-30,,2027-08-30,45,51.75,0,359325602686812,359325602686812,357496391552908,8955644375,F8955644375,Supply Chain,100187
2012494999,Active,false,false,Verizon United States,VZW Corporate,Elizabeth Gonzalez,Yes,elizabeth.gonzalez@contoso.com,41506,41506,Joseph Allen,joseph.allen@contoso.com,Kyocera DuraXV Extreme,Voice & Text Basic,Voice & Text Basic,true,2025-10-20,2027-10-20,,2027-10-20,30,33.75,0,355990275502301,355990275502301,354217856420030,3099352779,F3099352779,Information Technology,100188
3058517551,Active,false,false,AT&T United States,ATT Corporate,Stephanie Anderson,Yes,stephanie.anderson@contoso.com,41507,41507,Anthony Harris,anthony.harris@contoso.com,Samsung Galaxy Tab S9,Tablet Unlimited,Tablet Unlimited,true,2024-03-17,2026-03-17,,2026-03-17,40,44.5,0,358914601144695,358914601144695,358901310548632,8421120053,F8421120053,Information Technology,100189
6312259371,Active,false,false,Verizon United States,VZW Corporate,Robert Martin,Yes,robert.martin@contoso.com,41300,41300,Carlos Adams,carlos.adams@contoso.com,Apple iPhone 16,Flexible Business Pool,Flexible Business Pool,false,2026-03-06,2028-03-06,,2028-03-06,35,40.25,0,353180319358806,353180319358806,354384799954458,4253932355,F4253932355,Marketing,100190
2012868741,Active,false,false,Verizon United States,VZW Corporate,Lisa Hall,Yes,lisa.hall@contoso.com,41201,41201,Nancy Moore,nancy.moore@contoso.com,Inseego MiFi X PRO,Mobile Hotspot 50GB,Mobile Hotspot 50GB,false,2026-05-24,2028-05-24,,2028-05-24,45,51,0,356637603513972,356637603513972,359645962370128,5394882203,F5394882203,Supply Chain,100191
2018942772,Active,false,false,Verizon United States,VZW Corporate,Ahmed Martin,Yes,ahmed.martin@contoso.com,41604,41604,Liam Williams,liam.williams@contoso.com,Netgear Nighthawk M6,Mobile Hotspot 50GB,Mobile Hotspot 50GB,true,2024-03-20,2026-03-20,,2026-03-20,45,51,0,356725024431571,356725024431571,351477520725353,4063602860,F4063602860,Human Resources,100192
9739708264,Active,false,false,Verizon United States,VZW Corporate,Olga Walker,Yes,olga.walker@contoso.com,41809,41809,Sarah Chen,sarah.chen@contoso.com,Apple iPad Air,Tablet Data 10GB,Tablet Data 10GB,false,2025-04-05,2027-04-05,,2027-04-05,25,28,0,355737843198209,355737843198209,356596602799043,2748380110,F2748380110,Operations,100193
4046561374,Active,false,false,AT&T United States,ATT Corporate,Ahmed Sanchez,Yes,ahmed.sanchez@contoso.com,41505,41505,Michelle Roy,michelle.roy@contoso.com,Apple iPhone 13,Business Unlimited,Business Unlimited,false,2026-02-26,2028-02-26,,2028-02-26,50,56.75,1,354579857098263,354579857098263,357567616457334,9386407362,F9386407362,Information Technology,100194
4045593485,Active,false,false,AT&T United States,ATT Corporate,Michael Nelson,Yes,michael.nelson@contoso.com,41406,41406,Olga Lopez,olga.lopez@contoso.com,Apple iPhone 15,Business Unlimited,Business Unlimited,true,2026-04-21,2028-04-21,,2028-04-21,50,56.75,0,355949994168878,355949994168878,353839168738091,3418416972,F3418416972,Sales,100195
6474515269,Suspended,false,false,Bell Canada,Bell Enterprise,Betty Wright,Yes,betty.wright@contoso.com,41406,41406,Olga Lopez,olga.lopez@contoso.com,Apple iPhone 15,Flexible Business Pool,Flexible Business Pool,false,2026-02-27,2028-02-27,2025-11-06,2028-02-27,35,40.25,0,354703729097999,354703729097999,356779305904710,3971451918,F3971451918,Sales,100196
2127510507,Active,false,false,Verizon United States,VZW Corporate,Jennifer Sanchez,Yes,jennifer.sanchez@contoso.com,41403,41403,Olga Lopez,olga.lopez@contoso.com,Samsung Galaxy Tab S9,Tablet Unlimited,Tablet Unlimited,false,2026-07-29,2028-07-29,,2028-07-29,30,34.5,0,357206757808653,357206757808653,357299004666495,2661083050,F2661083050,Sales,100197
2144263838,Suspended,false,false,AT&T United States,ATT Corporate,Elizabeth Harris,Yes,elizabeth.harris@contoso.com,41602,41602,Liam Williams,liam.williams@contoso.com,Apple iPhone 15,Business Unlimited,Business Unlimited,false,2025-01-07,2027-01-07,2025-06-02,2027-01-07,55,61.75,0,359688633452084,359688633452084,357386475908730,5453005092,F5453005092,Human Resources,100198
9733791070,Active,true,false,Verizon United States,VZW Corporate,Steven Williams,Yes,steven.williams@contoso.com,41104,41104,Patricia Anderson,patricia.anderson@contoso.com,Apple iPhone 15,Flexible Business Pool,Flexible Business Pool,false,2026-05-05,2028-05-05,,2028-05-05,40,45.25,0,353257383978077,353257383978077,352145665232261,5842278898,F5842278898,Finance,100199
2126370849,Active,false,false,Verizon United States,VZW Corporate,Daniel Hernandez,Yes,daniel.hernandez@contoso.com,41709,41709,Stephanie Tremblay,stephanie.tremblay@contoso.com,Samsung Galaxy S24,Flexible Business Pool,Flexible Business Pool,false,2025-09-06,2027-09-06,,2027-09-06,35,40.25,0,358607774352507,358607774352507,355820700824778,7521028542,F7521028542,Research & Development,100200
2129553696,Active,false,false,Verizon United States,VZW Corporate,Noah Novak,Yes,noah.novak@contoso.com,41605,41605,Liam Williams,liam.williams@contoso.com,Apple iPhone 14,Business Unlimited Plus,Business Unlimited Plus,false,2025-09-20,2027-09-20,,2027-09-20,60,68.25,0,354462817314386,354462817314386,356790322357987,2334901018,F2334901018,Human Resources,100201
4162749829,Active,false,false,Bell Canada,Bell Enterprise,Mateo Young,Yes,mateo.young@contoso.com,41401,41401,Sandra Hernandez,sandra.hernandez@contoso.com,Apple iPhone 15,Business Unlimited Plus,Business Unlimited Plus,false,2025-05-30,2027-05-30,,2027-05-30,60,68.25,0,358716422281698,358716422281698,352682613991134,7980819764,F7980819764,Sales,100202
4163040914,Active,false,false,Bell Canada,Bell Enterprise,Mateo Flores,Yes,mateo.flores@contoso.com,41800,41800,Emily Sanchez,emily.sanchez@contoso.com,Samsung Galaxy S24,Business Unlimited,Business Unlimited,true,2026-01-31,2028-01-31,,2028-01-31,55,61.75,0,351917230029099,351917230029099,358066859540756,8524625316,F8524625316,Operations,100203
4047295377,Active,false,false,AT&T United States,ATT Corporate,William Wright,Yes,william.wright@contoso.com,41602,41602,Sandra Miller,sandra.miller@contoso.com,Apple iPhone 14,Flexible Business Pool,Flexible Business Pool,false,2022-08-23,2024-08-23,,2024-08-23,35,40.25,0,354386958868411,354386958868411,352804350149101,9642713632,F9642713632,Human Resources,100204
3103305106,Active,false,false,AT&T United States,ATT Corporate,Jessica Thomas,Yes,jessica.thomas@contoso.com,41108,41108,Raj Harris,raj.harris@contoso.com,Apple iPhone 15,Business Unlimited Plus,Business Unlimited Plus,false,2023-05-27,2025-05-27,,2025-05-27,55,63.25,0,358669027127513,358669027127513,356473324832338,1625453276,F1625453276,Finance,100205
2125493102,Active,false,false,Verizon United States,VZW Corporate,Michelle Rivera,Yes,michelle.rivera@contoso.com,41309,41309,Priya Singh,priya.singh@contoso.com,Apple iPhone 14,Flexible Business Pool,Flexible Business Pool,false,2025-09-30,2027-09-30,,2027-09-30,35,40.25,0,359369464730069,359369464730069,359224784732816,9431299488,F9431299488,Marketing,100206
2145843363,Active,false,false,AT&T United States,ATT Corporate,Barbara Williams,No,barbara.williams@contoso.com,41307,41307,Joshua Carter,joshua.carter@contoso.com,Inseego MiFi X PRO,Mobile Hotspot 50GB,Mobile Hotspot 50GB,false,2024-07-30,2026-07-30,,2026-07-30,45,51,0,354240124670583,354240124670583,357382350287178,1042486233,F1042486233,Marketing,100207
6463823211,Suspended,false,false,Verizon United States,VZW Corporate,Hiroshi Nguyen,Yes,hiroshi.nguyen@contoso.com,41303,41303,Anthony Miller,anthony.miller@contoso.com,Apple iPhone 16,Business Unlimited,Business Unlimited,true,2025-08-09,2027-08-09,2026-06-07,2027-08-09,45,51.75,0,354096763727974,354096763727974,355607825089463,4911207460,F4911207460,Marketing,100208
9736441071,Active,false,false,Verizon United States,VZW Corporate,John Allen,Yes,john.allen@contoso.com,41307,41307,Carlos Adams,carlos.adams@contoso.com,Apple iPhone 15,Business Unlimited Plus,Business Unlimited Plus,false,2026-08-21,2028-08-21,,2028-08-21,55,63.25,0,353538834596889,353538834596889,354372363829821,7582272381,F7582272381,Marketing,100209
7023298327,Active,false,false,T-Mobile United States,TMO Corporate,Ashley Flores,Yes,ashley.flores@contoso.com,41204,41204,Joseph Nguyen,joseph.nguyen@contoso.com,Apple iPhone 13,Flexible Business Pool,Flexible Business Pool,false,,,,,40,45.25,0,359602329155902,359602329155902,353942331225370,7479446952,F7479446952,Supply Chain,100210
3058650599,Active,false,false,AT&T United States,ATT Corporate,Sofia Roy,No,sofia.roy@contoso.com,41201,41201,Joseph Nguyen,joseph.nguyen@contoso.com,Apple iPhone 13,Business Unlimited Plus,Business Unlimited Plus,true,2026-05-18,2028-05-18,,2028-05-18,60,68.25,0,354862065514592,354862065514592,354572961323186,6301641456,F6301641456,Supply Chain,100211
9738365511,Active,false,false,Verizon United States,VZW Corporate,Joseph Sanchez,Yes,joseph.sanchez@contoso.com,41504,41504,Sarah Green,sarah.green@contoso.com,Apple iPhone 16,Business Unlimited,Business Unlimited,false,2025-06-23,2027-06-23,,2027-06-23,45,51.75,0,358934634691334,358934634691334,358608395197411,7051406106,F7051406106,Information Technology,100212
6463001942,Active,false,false,Verizon United States,VZW Corporate,Barbara Roberts,Yes,barbara.roberts@contoso.com,41906,41906,Yuki Wright,yuki.wright@contoso.com,Apple iPhone 16,Business Unlimited,Business Unlimited,true,2024-05-15,2026-05-15,,2026-05-15,45,51.75,0,357335383201848,357335383201848,356872080603931,6709047877,F6709047877,Legal,100213
6046159501,Active,false,false,Rogers Canada,Rogers Enterprise,Sarah Clark,Yes,sarah.clark@contoso.com,41807,41807,Melissa Ramirez,melissa.ramirez@contoso.com,Samsung Galaxy S23,Flexible Business Pool,Flexible Business Pool,true,2024-06-09,2026-06-09,,2026-06-09,45,50.25,0,359302222853426,359302222853426,353628311631373,9012115975,F9012115975,Operations,100214
5036497372,Active,false,false,T-Mobile United States,TMO Corporate,Charles Lee,Yes,charles.lee@contoso.com,41702,41702,Hiroshi Perez,hiroshi.perez@contoso.com,Apple iPhone 14,Business Unlimited,Business Unlimited,false,2024-11-02,2026-11-02,,2026-11-02,55,61.75,0,357588609128068,357588609128068,353258610558979,4168848623,F4168848623,Research & Development,100215
4153575410,Active,false,false,AT&T United States,ATT Corporate,Paul Johnson,Yes,paul.johnson@contoso.com,41508,41508,Joseph Allen,joseph.allen@contoso.com,Apple iPhone 14,Flexible Business Pool,Flexible Business Pool,false,2022-09-04,2024-09-04,,2024-09-04,40,45.25,0,354592230410239,354592230410239,357876022277622,9863563717,F9863563717,Information Technology,100216
6462716322,Active,false,false,Verizon United States,VZW Corporate,Stephanie Baker,No,stephanie.baker@contoso.com,41502,41502,Michelle Roy,michelle.roy@contoso.com,Apple iPhone 16,Flexible Business Pool,Flexible Business Pool,true,2024-10-11,2026-10-11,,2026-10-11,45,50.25,0,354621876417927,354621876417927,356120601913561,5595526656,F5595526656,Information Technology,100217
6464105075,Active,false,false,Verizon United States,VZW Corporate,Olga Nguyen,Yes,olga.nguyen@contoso.com,41608,41608,William Wright,william.wright@contoso.com,Kyocera DuraXV Extreme,Voice & Text Basic,Voice & Text Basic,false,2023-11-29,2025-11-29,,2025-11-29,25,28.75,0,353793767907074,353793767907074,356462937070041,3523258748,F3523258748,Human Resources,100218
3052401492,Active,false,false,AT&T United States,ATT Corporate,Hiroshi Perez,Yes,hiroshi.perez@contoso.com,41701,41701,Stephanie Tremblay,stephanie.tremblay@contoso.com,Apple iPad Air,Tablet Data 10GB,Tablet Data 10GB,true,2025-04-06,2027-04-06,,2027-04-06,20,23,0,357100813382341,357100813382341,357877520173454,6047128978,F6047128978,Research & Development,100219
3054981093,Suspended,false,false,AT&T United States,ATT Corporate,Charles Harris,Yes,charles.harris@contoso.com,41405,41405,Jennifer Nguyen,jennifer.nguyen@contoso.com,Apple iPhone 16,Flexible Business Pool,Flexible Business Pool,true,2026-06-07,2028-06-07,2025-02-10,2028-06-07,45,50.25,0,358234844439482,358234844439482,353132678139377,9569818605,F9569818605,Sales,100220
2015516542,Active,false,false,Verizon United States,VZW Corporate,Noah Robinson,Yes,noah.robinson@contoso.com,41401,41401,Olga Lopez,olga.lopez@contoso.com,Apple iPhone 15,Business Unlimited,Business Unlimited,true,2025-01-31,2027-01-31,,2027-01-31,45,51.75,0,354422469485292,354422469485292,351663128666862,5341083932,F5341083932,Sales,100221
6462189944,Active,false,false,Verizon United States,VZW Corporate,Charles Lewis,Yes,charles.lewis@contoso.com,41807,41807,Sarah Chen,sarah.chen@contoso.com,Apple iPhone SE,Flexible Business Pool,Flexible Business Pool,true,2024-11-04,2026-11-04,,2026-11-04,40,45.25,0,354114282998768,354114282998768,353183106728057,2678685838,F2678685838,Operations,100222
6318781684,Active,false,false,Verizon United States,VZW Corporate,Joshua Baker,Yes,joshua.baker@contoso.com,41603,41603,Zoe Miller,zoe.miller@contoso.com,Samsung Galaxy S24,Flexible Business Pool,Flexible Business Pool,false,2025-08-01,2027-08-01,,2027-08-01,35,40.25,0,358809574786688,358809574786688,351854718531073,8612441673,F8612441673,Human Resources,100223
2128802750,Active,false,false,Verizon United States,VZW Corporate,Paul King,Yes,paul.king@contoso.com,41504,41504,Michelle Roy,michelle.roy@contoso.com,Apple iPhone 16,Business Unlimited,Business Unlimited,false,,,,,55,61.75,0,353940867236179,353940867236179,358310223370093,3201171190,F3201171190,Information Technology,100224
5145983485,Active,false,false,Rogers Canada,Rogers Enterprise,James Nelson,Yes,james.nelson@contoso.com,41807,41807,Stephanie Gagnon,stephanie.gagnon@contoso.com,Apple iPhone 16,Business Unlimited,Business Unlimited,true,2024-04-08,2026-04-08,,2026-04-08,45,51.75,0,354871735961334,354871735961334,355899763480407,2584756879,F2584756879,Operations,100225
4048942177,Active,false,false,AT&T United States,ATT Corporate,Ethan Brown,Yes,ethan.brown@contoso.com,41708,41708,Stephanie Tremblay,stephanie.tremblay@contoso.com,Google Pixel 8,Flexible Business Pool,Flexible Business Pool,false,2026-05-27,2028-05-27,,2028-05-27,35,40.25,0,354085212647615,354085212647615,352187481707926,2439265956,F2439265956,Research & Development,100226
2146383990,Active,false,false,AT&T United States,ATT Corporate,John Nelson,Yes,john.nelson@contoso.com,41809,41809,Sarah Chen,sarah.chen@contoso.com,Samsung Galaxy S24,Business Unlimited,Business Unlimited,true,2024-06-20,2026-06-20,,2026-06-20,55,61.75,0,352398526246883,352398526246883,353418323955051,6903534019,F6903534019,Operations,100227
7029680388,Active,false,false,T-Mobile United States,TMO Corporate,Michael Ramirez,Yes,michael.ramirez@contoso.com,41201,41201,Nancy Moore,nancy.moore@contoso.com,Apple iPhone 15,Business Unlimited Plus,Business Unlimited Plus,false,2025-12-11,2027-12-11,,2027-12-11,55,63.25,0,356827123319488,356827123319488,355262079564968,5245043800,F5245043800,Supply Chain,100228
4152932845,Active,false,false,AT&T United States,ATT Corporate,Barbara Sanchez,Yes,barbara.sanchez@contoso.com,41904,41904,Yuki Wright,yuki.wright@contoso.com,Apple iPhone 16,Business Unlimited Plus,Business Unlimited Plus,false,2023-08-23,2025-08-23,,2025-08-23,55,63.25,0,354598889731795,354598889731795,359925956985352,5630681326,F5630681326,Legal,100229
3105686524,Active,false,false,AT&T United States,ATT Corporate,Wei Williams,Yes,wei.williams@contoso.com,41703,41703,David Thomas,david.thomas@contoso.com,Apple iPhone 15,Flexible Business Pool,Flexible Business Pool,false,2025-11-22,2027-11-22,,2027-11-22,40,45.25,0,353952264816633,353952264816633,358763027602886,3070177372,F3070177372,Research & Development,100230
3058207878,Active,false,false,AT&T United States,ATT Corporate,Lisa Ramirez,Yes,lisa.ramirez@contoso.com,41208,41208,Joseph Nguyen,joseph.nguyen@contoso.com,Apple iPhone 15,Flexible Business Pool,Flexible Business Pool,true,2024-08-07,2026-08-07,,2026-08-07,45,50.25,0,356858644370197,356858644370197,354442284253920,1814436678,F1814436678,Supply Chain,100231
6047792660,Active,false,false,Rogers Canada,Rogers Enterprise,Nancy Patel,Yes,nancy.patel@contoso.com,41400,41400,Sandra Hernandez,sandra.hernandez@contoso.com,Apple iPhone 14,Business Unlimited Plus,Business Unlimited Plus,false,2023-10-05,2025-10-05,,2025-10-05,60,68.25,0,357132020351297,357132020351297,357479767721818,3991253219,F3991253219,Sales,100232
4154604053,Active,false,false,AT&T United States,ATT Corporate,Emily Johnson,Yes,emily.johnson@contoso.com,41309,41309,Anthony Miller,anthony.miller@contoso.com,Samsung Galaxy S24,Flexible Business Pool,Flexible Business Pool,false,2026-04-25,2028-04-25,,2028-04-25,35,40.25,0,353842587665938,353842587665938,353053047356160,4311300347,F4311300347,Marketing,100233
2145919602,Active,false,false,AT&T United States,ATT Corporate,Ashley Baker,Yes,ashley.baker@contoso.com,41606,41606,Liam Williams,liam.williams@contoso.com,Apple iPhone 15,Business Unlimited Plus,Business Unlimited Plus,false,2025-08-07,2027-08-07,,2027-08-07,65,73.25,0,352920232089832,352920232089832,355729371942627,4215771198,F4215771198,Human Resources,100234
6465833053,Active,false,false,Verizon United States,VZW Corporate,Mateo White,No,mateo.white@contoso.com,41209,41209,Mia Thomas,mia.thomas@contoso.com,Apple iPhone 16,Flexible Business Pool,Flexible Business Pool,false,2023-07-16,2025-07-16,,2025-07-16,35,40.25,0,353365255872495,353365255872495,359556425345323,5073704803,F5073704803,Supply Chain,100235
2125001404,Active,false,false,Verizon United States,VZW Corporate,Mateo Kim,Yes,mateo.kim@contoso.com,41508,41508,Joseph Allen,joseph.allen@contoso.com,Samsung Galaxy Tab S9,Tablet Unlimited,Tablet Unlimited,false,2024-06-09,2026-06-09,,2026-06-09,30,34.5,0,353192055652683,353192055652683,352130765083469,2469531322,F2469531322,Information Technology,100236
9176977753,Active,false,false,Verizon United States,VZW Corporate,Zoe Singh,Yes,zoe.singh@contoso.com,41703,41703,David Thomas,david.thomas@contoso.com,Netgear Nighthawk M6,Mobile Hotspot 50GB,Mobile Hotspot 50GB,false,2025-10-17,2027-10-17,,2027-10-17,45,51,0,356930305779224,356930305779224,358557443229711,6740439400,F6740439400,Research & Development,100237
2146112275,Active,false,false,AT&T United States,ATT Corporate,Ava White,Yes,ava.white@contoso.com,41402,41402,Wei Hall,wei.hall@contoso.com,Apple iPhone 14,Business Unlimited,Business Unlimited,false,2026-08-10,2028-08-10,,2028-08-10,50,56.75,0,355915721622281,355915721622281,357482173110694,9030957760,F9030957760,Sales,100238
2016091333,Active,false,false,Verizon United States,VZW Corporate,Mateo Adams,No,mateo.adams@contoso.com,41306,41306,John Allen,john.allen@contoso.com,Apple iPhone 14,Business Unlimited,Business Unlimited,false,2026-06-27,2028-06-27,,2028-06-27,45,51.75,0,358526278785550,358526278785550,356168498611956,3607791648,F3607791648,Marketing,100239
2126938858,Cancelled,false,false,Verizon United States,VZW Corporate,Fatima Garcia,Yes,fatima.garcia@contoso.com,41307,41307,Priya Singh,priya.singh@contoso.com,Google Pixel 8,Business Unlimited Plus,Business Unlimited Plus,false,2026-02-28,2028-02-28,,2028-02-28,65,73.25,0,355278822091361,355278822091361,353998796163028,1384106725,F1384106725,Marketing,100240
4802925452,Active,false,false,T-Mobile United States,TMO Corporate,Ava Hall,Yes,ava.hall@contoso.com,41702,41702,David Thomas,david.thomas@contoso.com,Apple iPhone 15,Business Unlimited Plus,Business Unlimited Plus,false,2026-07-08,2028-07-08,,2028-07-08,65,73.25,0,354937934999544,354937934999544,352136451264639,8060868430,F8060868430,Research & Development,100241
2067866025,Active,false,false,T-Mobile United States,TMO Corporate,Wei Garcia,Yes,wei.garcia@contoso.com,41805,41805,Emily Sanchez,emily.sanchez@contoso.com,Apple iPhone 15,Business Unlimited,Business Unlimited,false,2023-07-21,2025-07-21,,2025-07-21,45,51.75,0,351028934842032,351028934842032,352087961597072,7114738485,F7114738485,Operations,100242
6468154643,Cancelled,false,false,Verizon United States,VZW Corporate,Jessica Patel,Yes,jessica.patel@contoso.com,41406,41406,Sandra Hernandez,sandra.hernandez@contoso.com,Apple iPhone 16,Business Unlimited Plus,Business Unlimited Plus,false,2026-04-04,2028-04-04,,2028-04-04,65,73.25,0,351604314640924,351604314640924,356633274296408,5825241186,F5825241186,Sales,100243
6319530861,Active,false,false,Verizon United States,VZW Corporate,Robert Clark,No,robert.clark@contoso.com,41303,41303,Joshua Carter,joshua.carter@contoso.com,Apple iPad Air,Tablet Data 10GB,Tablet Data 10GB,true,2025-03-21,2027-03-21,,2027-03-21,20,23,0,354151544088977,354151544088977,359576434559733,8419107020,F8419107020,Marketing,100244
2144894626,Active,false,false,AT&T United States,ATT Corporate,Jennifer Hernandez,Yes,jennifer.hernandez@contoso.com,41308,41308,Robert Smith,robert.smith@contoso.com,Apple iPhone 15,Flexible Business Pool,Flexible Business Pool,false,2025-06-16,2027-06-16,,2027-06-16,35,40.25,0,352711088223625,352711088223625,356687098914072,4457757009,F4457757009,Marketing,100245
3129439431,Active,false,false,AT&T United States,ATT Corporate,Susan Ramirez,Yes,susan.ramirez@contoso.com,41403,41403,Sandra Hernandez,sandra.hernandez@contoso.com,Apple iPhone 14,Business Unlimited,Business Unlimited,false,2023-09-20,2025-09-20,,2025-09-20,50,56.75,0,353597847178818,353597847178818,358516118467412,1241941984,F1241941984,Sales,100246
3053766150,Active,false,false,AT&T United States,ATT Corporate,Joseph Tremblay,Yes,joseph.tremblay@contoso.com,41700,41700,Joseph Gonzalez,joseph.gonzalez@contoso.com,Netgear Nighthawk M6,Mobile Hotspot 50GB,Mobile Hotspot 50GB,true,2026-05-09,2028-05-09,,2028-05-09,40,46,0,355842069253554,355842069253554,357461542581651,1049832004,F1049832004,Research & Development,100247
2016957105,Active,false,false,Verizon United States,VZW Corporate,Susan Nguyen,Yes,susan.nguyen@contoso.com,41206,41206,Elizabeth Green,elizabeth.green@contoso.com,Apple iPhone 13,Flexible Business Pool,Flexible Business Pool,false,2024-05-16,2026-05-16,,2026-05-16,45,50.25,0,352748589575888,352748589575888,352118088344783,3308592457,F3308592457,Supply Chain,100248
6313840087,Cancelled,false,false,Verizon United States,VZW Corporate,Sarah Roberts,Yes,sarah.roberts@contoso.com,41707,41707,Stephanie Tremblay,stephanie.tremblay@contoso.com,Apple iPad Air,Tablet Data 10GB,Tablet Data 10GB,true,2025-11-08,2027-11-08,,2027-11-08,20,23,0,358866467630832,358866467630832,356531061087004,1528475568,F1528475568,Research & Development,100249
2124544925,Active,false,false,Verizon United States,VZW Corporate,Mateo Chen,Yes,mateo.chen@contoso.com,41200,41200,Mia Thomas,mia.thomas@contoso.com,Apple iPhone 16,Business Unlimited Plus,Business Unlimited Plus,false,2026-08-18,2028-08-18,,2028-08-18,55,63.25,0,358827724365642,358827724365642,357197624052053,3192968846,F3192968846,Supply Chain,100250
4374614270,Active,false,false,Rogers Canada,Rogers Enterprise,Linda Johnson,Yes,linda.johnson@contoso.com,41607,41607,Zoe Miller,zoe.miller@contoso.com,Apple iPhone 13,Business Unlimited,Business Unlimited,false,2022-11-30,2024-11-30,,2024-11-30,45,51.75,0,353872919343584,353872919343584,359024717150850,3982920803,F3982920803,Human Resources,100251
4045880424,Active,false,false,AT&T United States,ATT Corporate,Ana King,Yes,ana.king@contoso.com,41801,41801,Stephanie Gagnon,stephanie.gagnon@contoso.com,Apple iPhone 13,Flexible Business Pool,Flexible Business Pool,false,2026-02-19,2028-02-19,,2028-02-19,40,45.25,0,352362567627306,352362567627306,353191593500002,3282647005,F3282647005,Operations,100252
2063262879,Active,false,false,T-Mobile United States,TMO Corporate,Thomas Brown,Yes,thomas.brown@contoso.com,41206,41206,Lisa Carter,lisa.carter@contoso.com,Apple iPhone 15,Business Unlimited,Business Unlimited,true,2024-08-14,2026-08-14,,2026-08-14,55,61.75,0,356393944251567,356393944251567,359614874600198,1206000737,F1206000737,Supply Chain,100253
3059534380,Active,false,false,AT&T United States,ATT Corporate,Melissa Nguyen,Yes,melissa.nguyen@contoso.com,41604,41604,Carlos Moore,carlos.moore@contoso.com,Apple iPhone 16,Business Unlimited,Business Unlimited,true,2025-07-15,2027-07-15,,2027-07-15,50,56.75,0,357515355865705,357515355865705,358359893337472,8330593321,F8330593321,Human Resources,100254
6046165123,Active,false,false,Rogers Canada,Rogers Enterprise,Stephanie Green,Yes,stephanie.green@contoso.com,41405,41405,Sandra Hernandez,sandra.hernandez@contoso.com,Apple iPhone 13,Flexible Business Pool,Flexible Business Pool,true,2026-05-05,2028-05-05,,2028-05-05,40,45.25,0,352588473234478,352588473234478,352398590286810,9919329410,F9919329410,Sales,100255
4047098437,Active,false,false,AT&T United States,ATT Corporate,Noah Anderson,Yes,noah.anderson@contoso.com,41305,41305,Priya Singh,priya.singh@contoso.com,Apple iPhone 14,Business Unlimited,Business Unlimited,false,2025-07-27,2027-07-27,,2027-07-27,45,51.75,0,358130181257647,358130181257647,355296449320096,9771852156,F9771852156,Marketing,100256
2125464092,Active,false,false,Verizon United States,VZW Corporate,Carlos Flores,Yes,carlos.flores@contoso.com,41807,41807,Stephanie Gagnon,stephanie.gagnon@contoso.com,Apple iPhone 14,Business Unlimited,Business Unlimited,true,2024-08-03,2026-08-03,,2026-08-03,50,56.75,0,353073858486097,353073858486097,356262580756184,7369972027,F7369972027,Operations,100257
5148307542,Active,false,false,Rogers Canada,Rogers Enterprise,Susan Harris,Yes,susan.harris@contoso.com,41405,41405,David Allen,david.allen@contoso.com,Netgear Nighthawk M6,Mobile Hotspot 50GB,Mobile Hotspot 50GB,false,2026-07-24,2028-07-24,,2028-07-24,50,56,0,356249861154972,356249861154972,352882715633429,5317105328,F5317105328,Sales,100258
9174317711,Active,false,false,Verizon United States,VZW Corporate,Mark Perez,Yes,mark.perez@contoso.com,41406,41406,Olga Lopez,olga.lopez@contoso.com,Apple iPhone 13,Business Unlimited,Business Unlimited,true,2025-10-25,2027-10-25,,2027-10-25,50,56.75,0,357585882918007,357585882918007,357409376624713,8780521609,F8780521609,Sales,100259
7022322626,Active,false,false,T-Mobile United States,TMO Corporate,Liam Robinson,Yes,liam.robinson@contoso.com,41808,41808,Mia Anderson,mia.anderson@contoso.com,Apple iPhone 16,Flexible Business Pool,Flexible Business Pool,true,2024-11-09,2026-11-09,,2026-11-09,35,40.25,0,354503259674157,354503259674157,359435094045278,9516613938,F9516613938,Operations,100260
2122212066,Active,false,false,Verizon United States,VZW Corporate,Thomas Perez,Yes,thomas.perez@contoso.com,41309,41309,Robert Smith,robert.smith@contoso.com,Samsung Galaxy S23,Business Unlimited Plus,Business Unlimited Plus,false,2024-02-09,2026-02-09,,2026-02-09,65,73.25,0,357052276967824,357052276967824,351238370688940,2015780972,F2015780972,Marketing,100261
4154871884,Active,false,false,AT&T United States,ATT Corporate,Patricia Anderson,Yes,patricia.anderson@contoso.com,41100,41100,Ethan Campbell,ethan.campbell@contoso.com,Apple iPhone 15,Business Unlimited,Business Unlimited,false,2023-07-18,2025-07-18,,2025-07-18,45,51.75,0,355637981280566,355637981280566,358549782029669,6147142330,F6147142330,Finance,100262
6466360289,Active,false,false,Verizon United States,VZW Corporate,Elizabeth Young,Yes,elizabeth.young@contoso.com,41804,41804,Emily Sanchez,emily.sanchez@contoso.com,Apple iPad 10th Gen,Tablet Data 10GB,Tablet Data 10GB,true,2023-07-29,2025-07-29,,2025-07-29,25,28,0,354511635987972,354511635987972,357687482931488,1993974205,F1993974205,Operations,100263
2122000854,Active,false,false,Verizon United States,VZW Corporate,Patricia Cohen,Yes,patricia.cohen@contoso.com,41107,41107,Jessica Anderson,jessica.anderson@contoso.com,Apple iPhone 14,Business Unlimited Plus,Business Unlimited Plus,false,,,,,55,63.25,0,354729413044520,354729413044520,359303397210220,3604991420,F3604991420,Finance,100264
6319979648,Active,false,false,Verizon United States,VZW Corporate,Lisa Wilson,Yes,lisa.wilson@contoso.com,41403,41403,David Allen,david.allen@contoso.com,Apple iPhone 16,Flexible Business Pool,Flexible Business Pool,false,2024-07-10,2026-07-10,,2026-07-10,35,40.25,0,355189189090310,355189189090310,355856105839841,2649479425,F2649479425,Sales,100265
6467462517,Active,false,false,Verizon United States,VZW Corporate,Anthony Martinez,Yes,anthony.martinez@contoso.com,41703,41703,Ava Roberts,ava.roberts@contoso.com,Apple iPhone 14,Business Unlimited,Business Unlimited,false,2025-08-09,2027-08-09,,2027-08-09,45,51.75,0,353246456063080,353246456063080,358353807384890,9483102271,F9483102271,Research & Development,100266
3122469276,Active,false,false,AT&T United States,ATT Corporate,Brian Smith,No,brian.smith@contoso.com,41302,41302,John Allen,john.allen@contoso.com,Apple iPhone 13,Flexible Business Pool,Flexible Business Pool,false,2023-03-22,2025-03-22,,2025-03-22,35,40.25,0,357995705152669,357995705152669,353908014919791,7482301234,F7482301234,Marketing,100267
9175103609,Active,false,false,Verizon United States,VZW Corporate,Nancy Hernandez,Yes,nancy.hernandez@contoso.com,41604,41604,Thomas Hernandez,thomas.hernandez@contoso.com,Apple iPhone 15,Flexible Business Pool,Flexible Business Pool,true,2026-07-29,2028-07-29,,2028-07-29,35,40.25,0,354006988652411,354006988652411,351799825686720,3291647639,F3291647639,Human Resources,100268
6318196047,Active,false,false,Verizon United States,VZW Corporate,Ashley Roberts,Yes,ashley.roberts@contoso.com,41306,41306,John Allen,john.allen@contoso.com,Google Pixel 8,Flexible Business Pool,Flexible Business Pool,false,2026-07-20,2028-07-20,,2028-07-20,40,45.25,1,352461682863285,352461682863285,358181759176364,6561533151,F6561533151,Marketing,100269
6466523614,Active,false,false,Verizon United States,VZW Corporate,Stephanie Lee,Yes,stephanie.lee@contoso.com,41805,41805,Mia Anderson,mia.anderson@contoso.com,Netgear Nighthawk M6,Mobile Hotspot 50GB,Mobile Hotspot 50GB,false,2026-06-07,2028-06-07,,2028-06-07,50,56,0,355725856724706,355725856724706,353737592669983,2915795547,F2915795547,Operations,100270
9173662911,Cancelled,false,false,Verizon United States,VZW Corporate,Thomas Hernandez,Yes,thomas.hernandez@contoso.com,41608,41608,Carlos Moore,carlos.moore@contoso.com,Apple iPhone 15,Business Unlimited,Business Unlimited,false,2022-11-28,2024-11-28,,2024-11-28,45,51.75,0,357935588348095,357935588348095,352220577513164,1616423848,F1616423848,Human Resources,100271
2063354068,Active,false,false,T-Mobile United States,TMO Corporate,Mark Nelson,Yes,mark.nelson@contoso.com,41408,41408,Liam Lee,liam.lee@contoso.com,Apple iPad Air,Tablet Data 10GB,Tablet Data 10GB,false,,,,,25,28,0,352472186445256,352472186445256,353509410476693,3575422095,F3575422095,Sales,100272
4164490915,Suspended,false,false,Bell Canada,Bell Enterprise,Carlos Smith,Yes,carlos.smith@contoso.com,41807,41807,Emily Sanchez,emily.sanchez@contoso.com,Apple iPhone 16,Business Unlimited,Business Unlimited,true,2025-09-04,2027-09-04,2024-11-15,2027-09-04,45,51.75,0,353166998316848,353166998316848,352808372468685,7634187301,F7634187301,Operations,100273
6319321841,Active,false,false,Verizon United States,VZW Corporate,Sarah Thompson,Yes,sarah.thompson@contoso.com,41506,41506,Sarah Green,sarah.green@contoso.com,Apple iPhone 14,Business Unlimited,Business Unlimited,false,2024-08-26,2026-08-26,,2026-08-26,50,56.75,0,353982819656730,353982819656730,352941285566880,1964316616,F1964316616,Information Technology,100274
4376352461,Active,false,false,Rogers Canada,Rogers Enterprise,Joseph Gonzalez,Yes,joseph.gonzalez@contoso.com,41707,41707,David Thomas,david.thomas@contoso.com,Inseego MiFi X PRO,Mobile Hotspot 50GB,Mobile Hotspot 50GB,true,2023-07-07,2025-07-07,,2025-07-07,40,46,0,356307235943388,356307235943388,357125856043552,4759823710,F4759823710,Research & Development,100275
4802681854,Active,false,false,T-Mobile United States,TMO Corporate,Jessica Martinez,Yes,jessica.martinez@contoso.com,41500,41500,Sarah Green,sarah.green@contoso.com,Apple iPad 10th Gen,Tablet Data 10GB,Tablet Data 10GB,false,2026-07-17,2028-07-17,,2028-07-17,30,33,0,358518674584261,358518674584261,353543816685172,5683434276,F5683434276,Information Technology,100276
3057468070,Suspended,false,false,AT&T United States,ATT Corporate,Richard Clark,Yes,richard.clark@contoso.com,41506,41506,Anthony Harris,anthony.harris@contoso.com,Netgear Nighthawk M6,Mobile Hotspot 50GB,Mobile Hotspot 50GB,false,2026-01-13,2028-01-13,2025-06-28,2028-01-13,40,46,1,355049387097010,355049387097010,352470530776711,4213853162,F4213853162,Information Technology,100277
6465017543,Suspended,false,false,Verizon United States,VZW Corporate,Raj Carter,Yes,raj.carter@contoso.com,41800,41800,Melissa Ramirez,melissa.ramirez@contoso.com,Apple iPhone 14,Business Unlimited,Business Unlimited,true,2026-08-06,2028-08-06,2025-06-05,2028-08-06,55,61.75,0,358408444725486,358408444725486,354707598294890,4555467593,F4555467593,Operations,100278
5032302406,Active,false,false,T-Mobile United States,TMO Corporate,David Allen,Yes,david.allen@contoso.com,41400,41400,Sandra Hernandez,sandra.hernandez@contoso.com,Samsung Galaxy S24,Business Unlimited Plus,Business Unlimited Plus,false,2026-01-20,2028-01-20,,2028-01-20,60,68.25,0,353484059809083,353484059809083,355308191471513,1330992932,F1330992932,Sales,100279
2142329898,Active,true,false,AT&T United States,ATT Corporate,Ashley Smith,Yes,ashley.smith@contoso.com,41606,41606,Zoe Miller,zoe.miller@contoso.com,Samsung Galaxy S23,Business Unlimited Plus,Business Unlimited Plus,false,2023-09-12,2025-09-12,,2025-09-12,60,68.25,0,354052652871528,354052652871528,353819660183557,5341643190,F5341643190,Human Resources,100280
4169603471,Active,false,false,Bell Canada,Bell Enterprise,Michelle Wright,Yes,michelle.wright@contoso.com,41408,41408,Sandra Hernandez,sandra.hernandez@contoso.com,Apple iPhone 14,Flexible Business Pool,Flexible Business Pool,false,2024-08-12,2026-08-12,,2026-08-12,40,45.25,0,354848531201747,354848531201747,354231500283443,8268916871,F8268916871,Sales,100281
4154882666,Active,false,false,AT&T United States,ATT Corporate,Patricia Novak,Yes,patricia.novak@contoso.com,41709,41709,Stephanie Tremblay,stephanie.tremblay@contoso.com,Apple iPhone 15,Business Unlimited,Business Unlimited,false,2022-08-27,2024-08-27,,2024-08-27,45,51.75,0,352874931757545,352874931757545,354724017189317,3564571185,F3564571185,Research & Development,100282
9172955056,Cancelled,false,false,Verizon United States,VZW Corporate,Mark Harris,Yes,mark.harris@contoso.com,41708,41708,Hiroshi Perez,hiroshi.perez@contoso.com,Apple iPhone 16,Flexible Business Pool,Flexible Business Pool,false,,,,,45,50.25,0,359797803004964,359797803004964,356532754896392,8524105278,F8524105278,Research & Development,100283
9052384753,Active,false,false,Bell Canada,Bell Enterprise,Jennifer Flores,Yes,jennifer.flores@contoso.com,41506,41506,Michelle Roy,michelle.roy@contoso.com,Apple iPhone 14,Flexible Business Pool,Flexible Business Pool,false,2025-10-03,2027-10-03,,2027-10-03,35,40.25,0,353663572171066,353663572171066,359146188767161,3688446467,F3688446467,Information Technology,100284
4803345554,Active,false,false,T-Mobile United States,TMO Corporate,Elizabeth Smith,Yes,elizabeth.smith@contoso.com,41207,41207,Elizabeth Green,elizabeth.green@contoso.com,Apple iPhone 15,Flexible Business Pool,Flexible Business Pool,true,2025-05-16,2027-05-16,,2027-05-16,45,50.25,0,357336325916718,357336325916718,358580360185591,8227886543,F8227886543,Supply Chain,100285
2015212780,Active,true,false,Verizon United States,VZW Corporate,David Walker,Yes,david.walker@contoso.com,41303,41303,Carlos Adams,carlos.adams@contoso.com,Apple iPhone 16,Business Unlimited Plus,Business Unlimited Plus,true,2024-03-05,2026-03-05,,2026-03-05,65,73.25,0,356200922168015,356200922168015,352198989394630,6855450328,F6855450328,Marketing,100286
6046106701,Cancelled,false,false,Rogers Canada,Rogers Enterprise,Jennifer Walker,Yes,jennifer.walker@contoso.com,41108,41108,Ethan Campbell,ethan.campbell@contoso.com,Samsung Galaxy S23,Business Unlimited Plus,Business Unlimited Plus,false,2024-07-14,2026-07-14,,2026-07-14,55,63.25,0,358752969952352,358752969952352,356518827010034,2604956698,F2604956698,Finance,100287
3104976157,Active,false,false,AT&T United States,ATT Corporate,Patricia Scott,Yes,patricia.scott@contoso.com,41404,41404,Jennifer Nguyen,jennifer.nguyen@contoso.com,Apple iPhone SE,Flexible Business Pool,Flexible Business Pool,false,,,,,45,50.25,0,354921618582286,354921618582286,357137909858819,7295896324,F7295896324,Sales,100288
4803174560,Cancelled,false,false,T-Mobile United States,TMO Corporate,David Nelson,Yes,david.nelson@contoso.com,41408,41408,Wei Hall,wei.hall@contoso.com,Apple iPhone 15,Business Unlimited Plus,Business Unlimited Plus,true,2026-08-27,2028-08-27,,2028-08-27,65,73.25,0,351671967298611,351671967298611,353738235273574,9368888421,F9368888421,Sales,100289
2014764129,Active,false,false,Verizon United States,VZW Corporate,Robert Williams,Yes,robert.williams@contoso.com,41205,41205,Elizabeth Green,elizabeth.green@contoso.com,Apple iPad Air,Tablet Unlimited,Tablet Unlimited,false,2026-07-07,2028-07-07,,2028-07-07,30,34.5,0,354099401676565,354099401676565,353491440053530,5592432662,F5592432662,Supply Chain,100290
4154035722,Active,false,false,AT&T United States,ATT Corporate,Joseph Rodriguez,Yes,joseph.rodriguez@contoso.com,41407,41407,Sandra Hernandez,sandra.hernandez@contoso.com,Apple iPhone 15,Business Unlimited,Business Unlimited,false,2024-10-10,2026-10-10,,2026-10-10,45,51.75,0,358374209488510,358374209488510,359364369890040,4366641864,F4366641864,Sales,100291
3103547514,Active,false,false,AT&T United States,ATT Corporate,Hiroshi Brown,Yes,hiroshi.brown@contoso.com,41909,41909,Thomas White,thomas.white@contoso.com,Samsung Galaxy Tab S9,Tablet Data 10GB,Tablet Data 10GB,true,2025-01-22,2027-01-22,,2027-01-22,20,23,0,353598170970571,353598170970571,352998518753977,8189540372,F8189540372,Legal,100292
3059922721,Active,false,false,AT&T United States,ATT Corporate,Liam Chen,Yes,liam.chen@contoso.com,41504,41504,John Williams,john.williams@contoso.com,Apple iPhone SE,Flexible Business Pool,Flexible Business Pool,false,2026-05-27,2028-05-27,,2028-05-27,35,40.25,0,357642600471708,357642600471708,357121256699372,5102142411,F5102142411,Information Technology,100293
3123162880,Active,false,false,AT&T United States,ATT Corporate,Amanda Scott,Yes,amanda.scott@contoso.com,41301,41301,Anthony Miller,anthony.miller@contoso.com,Apple iPhone SE,Business Unlimited Plus,Business Unlimited Plus,true,2025-06-06,2027-06-06,,2027-06-06,55,63.25,0,358535343269378,358535343269378,354111158866885,7167041161,F7167041161,Marketing,100294
4379698924,Active,false,false,Rogers Canada,Rogers Enterprise,Ahmed Rodriguez,Yes,ahmed.rodriguez@contoso.com,41507,41507,Karen Singh,karen.singh@contoso.com,Apple iPad Air,Tablet Data 10GB,Tablet Data 10GB,true,2025-04-12,2027-04-12,,2027-04-12,30,33,0,359853835006458,359853835006458,354725543284367,2636725415,F2636725415,Information Technology,100295
6314705036,Active,false,false,Verizon United States,VZW Corporate,Ahmed Singh,Yes,ahmed.singh@contoso.com,41501,41501,Joseph Allen,joseph.allen@contoso.com,Apple iPad Air,Tablet Unlimited,Tablet Unlimited,true,2023-12-31,2025-12-31,,2025-12-31,35,39.5,0,351074051912475,351074051912475,351573011157674,1066701133,F1066701133,Information Technology,100296
9736392111,Active,false,false,Verizon United States,VZW Corporate,Mary Rodriguez,Yes,mary.rodriguez@contoso.com,41103,41103,Jessica Anderson,jessica.anderson@contoso.com,Netgear Nighthawk M6,Mobile Hotspot 50GB,Mobile Hotspot 50GB,false,2022-10-19,2024-10-19,,2024-10-19,50,56,0,354056848967741,354056848967741,358692966937450,1992006484,F1992006484,Finance,100297
6472119720,Cancelled,false,false,Bell Canada,Bell Enterprise,Ahmed Jackson,Yes,ahmed.jackson@contoso.com,41106,41106,Ethan Campbell,ethan.campbell@contoso.com,Apple iPhone SE,Business Unlimited Plus,Business Unlimited Plus,true,2024-07-07,2026-07-07,,2026-07-07,60,68.25,0,351485988643249,351485988643249,352387155895022,7750803127,F7750803127,Finance,100298
9178750847,Active,false,false,Verizon United States,VZW Corporate,Liam Williams,Yes,liam.williams@contoso.com,41608,41608,Carlos Moore,carlos.moore@contoso.com,Apple iPhone SE,Business Unlimited,Business Unlimited,false,2025-01-13,2027-01-13,,2027-01-13,45,51.75,0,352457174878296,352457174878296,353529456460945,3694825728,F3694825728,Human Resources,100299
2013038045,Active,false,false,Verizon United States,VZW Corporate,Melissa Brown,Yes,melissa.brown@contoso.com,41301,41301,Robert Smith,robert.smith@contoso.com,Apple iPhone 15,Business Unlimited,Business Unlimited,true,2023-12-19,2025-12-19,,2025-12-19,55,61.75,0,351385668484408,351385668484408,352294562177916,3687286994,F3687286994,Marketing,100300
2065515681,Active,false,false,T-Mobile United States,TMO Corporate,Patricia Smith,Yes,patricia.smith@contoso.com,41203,41203,Emily Martinez,emily.martinez@contoso.com,Apple iPhone 15,Business Unlimited,Business Unlimited,true,2025-11-22,2027-11-22,,2027-11-22,45,51.75,0,351088246471576,351088246471576,355478541486059,4979644466,F4979644466,Supply Chain,100301
9174807890,Active,false,false,Verizon United States,VZW Corporate,Chloe Campbell,Yes,chloe.campbell@contoso.com,41301,41301,John Allen,john.allen@contoso.com,Apple iPhone 14,Business Unlimited,Business Unlimited,false,2023-03-17,2025-03-17,,2025-03-17,45,51.75,0,357129313338855,357129313338855,356178235586239,8769646224,F8769646224,Marketing,100302
4154107992,Active,false,false,AT&T United States,ATT Corporate,Richard Gagnon,Yes,richard.gagnon@contoso.com,41104,41104,Ethan Campbell,ethan.campbell@contoso.com,Apple iPad 10th Gen,Tablet Unlimited,Tablet Unlimited,false,2025-02-28,2027-02-28,,2027-02-28,35,39.5,0,358453684491450,358453684491450,358552197675764,6810727866,F6810727866,Finance,100303
4155307035,Active,false,false,AT&T United States,ATT Corporate,Yuki King,Yes,yuki.king@contoso.com,41409,41409,David Allen,david.allen@contoso.com,Apple iPhone 15,Flexible Business Pool,Flexible Business Pool,false,,,,,40,45.25,0,354271866986328,354271866986328,355313683666182,1311987868,F1311987868,Sales,100304
4044909859,Active,false,false,AT&T United States,ATT Corporate,Paul Rivera,Yes,paul.rivera@contoso.com,41806,41806,Emily Sanchez,emily.sanchez@contoso.com,Samsung Galaxy S24,Business Unlimited,Business Unlimited,false,2024-01-06,2026-01-06,,2026-01-06,50,56.75,0,352809115229911,352809115229911,355890082082129,3883404698,F3883404698,Operations,100305
9735349685,Active,false,false,Verizon United States,VZW Corporate,Amanda Smith,Yes,amanda.smith@contoso.com,41202,41202,Joseph Nguyen,joseph.nguyen@contoso.com,Apple iPhone 16,Business Unlimited Plus,Business Unlimited Plus,false,2023-06-16,2025-06-16,,2025-06-16,65,73.25,0,355159172703069,355159172703069,351376137833271,2224224246,F2224224246,Supply Chain,100306
6315084500,Active,false,false,Verizon United States,VZW Corporate,Anthony Baker,Yes,anthony.baker@contoso.com,41805,41805,Ana Torres,ana.torres@contoso.com,Apple iPhone 13,Flexible Business Pool,Flexible Business Pool,true,2025-07-20,2027-07-20,,2027-07-20,35,40.25,0,358040936702930,358040936702930,356509475012835,5497143326,F5497143326,Operations,100307
9059417138,Active,false,false,Bell Canada,Bell Enterprise,Sarah Hall,Yes,sarah.hall@contoso.com,41705,41705,Ava Roberts,ava.roberts@contoso.com,Inseego MiFi X PRO,Mobile Hotspot 50GB,Mobile Hotspot 50GB,false,2024-04-22,2026-04-22,,2026-04-22,40,46,0,353994564333607,353994564333607,354359042454425,8783691893,F8783691893,Research & Development,100308
2014762790,Active,false,false,Verizon United States,VZW Corporate,Jennifer Campbell,Yes,jennifer.campbell@contoso.com,41406,41406,Liam Lee,liam.lee@contoso.com,Google Pixel 8,Business Unlimited,Business Unlimited,true,2025-12-06,2027-12-06,,2027-12-06,55,61.75,0,353426333791573,353426333791573,359107109199992,1514972684,F1514972684,Sales,100309
3129917908,Active,false,false,AT&T United States,ATT Corporate,Linda Jackson,Yes,linda.jackson@contoso.com,41509,41509,Michelle Roy,michelle.roy@contoso.com,Samsung Galaxy S24,Flexible Business Pool,Flexible Business Pool,false,2024-08-09,2026-08-09,,2026-08-09,45,50.25,0,352615877637986,352615877637986,357206583341431,4748958133,F4748958133,Information Technology,100310
9739798644,Active,false,false,Verizon United States,VZW Corporate,Mateo Rodriguez,No,mateo.rodriguez@contoso.com,41108,41108,Joshua Singh,joshua.singh@contoso.com,Apple iPhone 16,Business Unlimited,Business Unlimited,false,2023-09-01,2025-09-01,,2025-09-01,55,61.75,0,356488729324056,356488729324056,358987387240694,3814446299,F3814446299,Finance,100311
6047911672,Active,false,true,Rogers Canada,Rogers Enterprise,Ahmed Campbell,Yes,ahmed.campbell@contoso.com,42008,42008,Sarah Patel,sarah.patel@contoso.com,Apple iPad 10th Gen,Tablet Data 10GB,Tablet Data 10GB,true,2026-05-06,2028-05-06,,2028-05-06,30,33,0,359109530859434,359109530859434,352884958909829,4199862297,F4199862297,Executive Office,100312
9735410870,Active,false,false,Verizon United States,VZW Corporate,Linda Taylor,Yes,linda.taylor@contoso.com,41707,41707,Zoe Singh,zoe.singh@contoso.com,Apple iPhone 16,Flexible Business Pool,Flexible Business Pool,false,2025-01-14,2027-01-14,,2027-01-14,35,40.25,0,355795079045774,355795079045774,352719575114329,9800965219,F9800965219,Research & Development,100313
4153170870,Active,false,false,AT&T United States,ATT Corporate,Wei Jones,Yes,wei.jones@contoso.com,41207,41207,Lisa Carter,lisa.carter@contoso.com,Apple iPhone 13,Business Unlimited Plus,Business Unlimited Plus,false,2023-02-13,2025-02-13,,2025-02-13,65,73.25,0,351630909472049,351630909472049,355683984948860,2025497024,F2025497024,Supply Chain,100314
9178524718,Active,false,false,Verizon United States,VZW Corporate,Priya Cohen,Yes,priya.cohen@contoso.com,41702,41702,Stephanie Tremblay,stephanie.tremblay@contoso.com,Apple iPhone 16,Flexible Business Pool,Flexible Business Pool,false,2026-03-23,2028-03-23,,2028-03-23,35,40.25,0,352657870720170,352657870720170,359852722504544,7966945268,F7966945268,Research & Development,100315
6464701261,Active,false,false,Verizon United States,VZW Corporate,Mateo Robinson,Yes,mateo.robinson@contoso.com,41103,41103,Jessica Anderson,jessica.anderson@contoso.com,Apple iPhone 15,Business Unlimited Plus,Business Unlimited Plus,true,2022-08-12,2024-08-12,,2024-08-12,55,63.25,0,359589938914772,359589938914772,355354552315912,3029665156,F3029665156,Finance,100316
4049525747,Active,false,false,AT&T United States,ATT Corporate,Steven Thompson,Yes,steven.thompson@contoso.com,41405,41405,Olga Lopez,olga.lopez@contoso.com,Apple iPhone 15,Business Unlimited,Business Unlimited,false,2025-01-12,2027-01-12,,2027-01-12,55,61.75,0,355460265526138,355460265526138,359071808159957,6809486058,F6809486058,Sales,100317
9177090506,Cancelled,false,false,Verizon United States,VZW Corporate,Raj Lee,Yes,raj.lee@contoso.com,41803,41803,Stephanie Gagnon,stephanie.gagnon@contoso.com,Samsung Galaxy S24,Flexible Business Pool,Flexible Business Pool,true,2023-04-17,2025-04-17,,2025-04-17,45,50.25,0,358580502561393,358580502561393,354630791061978,4197023855,F4197023855,Operations,100318
6044825067,Active,false,false,Rogers Canada,Rogers Enterprise,Raj Torres,Yes,raj.torres@contoso.com,41100,41100,Ethan Campbell,ethan.campbell@contoso.com,Apple iPad 10th Gen,Tablet Data 10GB,Tablet Data 10GB,false,2026-08-15,2028-08-15,,2028-08-15,20,23,0,351722373009092,351722373009092,357041738379275,5823081903,F5823081903,Finance,100319
4373664974,Active,false,false,Rogers Canada,Rogers Enterprise,Richard King,Yes,richard.king@contoso.com,41307,41307,Joshua Carter,joshua.carter@contoso.com,Apple iPhone 14,Flexible Business Pool,Flexible Business Pool,true,2026-06-15,2028-06-15,,2028-06-15,35,40.25,0,356070152305886,356070152305886,351271848781343,2949306060,F2949306060,Marketing,100320
2149879187,Active,false,false,AT&T United States,ATT Corporate,Joshua Davis,Yes,joshua.davis@contoso.com,41404,41404,Wei Hall,wei.hall@contoso.com,Samsung Galaxy S24,Business Unlimited,Business Unlimited,true,2025-04-24,2027-04-24,,2027-04-24,55,61.75,0,353509423414914,353509423414914,358598642084430,5641648217,F5641648217,Sales,100321
9177922280,Active,false,false,Verizon United States,VZW Corporate,Zoe Young,Yes,zoe.young@contoso.com,41407,41407,Sandra Hernandez,sandra.hernandez@contoso.com,Samsung Galaxy Tab S9,Tablet Unlimited,Tablet Unlimited,true,2026-08-16,2028-08-16,,2028-08-16,30,34.5,0,355398903385715,355398903385715,358323502027012,3380630664,F3380630664,Sales,100322
2015627006,Active,false,false,Verizon United States,VZW Corporate,Lisa Allen,Yes,lisa.allen@contoso.com,41405,41405,Jennifer Nguyen,jennifer.nguyen@contoso.com,Apple iPad 10th Gen,Tablet Unlimited,Tablet Unlimited,false,2024-11-23,2026-11-23,,2026-11-23,30,34.5,0,358397937511683,358397937511683,358219674440363,2981199619,F2981199619,Sales,100323
3122546433,Active,false,false,AT&T United States,ATT Corporate,David Thomas,Yes,david.thomas@contoso.com,41708,41708,Zoe Singh,zoe.singh@contoso.com,Apple iPhone 15,Business Unlimited,Business Unlimited,false,2025-09-01,2027-09-01,,2027-09-01,45,51.75,0,358087236928713,358087236928713,351105957183509,7519795910,F7519795910,Research & Development,100324
6317988369,Active,false,false,Verizon United States,VZW Corporate,Zoe Thompson,Yes,zoe.thompson@contoso.com,41806,41806,Emily Sanchez,emily.sanchez@contoso.com,Apple iPhone 16,Business Unlimited Plus,Business Unlimited Plus,true,,,,,55,63.25,0,353398719068461,353398719068461,353722374708729,3953969835,F3953969835,Operations,100325
2016953015,Active,false,false,Verizon United States,VZW Corporate,Barbara Ramirez,Yes,barbara.ramirez@contoso.com,41408,41408,David Allen,david.allen@contoso.com,Apple iPhone 16,Business Unlimited,Business Unlimited,false,2026-01-31,2028-01-31,,2028-01-31,45,51.75,0,355135281575697,355135281575697,355580783278829,8221216341,F8221216341,Sales,100326
2015764508,Active,false,false,Verizon United States,VZW Corporate,Yuki Flores,Yes,yuki.flores@contoso.com,41807,41807,Melissa Ramirez,melissa.ramirez@contoso.com,Samsung Galaxy S23,Flexible Business Pool,Flexible Business Pool,true,2026-01-22,2028-01-22,,2028-01-22,40,45.25,0,357787728472581,357787728472581,359160898866324,2824643661,F2824643661,Operations,100327
6316694536,Suspended,false,false,Verizon United States,VZW Corporate,Mia Brown,Yes,mia.brown@contoso.com,41206,41206,Mia Thomas,mia.thomas@contoso.com,Apple iPhone SE,Flexible Business Pool,Flexible Business Pool,false,2025-02-13,2027-02-13,2025-05-30,2027-02-13,40,45.25,0,357292807044354,357292807044354,359855625659080,6200261098,F6200261098,Supply Chain,100328
2146956168,Active,false,false,AT&T United States,ATT Corporate,Zoe Rodriguez,Yes,zoe.rodriguez@contoso.com,41804,41804,Mia Anderson,mia.anderson@contoso.com,Apple iPad 10th Gen,Tablet Data 10GB,Tablet Data 10GB,false,2023-12-07,2025-12-07,,2025-12-07,20,23,0,359302010958171,359302010958171,353277446034147,8291861073,F8291861073,Operations,100329
9179783793,Active,false,false,Verizon United States,VZW Corporate,Yuki Ramirez,Yes,yuki.ramirez@contoso.com,41206,41206,Elizabeth Green,elizabeth.green@contoso.com,Apple iPad 10th Gen,Tablet Data 10GB,Tablet Data 10GB,false,2025-12-13,2027-12-13,,2027-12-13,25,28,0,352852147167659,352852147167659,357759816698333,1276466636,F1276466636,Supply Chain,100330
3054043206,Active,false,false,AT&T United States,ATT Corporate,Mark Hill,Yes,mark.hill@contoso.com,41206,41206,Lisa Carter,lisa.carter@contoso.com,Apple iPad Air,Tablet Data 10GB,Tablet Data 10GB,false,2026-08-04,2028-08-04,,2028-08-04,20,23,0,359638263689787,359638263689787,354965483558558,5991136756,F5991136756,Supply Chain,100331
6468988653,Active,false,false,Verizon United States,VZW Corporate,Olga Gonzalez,Yes,olga.gonzalez@contoso.com,41206,41206,Lisa Carter,lisa.carter@contoso.com,Apple iPad Air,Tablet Data 10GB,Tablet Data 10GB,false,2024-06-19,2026-06-19,,2026-06-19,30,33,0,354343615613712,354343615613712,354650002377586,6807251282,F6807251282,Supply Chain,100332
9057535421,Active,false,false,Bell Canada,Bell Enterprise,Michelle Wilson,Yes,michelle.wilson@contoso.com,41407,41407,David Allen,david.allen@contoso.com,Apple iPhone 13,Business Unlimited,Business Unlimited,false,2022-10-14,2024-10-14,,2024-10-14,45,51.75,0,354938581829648,354938581829648,355423078218309,2537191134,F2537191134,Sales,100333
6474690491,Active,false,false,Bell Canada,Bell Enterprise,Jessica Mitchell,Yes,jessica.mitchell@contoso.com,41107,41107,Kevin Miller,kevin.miller@contoso.com,Inseego MiFi X PRO,Mobile Hotspot 50GB,Mobile Hotspot 50GB,false,2025-10-06,2027-10-06,,2027-10-06,45,51,0,356944373356554,356944373356554,355588834995832,6156156606,F6156156606,Finance,100334
4379830579,Active,false,false,Rogers Canada,Rogers Enterprise,Robert Lewis,Yes,robert.lewis@contoso.com,41301,41301,Anthony Miller,anthony.miller@contoso.com,Samsung Galaxy S24,Business Unlimited,Business Unlimited,true,2025-12-01,2027-12-01,,2027-12-01,55,61.75,0,352421330793912,352421330793912,355759379810101,4106677731,F4106677731,Marketing,100335
9738226215,Active,false,false,Verizon United States,VZW Corporate,Emily Gonzalez,Yes,emily.gonzalez@contoso.com,41201,41201,Lisa Carter,lisa.carter@contoso.com,Apple iPad Air,Tablet Data 10GB,Tablet Data 10GB,false,2023-08-06,2025-08-06,,2025-08-06,30,33,0,351320996937506,351320996937506,359480638394383,5518908675,F5518908675,Supply Chain,100336
6462949643,Active,false,false,Verizon United States,VZW Corporate,Priya Kim,Yes,priya.kim@contoso.com,41401,41401,David Allen,david.allen@contoso.com,Apple iPhone SE,Business Unlimited Plus,Business Unlimited Plus,true,,,,,55,63.25,0,354994362748221,354994362748221,351265436568521,1244313440,F1244313440,Sales,100337
5147065848,Active,false,false,Rogers Canada,Rogers Enterprise,Betty Taylor,Yes,betty.taylor@contoso.com,41703,41703,Joseph Gonzalez,joseph.gonzalez@contoso.com,Apple iPhone 16,Business Unlimited Plus,Business Unlimited Plus,true,2025-07-18,2027-07-18,,2027-07-18,65,73.25,0,354877748847796,354877748847796,356147739090677,9130280665,F9130280665,Research & Development,100338
3129599059,Active,true,false,AT&T United States,ATT Corporate,Chloe Flores,Yes,chloe.flores@contoso.com,41208,41208,Joseph Nguyen,joseph.nguyen@contoso.com,Apple iPhone SE,Business Unlimited Plus,Business Unlimited Plus,false,2024-08-13,2026-08-13,,2026-08-13,55,63.25,0,353156978831290,353156978831290,351627674944081,5200090187,F5200090187,Supply Chain,100339
2012196268,Active,false,false,Verizon United States,VZW Corporate,Hiroshi Clark,Yes,hiroshi.clark@contoso.com,41403,41403,Jennifer Nguyen,jennifer.nguyen@contoso.com,Apple iPhone 13,Business Unlimited Plus,Business Unlimited Plus,true,2025-04-24,2027-04-24,,2027-04-24,60,68.25,0,358809902660206,358809902660206,354947265708360,6178571453,F6178571453,Sales,100340
5145497111,Active,false,false,Rogers Canada,Rogers Enterprise,Yuki Scott,Yes,yuki.scott@contoso.com,41307,41307,Priya Singh,priya.singh@contoso.com,Inseego MiFi X PRO,Mobile Hotspot 50GB,Mobile Hotspot 50GB,false,2026-07-31,2028-07-31,,2028-07-31,50,56,0,358524206070138,358524206070138,352003958916479,4467742419,F4467742419,Marketing,100341
4152154598,Active,false,false,AT&T United States,ATT Corporate,Kevin Patel,Yes,kevin.patel@contoso.com,41108,41108,Patricia Anderson,patricia.anderson@contoso.com,Samsung Galaxy S24,Flexible Business Pool,Flexible Business Pool,false,2023-10-31,2025-10-31,,2025-10-31,35,40.25,0,355827332646562,355827332646562,356203536723266,2694799285,F2694799285,Finance,100342
2126770606,Active,false,false,Verizon United States,VZW Corporate,Chloe Cohen,Yes,chloe.cohen@contoso.com,41600,41600,Carlos Moore,carlos.moore@contoso.com,Apple iPhone 13,Business Unlimited Plus,Business Unlimited Plus,false,2026-07-12,2028-07-12,,2028-07-12,55,63.25,0,357313455404438,357313455404438,358186415912609,9841554539,F9841554539,Human Resources,100343
3058710812,Active,false,false,AT&T United States,ATT Corporate,Joshua Singh,Yes,joshua.singh@contoso.com,41101,41101,Raj Harris,raj.harris@contoso.com,Apple iPhone 15,Business Unlimited Plus,Business Unlimited Plus,false,2023-08-16,2025-08-16,,2025-08-16,60,68.25,0,353011044015112,353011044015112,351677121354625,2362941028,F2362941028,Finance,100344
9736541854,Active,false,false,Verizon United States,VZW Corporate,Emily White,Yes,emily.white@contoso.com,41808,41808,Emily Sanchez,emily.sanchez@contoso.com,Apple iPad Air,Tablet Unlimited,Tablet Unlimited,false,2022-12-06,2024-12-06,,2024-12-06,35,39.5,0,352363699513672,352363699513672,354587315507998,2786576136,F2786576136,Operations,100345
9173539686,Active,false,false,Verizon United States,VZW Corporate,Liam Adams,Yes,liam.adams@contoso.com,41408,41408,Olga Lopez,olga.lopez@contoso.com,Apple iPhone 14,Flexible Business Pool,Flexible Business Pool,false,2022-09-30,2024-09-30,,2024-09-30,35,40.25,0,352868420447004,352868420447004,354722057477254,8765447816,F8765447816,Sales,100346
6467788249,Active,false,false,Verizon United States,VZW Corporate,Brian Sanchez,Yes,brian.sanchez@contoso.com,41905,41905,Yuki Wright,yuki.wright@contoso.com,Apple iPhone 13,Flexible Business Pool,Flexible Business Pool,false,2022-12-06,2024-12-06,,2024-12-06,40,45.25,0,358356136307367,358356136307367,351905371398898,7902450578,F7902450578,Legal,100347
6479506716,Active,false,false,Bell Canada,Bell Enterprise,Anthony Smith,Yes,anthony.smith@contoso.com,41603,41603,Brian Wilson,brian.wilson@contoso.com,Apple iPhone 15,Business Unlimited Plus,Business Unlimited Plus,false,2023-11-06,2025-11-06,,2025-11-06,55,63.25,0,352401713606257,352401713606257,352346496485717,9223296899,F9223296899,Human Resources,100348
6045211932,Active,false,false,Rogers Canada,Rogers Enterprise,Charles Anderson,Yes,charles.anderson@contoso.com,41304,41304,Priya Singh,priya.singh@contoso.com,Apple iPhone 15,Business Unlimited Plus,Business Unlimited Plus,false,2024-11-20,2026-11-20,,2026-11-20,65,73.25,0,358185830351636,358185830351636,359883800646388,5223016951,F5223016951,Marketing,100349
2012242735,Cancelled,false,false,Verizon United States,VZW Corporate,John Walker,Yes,john.walker@contoso.com,41404,41404,Wei Hall,wei.hall@contoso.com,Apple iPhone 16,Business Unlimited Plus,Business Unlimited Plus,false,2023-08-07,2025-08-07,,2025-08-07,55,63.25,0,352288446953443,352288446953443,357828648489099,9178736108,F9178736108,Sales,100350
6315637354,Active,false,false,Verizon United States,VZW Corporate,Carlos Patel,Yes,carlos.patel@contoso.com,41702,41702,Joseph Gonzalez,joseph.gonzalez@contoso.com,Apple iPad Air,Tablet Unlimited,Tablet Unlimited,false,2023-07-23,2025-07-23,,2025-07-23,30,34.5,0,358193686569521,358193686569521,358914039162032,7166242227,F7166242227,Research & Development,100351
9739399635,Active,false,false,Verizon United States,VZW Corporate,Ethan Campbell,Yes,ethan.campbell@contoso.com,41101,41101,Patricia Anderson,patricia.anderson@contoso.com,Apple iPhone 16,Flexible Business Pool,Flexible Business Pool,true,2024-03-22,2026-03-22,,2026-03-22,45,50.25,0,352704127086101,352704127086101,356227972763562,7413646620,F7413646620,Finance,100352
6466408505,Active,false,false,Verizon United States,VZW Corporate,Mia Davis,Yes,mia.davis@contoso.com,41604,41604,Liam Williams,liam.williams@contoso.com,Apple iPhone 14,Business Unlimited,Business Unlimited,true,2026-03-01,2028-03-01,,2028-03-01,50,56.75,0,352749401887145,352749401887145,356009423705186,1711214547,F1711214547,Human Resources,100353
5142289804,Active,false,false,Rogers Canada,Rogers Enterprise,Michelle Hernandez,Yes,michelle.hernandez@contoso.com,41502,41502,Joseph Allen,joseph.allen@contoso.com,Samsung Galaxy S23,Business Unlimited,Business Unlimited,false,2025-05-07,2027-05-07,,2027-05-07,55,61.75,0,351699661087348,351699661087348,354435110514025,5323593724,F5323593724,Information Technology,100354
4806428081,Active,false,false,T-Mobile United States,TMO Corporate,Olga Hernandez,Yes,olga.hernandez@contoso.com,41308,41308,Priya Singh,priya.singh@contoso.com,Apple iPhone 13,Business Unlimited Plus,Business Unlimited Plus,false,2023-03-03,2025-03-03,,2025-03-03,55,63.25,0,352525843209297,352525843209297,353408894696811,9560201622,F9560201622,Marketing,100355
7022397100,Active,false,false,T-Mobile United States,TMO Corporate,Carlos Young,Yes,carlos.young@contoso.com,41807,41807,Melissa Ramirez,melissa.ramirez@contoso.com,Apple iPhone 15,Flexible Business Pool,Flexible Business Pool,true,2023-02-06,2025-02-06,,2025-02-06,35,40.25,0,356585696437527,356585696437527,351625459254483,3694168784,F3694168784,Operations,100356
9739403509,Active,false,false,Verizon United States,VZW Corporate,John Roy,Yes,john.roy@contoso.com,41306,41306,Robert Smith,robert.smith@contoso.com,Apple iPhone 15,Business Unlimited,Business Unlimited,false,2022-12-29,2024-12-29,,2024-12-29,50,56.75,0,358636465586365,358636465586365,359628878182619,1764998225,F1764998225,Marketing,100357
4048456425,Active,false,false,AT&T United States,ATT Corporate,Charles Thomas,Yes,charles.thomas@contoso.com,41300,41300,Joshua Carter,joshua.carter@contoso.com,Apple iPhone SE,Business Unlimited,Business Unlimited,true,2026-07-11,2028-07-11,,2028-07-11,55,61.75,0,357281809899050,357281809899050,359463419515524,2268807306,F2268807306,Marketing,100358
6049136522,Active,false,false,Rogers Canada,Rogers Enterprise,Daniel Nelson,Yes,daniel.nelson@contoso.com,41202,41202,Lisa Carter,lisa.carter@contoso.com,Apple iPhone 15,Flexible Business Pool,Flexible Business Pool,false,2023-02-18,2025-02-18,,2025-02-18,40,45.25,0,353253590036805,353253590036805,351507814857130,6544503163,F6544503163,Supply Chain,100359
3128510747,Suspended,false,false,AT&T United States,ATT Corporate,Ethan Wright,Yes,ethan.wright@contoso.com,41205,41205,Joseph Nguyen,joseph.nguyen@contoso.com,Apple iPhone 14,Business Unlimited Plus,Business Unlimited Plus,false,2023-09-22,2025-09-22,2025-03-02,2025-09-22,55,63.25,0,358874000096707,358874000096707,354893000497359,3685585090,F3685585090,Supply Chain,100360
2067313448,Active,false,false,T-Mobile United States,TMO Corporate,Ethan Anderson,Yes,ethan.anderson@contoso.com,41302,41302,John Allen,john.allen@contoso.com,Apple iPhone 16,Flexible Business Pool,Flexible Business Pool,false,2026-03-03,2028-03-03,,2028-03-03,35,40.25,0,357960147828406,357960147828406,356103406131697,4441494580,F4441494580,Marketing,100361
9175080397,Active,false,false,Verizon United States,VZW Corporate,Raj Thomas,Yes,raj.thomas@contoso.com,41802,41802,Mia Anderson,mia.anderson@contoso.com,Apple iPhone 16,Flexible Business Pool,Flexible Business Pool,true,,,,,35,40.25,0,351593767669809,351593767669809,357647681891536,8109356121,F8109356121,Operations,100362
3109539636,Active,false,false,AT&T United States,ATT Corporate,Liam Thomas,Yes,liam.thomas@contoso.com,41209,41209,Joseph Nguyen,joseph.nguyen@contoso.com,Samsung Galaxy S24,Flexible Business Pool,Flexible Business Pool,true,2023-05-07,2025-05-07,,2025-05-07,45,50.25,0,357883941885195,357883941885195,358478928458066,5395606770,F5395606770,Supply Chain,100363
9737184007,Active,false,false,Verizon United States,VZW Corporate,Michael Torres,Yes,michael.torres@contoso.com,41402,41402,David Allen,david.allen@contoso.com,Apple iPhone 14,Business Unlimited,Business Unlimited,false,2026-07-22,2028-07-22,,2028-07-22,45,51.75,0,351302290142046,351302290142046,359744524011106,8419802762,F8419802762,Sales,100364
2122979189,Active,false,false,Verizon United States,VZW Corporate,Sarah Gonzalez,Yes,sarah.gonzalez@contoso.com,41907,41907,Thomas White,thomas.white@contoso.com,Apple iPhone 15,Business Unlimited Plus,Business Unlimited Plus,false,2026-01-11,2028-01-11,,2028-01-11,55,63.25,0,354651449149367,354651449149367,352474247391473,5901977457,F5901977457,Legal,100365
6317789809,Active,false,false,Verizon United States,VZW Corporate,Carlos Martin,No,carlos.martin@contoso.com,41106,41106,Kevin Miller,kevin.miller@contoso.com,Apple iPhone 14,Business Unlimited Plus,Business Unlimited Plus,false,,,,,65,73.25,0,355715898021593,355715898021593,354679457239375,8708159741,F8708159741,Finance,100366
4157321990,Active,false,false,AT&T United States,ATT Corporate,Daniel Novak,Yes,daniel.novak@contoso.com,41205,41205,Emily Martinez,emily.martinez@contoso.com,Apple iPad 10th Gen,Tablet Data 10GB,Tablet Data 10GB,true,2025-03-24,2027-03-24,,2027-03-24,30,33,0,354471047385737,354471047385737,353001334141258,7116816064,F7116816064,Supply Chain,100367
9177772718,Active,false,false,Verizon United States,VZW Corporate,Sarah Green,Yes,sarah.green@contoso.com,41503,41503,Karen Singh,karen.singh@contoso.com,Apple iPhone 16,Business Unlimited Plus,Business Unlimited Plus,false,2025-08-09,2027-08-09,,2027-08-09,55,63.25,0,356103028961107,356103028961107,357531418935828,6374032156,F6374032156,Information Technology,100368
9179183074,Active,false,false,Verizon United States,VZW Corporate,Robert Hill,No,robert.hill@contoso.com,41207,41207,Nancy Moore,nancy.moore@contoso.com,Samsung Galaxy S24,Business Unlimited Plus,Business Unlimited Plus,false,2022-08-12,2024-08-12,,2024-08-12,60,68.25,0,356821650330516,356821650330516,352074148619995,7979204873,F7979204873,Supply Chain,100369
3059856607,Suspended,false,false,AT&T United States,ATT Corporate,Fatima Tremblay,Yes,fatima.tremblay@contoso.com,41401,41401,Jennifer Nguyen,jennifer.nguyen@contoso.com,Inseego MiFi X PRO,Mobile Hotspot 50GB,Mobile Hotspot 50GB,true,2024-12-31,2026-12-31,2026-01-20,2026-12-31,40,46,0,355483663711689,355483663711689,352362374742172,3545365683,F3545365683,Sales,100370
5033720043,Active,false,false,T-Mobile United States,TMO Corporate,Mark Scott,Yes,mark.scott@contoso.com,41406,41406,David Allen,david.allen@contoso.com,Apple iPhone 13,Business Unlimited Plus,Business Unlimited Plus,true,2026-03-26,2028-03-26,,2028-03-26,65,73.25,0,355079288490612,355079288490612,354809589121566,1629176876,F1629176876,Sales,100371
2146855816,Active,false,false,AT&T United States,ATT Corporate,Liam Torres,Yes,liam.torres@contoso.com,41505,41505,Joseph Allen,joseph.allen@contoso.com,Apple iPhone 14,Business Unlimited Plus,Business Unlimited Plus,false,2024-08-28,2026-08-28,,2026-08-28,65,73.25,0,356577109461750,356577109461750,352376668811624,4617183757,F4617183757,Information Technology,100372
3126775668,Suspended,false,false,AT&T United States,ATT Corporate,Michael Baker,Yes,michael.baker@contoso.com,41305,41305,Carlos Adams,carlos.adams@contoso.com,Apple iPhone 14,Business Unlimited Plus,Business Unlimited Plus,true,2023-02-13,2025-02-13,2026-03-30,2025-02-13,55,63.25,1,358463487040337,358463487040337,354362699148455,6937609381,F6937609381,Marketing,100373
9172344504,Active,false,false,Verizon United States,VZW Corporate,Betty Rodriguez,Yes,betty.rodriguez@contoso.com,41504,41504,Joseph Allen,joseph.allen@contoso.com,Apple iPhone 15,Business Unlimited,Business Unlimited,true,,,,,55,61.75,0,359420891869248,359420891869248,351770509805719,8319760247,F8319760247,Information Technology,100374
5145780472,Suspended,false,false,Rogers Canada,Rogers Enterprise,Stephanie Gagnon,Yes,stephanie.gagnon@contoso.com,41809,41809,Stephanie Brown,stephanie.brown@contoso.com,Apple iPhone SE,Business Unlimited Plus,Business Unlimited Plus,false,2024-02-05,2026-02-05,2026-07-09,2026-02-05,60,68.25,0,353696008139665,353696008139665,353318642145400,5650696322,F5650696322,Operations,100375
6313739614,Active,false,false,Verizon United States,VZW Corporate,William King,Yes,william.king@contoso.com,41509,41509,Sarah Green,sarah.green@contoso.com,Apple iPhone 13,Business Unlimited,Business Unlimited,true,2025-04-04,2027-04-04,,2027-04-04,55,61.75,0,358093844991434,358093844991434,352142725369954,2145192600,F2145192600,Information Technology,100376
6312889276,Active,false,false,Verizon United States,VZW Corporate,Carlos Moore,Yes,carlos.moore@contoso.com,41601,41601,Brian Wilson,brian.wilson@contoso.com,Samsung Galaxy S23,Business Unlimited,Business Unlimited,true,2026-03-04,2028-03-04,,2028-03-04,45,51.75,0,359147253484693,359147253484693,353044783085626,4942827617,F4942827617,Human Resources,100377
7028973130,Active,false,false,T-Mobile United States,TMO Corporate,Kevin Roy,Yes,kevin.roy@contoso.com,41500,41500,Karen Singh,karen.singh@contoso.com,Google Pixel 8,Business Unlimited,Business Unlimited,true,2024-02-02,2026-02-02,,2026-02-02,50,56.75,0,353335337402065,353335337402065,351937636402321,2232984424,F2232984424,Information Technology,100378
6475578569,Active,false,false,Bell Canada,Bell Enterprise,Sofia Nguyen,Yes,sofia.nguyen@contoso.com,41502,41502,Joseph Allen,joseph.allen@contoso.com,Apple iPhone 15,Business Unlimited Plus,Business Unlimited Plus,true,2025-11-22,2027-11-22,,2027-11-22,60,68.25,0,354001459427663,354001459427663,353737550653516,8310839493,F8310839493,Information Technology,100379
6313907785,Active,false,false,Verizon United States,VZW Corporate,Melissa Garcia,Yes,melissa.garcia@contoso.com,41505,41505,Karen Singh,karen.singh@contoso.com,Google Pixel 8,Business Unlimited Plus,Business Unlimited Plus,false,2026-03-10,2028-03-10,,2028-03-10,65,73.25,0,359216872939311,359216872939311,356680467141303,5440351015,F5440351015,Information Technology,100380
3106497478,Active,false,false,AT&T United States,ATT Corporate,Nancy Garcia,Yes,nancy.garcia@contoso.com,41402,41402,Olga Lopez,olga.lopez@contoso.com,Apple iPhone 15,Business Unlimited,Business Unlimited,false,2023-07-17,2025-07-17,,2025-07-17,45,51.75,0,358652319602252,358652319602252,358025410956184,6341172911,F6341172911,Sales,100381
5037242726,Active,false,false,T-Mobile United States,TMO Corporate,Zoe Miller,Yes,zoe.miller@contoso.com,41602,41602,Thomas Hernandez,thomas.hernandez@contoso.com,Samsung Galaxy Tab S9,Tablet Data 10GB,Tablet Data 10GB,false,2023-09-29,2025-09-29,,2025-09-29,30,33,0,356291066219927,356291066219927,353455655497572,5122796224,F5122796224,Human Resources,100382
6464087152,Active,false,false,Verizon United States,VZW Corporate,Jennifer Davis,Yes,jennifer.davis@contoso.com,41702,41702,Zoe Singh,zoe.singh@contoso.com,Apple iPhone 14,Flexible Business Pool,Flexible Business Pool,true,2024-05-29,2026-05-29,,2026-05-29,45,50.25,0,353711175481957,353711175481957,351087506770983,3050177248,F3050177248,Research & Development,100383
4049915359,Active,false,false,AT&T United States,ATT Corporate,Ahmed Novak,Yes,ahmed.novak@contoso.com,41306,41306,Anthony Miller,anthony.miller@contoso.com,Apple iPad Air,Tablet Data 10GB,Tablet Data 10GB,true,2023-03-31,2025-03-31,,2025-03-31,25,28,0,355981724068149,355981724068149,357099161323928,3518693203,F3518693203,Marketing,100384
4152453460,Active,false,false,AT&T United States,ATT Corporate,Nancy Lee,Yes,nancy.lee@contoso.com,41801,41801,Sarah Chen,sarah.chen@contoso.com,Apple iPhone 16,Flexible Business Pool,Flexible Business Pool,true,2025-05-18,2027-05-18,,2027-05-18,40,45.25,0,358659223502258,358659223502258,356970403330684,6067527304,F6067527304,Operations,100385
6049021661,Active,false,false,Rogers Canada,Rogers Enterprise,Sandra Rodriguez,Yes,sandra.rodriguez@contoso.com,41802,41802,Sarah Chen,sarah.chen@contoso.com,Apple iPhone 14,Business Unlimited,Business Unlimited,false,2023-04-30,2025-04-30,,2025-04-30,55,61.75,0,351218214041006,351218214041006,356609918279159,7472388712,F7472388712,Operations,100386
7029997758,Active,false,false,T-Mobile United States,TMO Corporate,Melissa Hill,Yes,melissa.hill@contoso.com,41507,41507,Anthony Harris,anthony.harris@contoso.com,Apple iPhone 15,Business Unlimited Plus,Business Unlimited Plus,false,2025-01-08,2027-01-08,,2027-01-08,60,68.25,1,356895753247656,356895753247656,357420854861660,8557470772,F8557470772,Information Technology,100387
2015750820,Active,false,false,Verizon United States,VZW Corporate,Yuki Walker,No,yuki.walker@contoso.com,41309,41309,Robert Smith,robert.smith@contoso.com,Apple iPad Air,Tablet Unlimited,Tablet Unlimited,false,2025-06-17,2027-06-17,,2027-06-17,35,39.5,0,357496938564026,357496938564026,358487211732316,4518305561,F4518305561,Marketing,100388
2127471549,Active,false,false,Verizon United States,VZW Corporate,Yuki Young,Yes,yuki.young@contoso.com,41804,41804,Ana Torres,ana.torres@contoso.com,Apple iPhone 16,Business Unlimited,Business Unlimited,false,2023-06-24,2025-06-24,,2025-06-24,55,61.75,0,358582736630316,358582736630316,355835672396959,3651030484,F3651030484,Operations,100389
9739421290,Active,false,false,Verizon United States,VZW Corporate,Linda Chen,Yes,linda.chen@contoso.com,41306,41306,Joshua Carter,joshua.carter@contoso.com,Apple iPhone 15,Business Unlimited,Business Unlimited,false,2025-08-02,2027-08-02,,2027-08-02,45,51.75,0,358431590441978,358431590441978,351392563187360,8502307281,F8502307281,Marketing,100390
7027877748,Active,false,false,T-Mobile United States,TMO Corporate,Karen Torres,No,karen.torres@contoso.com,41509,41509,Michelle Roy,michelle.roy@contoso.com,Apple iPhone 13,Business Unlimited Plus,Business Unlimited Plus,false,2023-03-15,2025-03-15,,2025-03-15,55,63.25,0,358687714341105,358687714341105,355866995579649,9786395766,F9786395766,Information Technology,100391
2124263683,Active,false,false,Verizon United States,VZW Corporate,Raj Harris,Yes,raj.harris@contoso.com,41104,41104,Jessica Anderson,jessica.anderson@contoso.com,Apple iPhone 14,Business Unlimited,Business Unlimited,false,2024-06-29,2026-06-29,,2026-06-29,45,51.75,0,354888339587200,354888339587200,359103860150737,7820039405,F7820039405,Finance,100392
6315994189,Active,false,false,Verizon United States,VZW Corporate,Mary Lee,Yes,mary.lee@contoso.com,41805,41805,Sarah Chen,sarah.chen@contoso.com,Apple iPhone 15,Business Unlimited Plus,Business Unlimited Plus,false,2024-10-05,2026-10-05,,2026-10-05,65,73.25,0,351568666289588,351568666289588,357077314072561,1356877432,F1356877432,Operations,100393
3127698040,Active,false,false,AT&T United States,ATT Corporate,John Rodriguez,Yes,john.rodriguez@contoso.com,41901,41901,Yuki Wright,yuki.wright@contoso.com,Apple iPhone 16,Flexible Business Pool,Flexible Business Pool,false,2023-04-18,2025-04-18,,2025-04-18,35,40.25,0,355131714215712,355131714215712,353317296315651,1530402737,F1530402737,Legal,100394
7025275950,Active,false,false,T-Mobile United States,TMO Corporate,Emily Anderson,Yes,emily.anderson@contoso.com,41307,41307,Carlos Adams,carlos.adams@contoso.com,Kyocera DuraXV Extreme,Voice & Text Basic,Voice & Text Basic,true,2025-11-09,2027-11-09,,2027-11-09,35,38.75,0,352858132885235,352858132885235,356590484963806,7582073468,F7582073468,Marketing,100395
6468991610,Active,false,false,Verizon United States,VZW Corporate,Daniel Lopez,Yes,daniel.lopez@contoso.com,41408,41408,Olga Lopez,olga.lopez@contoso.com,Apple iPad 10th Gen,Tablet Unlimited,Tablet Unlimited,false,2026-08-02,2028-08-02,,2028-08-02,40,44.5,0,358355789072115,358355789072115,358361463338727,2762198468,F2762198468,Sales,100396
5149609852,Active,false,false,Rogers Canada,Rogers Enterprise,Leila Scott,Yes,leila.scott@contoso.com,41402,41402,Liam Lee,liam.lee@contoso.com,Apple iPhone 15,Business Unlimited,Business Unlimited,false,2025-03-30,2027-03-30,,2027-03-30,45,51.75,0,357848987276838,357848987276838,359996032586128,4708439150,F4708439150,Sales,100397
3056727523,Active,true,false,AT&T United States,ATT Corporate,Ava Lopez,No,ava.lopez@contoso.com,41800,41800,Stephanie Gagnon,stephanie.gagnon@contoso.com,Samsung Galaxy S24,Business Unlimited,Business Unlimited,false,,,,,50,56.75,0,358806546511501,358806546511501,355256268409410,4422030495,F4422030495,Operations,100398
9056168515,Active,false,false,Bell Canada,Bell Enterprise,Brian Patel,Yes,brian.patel@contoso.com,41306,41306,Carlos Adams,carlos.adams@contoso.com,Samsung Galaxy Tab S9,Tablet Data 10GB,Tablet Data 10GB,false,,,,,20,23,0,359272087833138,359272087833138,357781161380639,5396844455,F5396844455,Marketing,100399
9179769499,Active,false,false,Verizon United States,VZW Corporate,Nancy Rodriguez,Yes,nancy.rodriguez@contoso.com,41108,41108,Ethan Campbell,ethan.campbell@contoso.com,Samsung Galaxy S24,Flexible Business Pool,Flexible Business Pool,false,2023-06-19,2025-06-19,,2025-06-19,35,40.25,0,357447471560922,357447471560922,353496835577597,4921196010,F4921196010,Finance,100400
2144649309,Active,false,false,AT&T United States,ATT Corporate,Thomas Adams,Yes,thomas.adams@contoso.com,41709,41709,Stephanie Tremblay,stephanie.tremblay@contoso.com,Samsung Galaxy S24,Business Unlimited,Business Unlimited,false,2025-01-08,2027-01-08,,2027-01-08,45,51.75,0,353603351566927,353603351566927,356074597401594,1111413563,F1111413563,Research & Development,100401
4158224789,Active,false,false,AT&T United States,ATT Corporate,Noah Tremblay,Yes,noah.tremblay@contoso.com,41200,41200,Nancy Moore,nancy.moore@contoso.com,Apple iPhone 15,Flexible Business Pool,Flexible Business Pool,false,2023-03-21,2025-03-21,,2025-03-21,45,50.25,0,357759673567553,357759673567553,351490605172230,4654669932,F4654669932,Supply Chain,100402
4046962770,Active,false,false,AT&T United States,ATT Corporate,Ava Wright,Yes,ava.wright@contoso.com,41300,41300,Robert Smith,robert.smith@contoso.com,Samsung Galaxy Tab S9,Tablet Unlimited,Tablet Unlimited,true,2025-02-27,2027-02-27,,2027-02-27,30,34.5,0,354085856918202,354085856918202,351250739642587,5573077595,F5573077595,Marketing,100403
4159593318,Suspended,false,false,AT&T United States,ATT Corporate,Omar Young,Yes,omar.young@contoso.com,41500,41500,John Williams,john.williams@contoso.com,Apple iPhone 15,Business Unlimited Plus,Business Unlimited Plus,false,2026-02-21,2028-02-21,2026-07-05,2028-02-21,55,63.25,0,358009527676095,358009527676095,352737857163824,9383897572,F9383897572,Information Technology,100404
4374503741,Active,false,false,Rogers Canada,Rogers Enterprise,Linda Moore,Yes,linda.moore@contoso.com,41402,41402,Wei Hall,wei.hall@contoso.com,Apple iPhone 16,Flexible Business Pool,Flexible Business Pool,true,2026-05-13,2028-05-13,,2028-05-13,35,40.25,0,354120105045667,354120105045667,355675540644583,7665684677,F7665684677,Sales,100405
3105261196,Active,false,false,AT&T United States,ATT Corporate,Ashley White,Yes,ashley.white@contoso.com,41508,41508,Michelle Roy,michelle.roy@contoso.com,Apple iPhone 16,Business Unlimited,Business Unlimited,true,2026-07-23,2028-07-23,,2028-07-23,45,51.75,0,359414684575385,359414684575385,358774390767396,5653108333,F5653108333,Information Technology,100406
3059737475,Active,false,false,AT&T United States,ATT Corporate,David Thompson,Yes,david.thompson@contoso.com,41803,41803,Melissa Ramirez,melissa.ramirez@contoso.com,Apple iPad 10th Gen,Tablet Data 10GB,Tablet Data 10GB,true,2026-03-20,2028-03-20,,2028-03-20,25,28,0,351012851563022,351012851563022,359664111869229,3710674962,F3710674962,Operations,100407
6472065229,Active,false,false,Bell Canada,Bell Enterprise,Amanda Harris,Yes,amanda.harris@contoso.com,41409,41409,Jennifer Nguyen,jennifer.nguyen@contoso.com,Apple iPhone 15,Business Unlimited Plus,Business Unlimited Plus,false,2023-11-06,2025-11-06,,2025-11-06,55,63.25,0,359278590471098,359278590471098,353871167546681,1767919393,F1767919393,Sales,100408
2129014916,Active,false,false,Verizon United States,VZW Corporate,Karen Moore,Yes,karen.moore@contoso.com,41401,41401,David Allen,david.allen@contoso.com,Apple iPhone 16,Business Unlimited,Business Unlimited,true,2025-06-19,2027-06-19,,2027-06-19,50,56.75,0,353721600032094,353721600032094,353750169631374,3845805571,F3845805571,Sales,100409
2015156968,Active,false,false,Verizon United States,VZW Corporate,Michael Johnson,Yes,michael.johnson@contoso.com,41208,41208,Emily Martinez,emily.martinez@contoso.com,Apple iPhone 15,Business Unlimited Plus,Business Unlimited Plus,true,2024-04-06,2026-04-06,,2026-04-06,65,73.25,0,357921611610548,357921611610548,358339079892727,9332182041,F9332182041,Supply Chain,100410
2065297004,Active,false,false,T-Mobile United States,TMO Corporate,Anthony Harris,Yes,anthony.harris@contoso.com,41507,41507,Karen Singh,karen.singh@contoso.com,Apple iPhone 16,Flexible Business Pool,Flexible Business Pool,true,2025-05-12,2027-05-12,,2027-05-12,45,50.25,0,357729315760944,357729315760944,358741691192935,8973192091,F8973192091,Information Technology,100411
4375840971,Active,false,false,Rogers Canada,Rogers Enterprise,Mia Taylor,Yes,mia.taylor@contoso.com,41404,41404,Jennifer Nguyen,jennifer.nguyen@contoso.com,Inseego MiFi X PRO,Mobile Hotspot 50GB,Mobile Hotspot 50GB,false,2025-08-30,2027-08-30,,2027-08-30,45,51,0,351983983191925,351983983191925,357028586300485,6881737942,F6881737942,Sales,100412
6044515371,Active,false,false,Rogers Canada,Rogers Enterprise,Jennifer Allen,No,jennifer.allen@contoso.com,41509,41509,Sarah Green,sarah.green@contoso.com,Samsung Galaxy S23,Business Unlimited,Business Unlimited,true,2025-10-10,2027-10-10,,2027-10-10,50,56.75,0,353469700048009,353469700048009,357355922099023,4799264604,F4799264604,Information Technology,100413
2127410987,Active,false,false,Verizon United States,VZW Corporate,Ava Young,Yes,ava.young@contoso.com,41504,41504,Karen Singh,karen.singh@contoso.com,Samsung Galaxy S23,Business Unlimited,Business Unlimited,false,2025-12-10,2027-12-10,,2027-12-10,45,51.75,0,357569205142709,357569205142709,356754389788292,7408131889,F7408131889,Information Technology,100414
2146414536,Active,false,false,AT&T United States,ATT Corporate,Noah Green,Yes,noah.green@contoso.com,41801,41801,Sarah Chen,sarah.chen@contoso.com,Google Pixel 8,Business Unlimited,Business Unlimited,false,2023-02-19,2025-02-19,,2025-02-19,45,51.75,0,358939099794414,358939099794414,352285614405163,7765534579,F7765534579,Operations,100415
9174289574,Active,false,false,Verizon United States,VZW Corporate,John Thomas,No,john.thomas@contoso.com,41504,41504,Anthony Harris,anthony.harris@contoso.com,Apple iPhone 15,Flexible Business Pool,Flexible Business Pool,true,2024-06-22,2026-06-22,,2026-06-22,35,40.25,0,354524731061988,354524731061988,354320665152352,4319975372,F4319975372,Information Technology,100416
5036344441,Suspended,false,false,T-Mobile United States,TMO Corporate,William Jones,Yes,william.jones@contoso.com,41401,41401,Liam Lee,liam.lee@contoso.com,Apple iPhone 13,Business Unlimited,Business Unlimited,false,2024-03-12,2026-03-12,2026-04-05,2026-03-12,45,51.75,0,354822176773192,354822176773192,357252494613634,1117237338,F1117237338,Sales,100417
6467189474,Active,false,false,Verizon United States,VZW Corporate,Priya Hill,Yes,priya.hill@contoso.com,41702,41702,David Thomas,david.thomas@contoso.com,Apple iPhone 14,Business Unlimited Plus,Business Unlimited Plus,false,2024-02-05,2026-02-05,,2026-02-05,60,68.25,0,353865265900076,353865265900076,354688331539531,7892771428,F7892771428,Research & Development,100418
3125695078,Active,false,false,AT&T United States,ATT Corporate,Andrew Lee,Yes,andrew.lee@contoso.com,41201,41201,Lisa Carter,lisa.carter@contoso.com,Apple iPhone 14,Business Unlimited Plus,Business Unlimited Plus,false,2023-01-21,2025-01-21,,2025-01-21,60,68.25,0,352150349156942,352150349156942,355034265763722,9952650911,F9952650911,Supply Chain,100419
5033437697,Active,false,false,T-Mobile United States,TMO Corporate,Melissa Mitchell,Yes,melissa.mitchell@contoso.com,41405,41405,Liam Lee,liam.lee@contoso.com,Samsung Galaxy Tab S9,Tablet Data 10GB,Tablet Data 10GB,false,,,,,20,23,0,351686173801411,351686173801411,354692823104313,8133735342,F8133735342,Sales,100420
5035136613,Active,false,false,T-Mobile United States,TMO Corporate,Joshua Rodriguez,Yes,joshua.rodriguez@contoso.com,41300,41300,Anthony Miller,anthony.miller@contoso.com,Apple iPad Air,Tablet Data 10GB,Tablet Data 10GB,true,,,,,30,33,0,357565395724985,357565395724985,351499595203237,4364114312,F4364114312,Marketing,100421
6462946879,Active,false,false,Verizon United States,VZW Corporate,Amanda Patel,Yes,amanda.patel@contoso.com,41600,41600,Liam Williams,liam.williams@contoso.com,Apple iPhone 14,Flexible Business Pool,Flexible Business Pool,false,,,,,35,40.25,0,352168180387425,352168180387425,359171070867287,9518504093,F9518504093,Human Resources,100422
2017049359,Active,false,false,Verizon United States,VZW Corporate,Anthony Thomas,No,anthony.thomas@contoso.com,41404,41404,Liam Lee,liam.lee@contoso.com,Apple iPhone 14,Business Unlimited Plus,Business Unlimited Plus,true,2023-10-18,2025-10-18,,2025-10-18,55,63.25,0,353212751204121,353212751204121,353512308001867,9942933571,F9942933571,Sales,100423
9179782157,Active,false,false,Verizon United States,VZW Corporate,Ethan Sanchez,Yes,ethan.sanchez@contoso.com,41802,41802,Sarah Chen,sarah.chen@contoso.com,Samsung Galaxy S23,Business Unlimited Plus,Business Unlimited Plus,false,2025-12-12,2027-12-12,,2027-12-12,55,63.25,0,358423111996291,358423111996291,351604949358089,8729959262,F8729959262,Operations,100424
9057916646,Active,false,false,Bell Canada,Bell Enterprise,William Sanchez,Yes,william.sanchez@contoso.com,41504,41504,John Williams,john.williams@contoso.com,Apple iPhone 15,Business Unlimited Plus,Business Unlimited Plus,true,2024-01-26,2026-01-26,,2026-01-26,60,68.25,0,358972382015789,358972382015789,355624053327627,7639501593,F7639501593,Information Technology,100425
4375508504,Active,false,false,Rogers Canada,Rogers Enterprise,Sarah Kim,Yes,sarah.kim@contoso.com,41705,41705,Hiroshi Perez,hiroshi.perez@contoso.com,Apple iPhone 15,Business Unlimited Plus,Business Unlimited Plus,true,2025-07-02,2027-07-02,,2027-07-02,60,68.25,0,352109230551869,352109230551869,357428629542819,3333536423,F3333536423,Research & Development,100426
6463453634,Cancelled,false,false,Verizon United States,VZW Corporate,Noah Carter,Yes,noah.carter@contoso.com,41204,41204,Elizabeth Green,elizabeth.green@contoso.com,Apple iPhone 15,Business Unlimited Plus,Business Unlimited Plus,false,2025-05-12,2027-05-12,,2027-05-12,55,63.25,0,351295390290053,351295390290053,357226605626508,4349806896,F4349806896,Supply Chain,100427
9738246947,Active,false,false,Verizon United States,VZW Corporate,Zoe Harris,Yes,zoe.harris@contoso.com,41306,41306,Priya Singh,priya.singh@contoso.com,Apple iPhone 16,Business Unlimited,Business Unlimited,true,2024-09-03,2026-09-03,,2026-09-03,55,61.75,0,354559919270902,354559919270902,351860189269943,9370457946,F9370457946,Marketing,100428
6318279731,Active,false,false,Verizon United States,VZW Corporate,Anthony Miller,Yes,anthony.miller@contoso.com,41305,41305,John Allen,john.allen@contoso.com,Samsung Galaxy S23,Business Unlimited Plus,Business Unlimited Plus,false,2023-09-01,2025-09-01,,2025-09-01,55,63.25,0,352176646129796,352176646129796,353467073777384,5912547369,F5912547369,Marketing,100429
9173436577,Active,false,false,Verizon United States,VZW Corporate,Fatima Green,Yes,fatima.green@contoso.com,41401,41401,Wei Hall,wei.hall@contoso.com,Apple iPhone 15,Business Unlimited Plus,Business Unlimited Plus,false,2023-10-07,2025-10-07,,2025-10-07,55,63.25,0,354621309605012,354621309605012,353505870241986,8182207815,F8182207815,Sales,100430
4803571153,Active,false,false,T-Mobile United States,TMO Corporate,Michael Lewis,Yes,michael.lewis@contoso.com,41409,41409,Liam Lee,liam.lee@contoso.com,Apple iPhone 13,Business Unlimited,Business Unlimited,false,2025-12-01,2027-12-01,,2027-12-01,45,51.75,0,357007456685539,357007456685539,355788352675490,5470939104,F5470939104,Sales,100431
9058135940,Active,false,false,Bell Canada,Bell Enterprise,Wei Hall,Yes,wei.hall@contoso.com,41403,41403,Olga Lopez,olga.lopez@contoso.com,Samsung Galaxy S24,Business Unlimited Plus,Business Unlimited Plus,false,2026-08-07,2028-08-07,,2028-08-07,60,68.25,0,358419265996107,358419265996107,355929634379637,8440784470,F8440784470,Sales,100432
2129997993,Active,false,false,Verizon United States,VZW Corporate,Steven Young,Yes,steven.young@contoso.com,41209,41209,Elizabeth Green,elizabeth.green@contoso.com,Apple iPhone 16,Business Unlimited Plus,Business Unlimited Plus,false,2024-04-16,2026-04-16,,2026-04-16,65,73.25,0,351740377574540,351740377574540,352896664697491,5097705819,F5097705819,Supply Chain,100433
2066087074,Active,false,false,T-Mobile United States,TMO Corporate,Joshua Taylor,Yes,joshua.taylor@contoso.com,41701,41701,Joseph Gonzalez,joseph.gonzalez@contoso.com,Samsung Galaxy S24,Business Unlimited,Business Unlimited,false,2026-07-22,2028-07-22,,2028-07-22,55,61.75,0,354796861215081,354796861215081,354180710744849,9693634084,F9693634084,Research & Development,100434
6479154311,Active,false,false,Bell Canada,Bell Enterprise,Sarah Wilson,Yes,sarah.wilson@contoso.com,41701,41701,Zoe Singh,zoe.singh@contoso.com,Apple iPhone 15,Flexible Business Pool,Flexible Business Pool,false,2024-04-25,2026-04-25,,2026-04-25,35,40.25,0,354681476710548,354681476710548,356663551267201,8476270076,F8476270076,Research & Development,100435
2128546652,Active,false,false,Verizon United States,VZW Corporate,Carlos Ramirez,Yes,carlos.ramirez@contoso.com,41400,41400,Sandra Hernandez,sandra.hernandez@contoso.com,Apple iPhone SE,Flexible Business Pool,Flexible Business Pool,false,2026-08-30,2028-08-30,,2028-08-30,35,40.25,0,354557876589556,354557876589556,359541433227503,6800756648,F6800756648,Sales,100436
2018331244,Active,false,false,Verizon United States,VZW Corporate,Sandra Scott,No,sandra.scott@contoso.com,41405,41405,Jennifer Nguyen,jennifer.nguyen@contoso.com,Apple iPhone 15,Flexible Business Pool,Flexible Business Pool,false,2023-12-25,2025-12-25,,2025-12-25,40,45.25,0,352641530571817,352641530571817,353565226641447,8369683288,F8369683288,Sales,100437
2144800431,Active,false,false,AT&T United States,ATT Corporate,Linda Roberts,Yes,linda.roberts@contoso.com,41408,41408,Wei Hall,wei.hall@contoso.com,Netgear Nighthawk M6,Mobile Hotspot 50GB,Mobile Hotspot 50GB,false,2025-09-03,2027-09-03,,2027-09-03,40,46,0,354949198775981,354949198775981,354852513776637,6264911145,F6264911145,Sales,100438
9056099428,Cancelled,false,false,Bell Canada,Bell Enterprise,Amanda Martinez,Yes,amanda.martinez@contoso.com,41409,41409,Sandra Hernandez,sandra.hernandez@contoso.com,Apple iPhone 14,Business Unlimited Plus,Business Unlimited Plus,false,2025-11-13,2027-11-13,,2027-11-13,55,63.25,0,357811728500134,357811728500134,355603117424587,9512265237,F9512265237,Sales,100439
2127197794,Active,false,false,Verizon United States,VZW Corporate,Mateo Scott,No,mateo.scott@contoso.com,41107,41107,Raj Harris,raj.harris@contoso.com,Apple iPhone 15,Flexible Business Pool,Flexible Business Pool,false,2024-07-18,2026-07-18,,2026-07-18,35,40.25,0,356517037361381,356517037361381,359182874616080,4593227236,F4593227236,Finance,100440
6315621071,Active,false,false,Verizon United States,VZW Corporate,Michael Thompson,Yes,michael.thompson@contoso.com,41805,41805,Melissa Ramirez,melissa.ramirez@contoso.com,Apple iPhone 14,Flexible Business Pool,Flexible Business Pool,true,2022-11-08,2024-11-08,,2024-11-08,45,50.25,0,359635451532321,359635451532321,354785568051464,8137380193,F8137380193,Operations,100441
9733221163,Active,false,false,Verizon United States,VZW Corporate,Noah Johnson,No,noah.johnson@contoso.com,41301,41301,Anthony Miller,anthony.miller@contoso.com,Apple iPhone 13,Flexible Business Pool,Flexible Business Pool,false,2025-11-03,2027-11-03,,2027-11-03,35,40.25,0,352119327964612,352119327964612,358277949952747,4136959706,F4136959706,Marketing,100442
9059016347,Active,false,false,Bell Canada,Bell Enterprise,John Brown,Yes,john.brown@contoso.com,41204,41204,Joseph Nguyen,joseph.nguyen@contoso.com,Apple iPhone 16,Business Unlimited Plus,Business Unlimited Plus,true,2025-09-18,2027-09-18,,2027-09-18,60,68.25,0,358171757496117,358171757496117,353437284021801,8933945089,F8933945089,Supply Chain,100443
3107364223,Cancelled,false,false,AT&T United States,ATT Corporate,Raj Jones,Yes,raj.jones@contoso.com,41504,41504,Joseph Allen,joseph.allen@contoso.com,Apple iPhone 15,Business Unlimited Plus,Business Unlimited Plus,false,2025-01-11,2027-01-11,,2027-01-11,55,63.25,0,352072050291619,352072050291619,352680934866827,1723758304,F1723758304,Information Technology,100444
5035531588,Active,false,false,T-Mobile United States,TMO Corporate,Charles Martin,Yes,charles.martin@contoso.com,41406,41406,Sandra Hernandez,sandra.hernandez@contoso.com,Apple iPhone 13,Business Unlimited Plus,Business Unlimited Plus,false,2024-12-28,2026-12-28,,2026-12-28,65,73.25,0,353722633948352,353722633948352,357582465667972,3465246851,F3465246851,Sales,100445
9178992955,Cancelled,false,false,Verizon United States,VZW Corporate,Ana Walker,Yes,ana.walker@contoso.com,41904,41904,Sarah Gonzalez,sarah.gonzalez@contoso.com,Apple iPhone 16,Flexible Business Pool,Flexible Business Pool,false,2026-04-19,2028-04-19,,2028-04-19,35,40.25,0,359753571650114,359753571650114,357841160360723,8662490747,F8662490747,Legal,100446
6319249685,Active,false,false,Verizon United States,VZW Corporate,Stephanie Baker,No,stephanie.baker@contoso.com,41502,41502,Michelle Roy,michelle.roy@contoso.com,Apple iPad Air,Tablet Data 10GB,Tablet Data 10GB,false,2025-03-10,2027-03-10,,2027-03-10,30,33,0,352599960546249,352599960546249,355970140158211,2375748554,F2375748554,Information Technology,100447
9179890903,Active,false,false,Verizon United States,VZW Corporate,Stephanie Baker,No,stephanie.baker@contoso.com,41502,41502,Michelle Roy,michelle.roy@contoso.com,Apple iPhone 14,Business Unlimited Plus,Business Unlimited Plus,false,2025-10-11,2027-10-11,,2027-10-11,60,68.25,0,354307303628339,354307303628339,352571729451558,3331252563,F3331252563,Information Technology,100448
9733828335,Active,false,false,Verizon United States,VZW Corporate,Stephanie Baker,No,stephanie.baker@contoso.com,41502,41502,Michelle Roy,michelle.roy@contoso.com,Apple iPhone 15,Flexible Business Pool,Flexible Business Pool,false,2026-07-31,2028-07-31,,2028-07-31,35,40.25,0,351788981983800,351788981983800,354774892549851,5718668974,F5718668974,Information Technology,100449
3122043938,Active,false,false,AT&T United States,ATT Corporate,Olga Walker,Yes,olga.walker@contoso.com,41809,41809,Sarah Chen,sarah.chen@contoso.com,Apple iPhone 13,Flexible Business Pool,Flexible Business Pool,false,2024-04-29,2026-04-29,,2026-04-29,40,45.25,0,357537921074040,357537921074040,351787705414794,1669709925,F1669709925,Operations,100450
6469977998,Active,false,false,Verizon United States,VZW Corporate,Olga Walker,Yes,olga.walker@contoso.com,41809,41809,Sarah Chen,sarah.chen@contoso.com,Apple iPad 10th Gen,Tablet Unlimited,Tablet Unlimited,true,2024-01-21,2026-01-21,,2026-01-21,30,34.5,0,357956526416459,357956526416459,358901739641046,3961377249,F3961377249,Operations,100451
9734934664,Active,false,false,Verizon United States,VZW Corporate,Olga Walker,Yes,olga.walker@contoso.com,41809,41809,Sarah Chen,sarah.chen@contoso.com,Apple iPhone 15,Flexible Business Pool,Flexible Business Pool,false,2024-12-02,2026-12-02,,2026-12-02,45,50.25,0,352908088609915,352908088609915,353103507431853,9961462409,F9961462409,Operations,100452
2018306076,Active,false,false,Verizon United States,VZW Corporate,Sandra Scott,No,sandra.scott@contoso.com,41405,41405,Jennifer Nguyen,jennifer.nguyen@contoso.com,Apple iPhone 15,Business Unlimited Plus,Business Unlimited Plus,false,,,,,60,68.25,0,358774503949738,358774503949738,359860232412793,2365461649,F2365461649,Sales,100453
4158423184,Cancelled,false,false,AT&T United States,ATT Corporate,Sandra Scott,No,sandra.scott@contoso.com,41405,41405,Jennifer Nguyen,jennifer.nguyen@contoso.com,Samsung Galaxy Tab S9,Tablet Data 10GB,Tablet Data 10GB,false,,,,,25,28,0,358721153680082,358721153680082,352221662776130,4622471205,F4622471205,Sales,100454
9172392350,Active,false,false,Verizon United States,VZW Corporate,David Martinez,Yes,david.martinez@contoso.com,41101,41101,Raj Harris,raj.harris@contoso.com,Samsung Galaxy S24,Business Unlimited Plus,Business Unlimited Plus,true,2024-04-19,2026-04-19,,2026-04-19,55,63.25,0,352829233098068,352829233098068,355113222819723,5320314497,F5320314497,Finance,100455
4804896336,Active,false,false,T-Mobile United States,TMO Corporate,David Martinez,Yes,david.martinez@contoso.com,41101,41101,Raj Harris,raj.harris@contoso.com,Apple iPhone 16,Flexible Business Pool,Flexible Business Pool,true,2026-06-09,2028-06-09,,2028-06-09,35,40.25,0,355182216112663,355182216112663,359631522249964,7926100785,F7926100785,Finance,100456
3123646030,Active,false,false,AT&T United States,ATT Corporate,David Martinez,Yes,david.martinez@contoso.com,41101,41101,Raj Harris,raj.harris@contoso.com,Apple iPad 10th Gen,Tablet Data 10GB,Tablet Data 10GB,false,2025-05-18,2027-05-18,,2027-05-18,20,23,0,351368250519935,351368250519935,353531023616195,5477739158,F5477739158,Finance,100457
6475725534,Active,false,false,Bell Canada,Bell Enterprise,Mateo Kim,Yes,mateo.kim@contoso.com,41508,41508,Joseph Allen,joseph.allen@contoso.com,Apple iPhone 15,Business Unlimited Plus,Business Unlimited Plus,false,2024-10-05,2026-10-05,,2026-10-05,60,68.25,0,353342470366036,353342470366036,355325916465626,7953020572,F7953020572,Information Technology,100458
2012523267,Active,false,false,Verizon United States,VZW Corporate,Mateo Kim,Yes,mateo.kim@contoso.com,41508,41508,Joseph Allen,joseph.allen@contoso.com,Apple iPhone 15,Business Unlimited,Business Unlimited,false,2026-03-07,2028-03-07,,2028-03-07,45,51.75,0,356940872543360,356940872543360,358595724828581,2902586094,F2902586094,Information Technology,100459
4045238693,Active,false,false,AT&T United States,ATT Corporate,Paul Lewis,Yes,paul.lewis@contoso.com,41303,41303,Robert Smith,robert.smith@contoso.com,Apple iPhone 13,Business Unlimited,Business Unlimited,true,2023-03-25,2025-03-25,,2025-03-25,45,51.75,0,351622237323674,351622237323674,352708006227925,4379977183,F4379977183,Marketing,100460
9735239559,Active,false,false,Verizon United States,VZW Corporate,Paul Lewis,Yes,paul.lewis@contoso.com,41303,41303,Robert Smith,robert.smith@contoso.com,Samsung Galaxy Tab S9,Tablet Data 10GB,Tablet Data 10GB,false,,,,,20,23,0,359355629596238,359355629596238,356094583768613,2302407938,F2302407938,Marketing,100461
3108792402,Active,false,false,AT&T United States,ATT Corporate,Paul Lewis,Yes,paul.lewis@contoso.com,41303,41303,Robert Smith,robert.smith@contoso.com,Apple iPhone SE,Business Unlimited,Business Unlimited,false,2024-07-28,2026-07-28,,2026-07-28,50,56.75,0,358829335332413,358829335332413,353383875977993,9075534103,F9075534103,Marketing,100462
5145781128,Cancelled,false,false,Rogers Canada,Rogers Enterprise,Betty White,Yes,betty.white@contoso.com,41705,41705,Zoe Singh,zoe.singh@contoso.com,Apple iPhone 13,Business Unlimited,Business Unlimited,false,2024-05-26,2026-05-26,,2026-05-26,45,51.75,0,353371583167955,353371583167955,356281194999942,8204262854,F8204262854,Research & Development,100463
5148369671,Active,false,false,Rogers Canada,Rogers Enterprise,Betty White,Yes,betty.white@contoso.com,41705,41705,Zoe Singh,zoe.singh@contoso.com,Apple iPhone 15,Flexible Business Pool,Flexible Business Pool,false,2026-05-24,2028-05-24,,2028-05-24,40,45.25,0,357421702215365,357421702215365,355448947254421,4933868190,F4933868190,Research & Development,100464
9177640514,Cancelled,false,false,Verizon United States,VZW Corporate,Betty White,Yes,betty.white@contoso.com,41705,41705,Zoe Singh,zoe.singh@contoso.com,Kyocera DuraXV Extreme,Voice & Text Basic,Voice & Text Basic,false,2023-12-19,2025-12-19,,2025-12-19,35,38.75,0,351187364382010,351187364382010,356321546995348,2634970014,F2634970014,Research & Development,100465
9733978008,Active,false,false,Verizon United States,VZW Corporate,Mateo Adams,No,mateo.adams@contoso.com,41306,41306,John Allen,john.allen@contoso.com,Apple iPad Air,Tablet Unlimited,Tablet Unlimited,false,2023-12-18,2025-12-18,,2025-12-18,30,34.5,0,355691313926714,355691313926714,352493239044799,9217740012,F9217740012,Marketing,100466
2129400220,Active,false,false,Verizon United States,VZW Corporate,Mateo Adams,No,mateo.adams@contoso.com,41306,41306,John Allen,john.allen@contoso.com,Apple iPhone 15,Business Unlimited,Business Unlimited,false,2024-01-31,2026-01-31,,2026-01-31,45,51.75,0,353744786393866,353744786393866,359108765582241,3855887294,F3855887294,Marketing,100467
2015288672,Active,false,false,Verizon United States,VZW Corporate,Mateo Adams,No,mateo.adams@contoso.com,41306,41306,John Allen,john.allen@contoso.com,Samsung Galaxy S24,Business Unlimited,Business Unlimited,false,2024-01-29,2026-01-29,,2026-01-29,55,61.75,0,359371718636323,359371718636323,354473844929691,4033423665,F4033423665,Marketing,100468
6313261241,Active,false,false,Verizon United States,VZW Corporate,Karen Hernandez,Yes,karen.hernandez@contoso.com,41409,41409,Olga Lopez,olga.lopez@contoso.com,Apple iPhone 16,Business Unlimited,Business Unlimited,false,2025-04-07,2027-04-07,,2027-04-07,45,51.75,0,354290753255211,354290753255211,356655821740808,1978030819,F1978030819,Sales,100469
3102631028,Suspended,false,false,AT&T United States,ATT Corporate,Karen Hernandez,Yes,karen.hernandez@contoso.com,41409,41409,Olga Lopez,olga.lopez@contoso.com,Apple iPad Air,Tablet Data 10GB,Tablet Data 10GB,false,2024-02-26,2026-02-26,2026-05-01,2026-02-26,20,23,0,357053730303400,357053730303400,352406301548826,2915263394,F2915263394,Sales,100470
4045208944,Active,false,false,AT&T United States,ATT Corporate,Karen Hernandez,Yes,karen.hernandez@contoso.com,41409,41409,Olga Lopez,olga.lopez@contoso.com,Samsung Galaxy S23,Business Unlimited Plus,Business Unlimited Plus,false,2025-03-06,2027-03-06,,2027-03-06,65,73.25,0,355012316722554,355012316722554,354000409302500,9773327464,F9773327464,Sales,100471
4155246249,Active,false,false,AT&T United States,ATT Corporate,Brian Sanchez,Yes,brian.sanchez@contoso.com,41905,41905,Yuki Wright,yuki.wright@contoso.com,Samsung Galaxy Tab S9,Tablet Unlimited,Tablet Unlimited,false,2023-08-15,2025-08-15,,2025-08-15,30,34.5,0,353626940266288,353626940266288,357431281530442,5354882810,F5354882810,Legal,100472
9177624549,Active,false,false,Verizon United States,VZW Corporate,Brian Sanchez,Yes,brian.sanchez@contoso.com,41905,41905,Yuki Wright,yuki.wright@contoso.com,Apple iPhone 16,Business Unlimited Plus,Business Unlimited Plus,false,2023-05-21,2025-05-21,,2025-05-21,55,63.25,0,354342462689111,354342462689111,359782021546288,7154070708,F7154070708,Legal,100473
2017020212,Active,false,false,Verizon United States,VZW Corporate,Brian Sanchez,Yes,brian.sanchez@contoso.com,41905,41905,Yuki Wright,yuki.wright@contoso.com,Apple iPhone 15,Business Unlimited Plus,Business Unlimited Plus,false,2023-09-17,2025-09-17,,2025-09-17,60,68.25,0,356420063428572,356420063428572,353790146083913,7951319487,F7951319487,Legal,100474
5034145344,Active,false,false,T-Mobile United States,TMO Corporate,Brian Smith,No,brian.smith@contoso.com,41302,41302,John Allen,john.allen@contoso.com,Apple iPad 10th Gen,Tablet Unlimited,Tablet Unlimited,false,2025-01-29,2027-01-29,,2027-01-29,30,34.5,0,355108944882701,355108944882701,356501434579128,8704389725,F8704389725,Marketing,100475
4049682430,Suspended,false,false,AT&T United States,ATT Corporate,Brian Smith,No,brian.smith@contoso.com,41302,41302,John Allen,john.allen@contoso.com,Apple iPhone 13,Business Unlimited,Business Unlimited,false,2023-04-08,2025-04-08,2025-04-17,2025-04-08,45,51.75,0,356659150300495,356659150300495,359141071599223,2142492761,F2142492761,Marketing,100476
9733494468,Active,false,false,Verizon United States,VZW Corporate,Brian Smith,No,brian.smith@contoso.com,41302,41302,John Allen,john.allen@contoso.com,Google Pixel 8,Business Unlimited Plus,Business Unlimited Plus,false,2025-11-23,2027-11-23,,2027-11-23,65,73.25,0,356630516013932,356630516013932,353120017681815,9850050482,F9850050482,Marketing,100477
2148596904,Active,false,false,AT&T United States,ATT Corporate,Anthony Thomas,No,anthony.thomas@contoso.com,41404,41404,Liam Lee,liam.lee@contoso.com,Apple iPad Air,Tablet Data 10GB,Tablet Data 10GB,false,,,,,25,28,0,357481443705135,357481443705135,358856129184895,7983143830,F7983143830,Sales,100478
2125349053,Active,false,false,Verizon United States,VZW Corporate,Anthony Thomas,No,anthony.thomas@contoso.com,41404,41404,Liam Lee,liam.lee@contoso.com,Apple iPhone 13,Business Unlimited Plus,Business Unlimited Plus,false,,,,,55,63.25,0,357487449752373,357487449752373,356545411602959,9699307064,F9699307064,Sales,100479
4042651112,Active,false,false,AT&T United States,ATT Corporate,Richard King,Yes,richard.king@contoso.com,41307,41307,Joshua Carter,joshua.carter@contoso.com,Apple iPhone 15,Flexible Business Pool,Flexible Business Pool,true,2023-08-03,2025-08-03,,2025-08-03,35,40.25,0,353663480638591,353663480638591,355134824517457,6828618664,F6828618664,Marketing,100480
4153184272,Active,false,false,AT&T United States,ATT Corporate,Richard King,Yes,richard.king@contoso.com,41307,41307,Joshua Carter,joshua.carter@contoso.com,Apple iPhone SE,Business Unlimited Plus,Business Unlimited Plus,false,2025-06-19,2027-06-19,,2027-06-19,55,63.25,0,355210044609133,355210044609133,351919227047807,3994828174,F3994828174,Marketing,100481
2149316798,Active,false,false,AT&T United States,ATT Corporate,William Wright,Yes,william.wright@contoso.com,41602,41602,Sandra Miller,sandra.miller@contoso.com,Apple iPhone 15,Flexible Business Pool,Flexible Business Pool,true,2022-08-18,2024-08-18,,2024-08-18,40,45.25,1,352196363273811,352196363273811,354517750572548,3532607624,F3532607624,Human Resources,100482
3124729113,Active,false,false,AT&T United States,ATT Corporate,William Wright,Yes,william.wright@contoso.com,41602,41602,Sandra Miller,sandra.miller@contoso.com,Apple iPad Air,Tablet Unlimited,Tablet Unlimited,false,2026-05-30,2028-05-30,,2028-05-30,40,44.5,0,359986679191996,359986679191996,353810576861887,4585534657,F4585534657,Human Resources,100483
6463150682,Active,false,false,Verizon United States,VZW Corporate,Melissa Brown,Yes,melissa.brown@contoso.com,41301,41301,Robert Smith,robert.smith@contoso.com,Apple iPhone 15,Business Unlimited,Business Unlimited,false,2024-05-22,2026-05-22,,2026-05-22,45,51.75,0,354518461188505,354518461188505,357349264630326,2991918962,F2991918962,Marketing,100484
4049375363,Active,false,false,AT&T United States,ATT Corporate,Melissa Brown,Yes,melissa.brown@contoso.com,41301,41301,Robert Smith,robert.smith@contoso.com,Apple iPhone 15,Business Unlimited,Business Unlimited,false,2026-08-31,2028-08-31,,2028-08-31,45,51.75,0,353906635690308,353906635690308,359649724054118,7857947709,F7857947709,Marketing,100485
4162990877,Cancelled,false,false,Bell Canada,Bell Enterprise,Mia Nelson,Yes,mia.nelson@contoso.com,41909,41909,Sarah Gonzalez,sarah.gonzalez@contoso.com,Apple iPad 10th Gen,Tablet Data 10GB,Tablet Data 10GB,false,2026-05-11,2028-05-11,,2028-05-11,25,28,0,354785446949492,354785446949492,354357143028300,9465123705,F9465123705,Legal,100486
2066872860,Cancelled,false,false,T-Mobile United States,TMO Corporate,Mia Nelson,Yes,mia.nelson@contoso.com,41909,41909,Sarah Gonzalez,sarah.gonzalez@contoso.com,Samsung Galaxy Tab S9,Tablet Unlimited,Tablet Unlimited,true,2023-05-15,2025-05-15,,2025-05-15,30,34.5,0,352980041530651,352980041530651,359006827510179,7689174542,F7689174542,Legal,100487
2127900721,Active,false,false,Verizon United States,VZW Corporate,Mia Nelson,Yes,mia.nelson@contoso.com,41909,41909,Sarah Gonzalez,sarah.gonzalez@contoso.com,Apple iPhone 14,Business Unlimited Plus,Business Unlimited Plus,false,2023-10-16,2025-10-16,,2025-10-16,55,63.25,0,352110921680976,352110921680976,355942976395914,8343972092,F8343972092,Legal,100488
2014370774,Suspended,false,true,Verizon United States,VZW Corporate,Daniel Campbell,No,daniel.campbell@contoso.com,42005,42005,Joshua Kim,joshua.kim@contoso.com,Apple iPhone 14,Business Unlimited,Business Unlimited,false,2026-02-03,2028-02-03,2025-08-20,2028-02-03,45,51.75,0,357405026819950,357405026819950,359024576438194,8819907957,F8819907957,Executive Office,100489
6468888102,Active,false,true,Verizon United States,VZW Corporate,Daniel Campbell,No,daniel.campbell@contoso.com,42005,42005,Joshua Kim,joshua.kim@contoso.com,Apple iPhone SE,Business Unlimited Plus,Business Unlimited Plus,true,2024-03-06,2026-03-06,,2026-03-06,65,73.25,0,357336828359999,357336828359999,358597631302556,9961215440,F9961215440,Executive Office,100490
7027532612,Active,false,true,T-Mobile United States,TMO Corporate,Daniel Campbell,No,daniel.campbell@contoso.com,42005,42005,Joshua Kim,joshua.kim@contoso.com,Apple iPad 10th Gen,Tablet Data 10GB,Tablet Data 10GB,false,2025-05-14,2027-05-14,,2027-05-14,20,23,0,353454890316935,353454890316935,354624060237762,2702311064,F2702311064,Executive Office,100491
9179496116,Active,false,false,Verizon United States,VZW Corporate,Patricia Anderson,Yes,patricia.anderson@contoso.com,41100,41100,Ethan Campbell,ethan.campbell@contoso.com,Apple iPhone 13,Business Unlimited,Business Unlimited,false,2023-12-27,2025-12-27,,2025-12-27,45,51.75,0,354854272726507,354854272726507,357178641251243,8515446790,F8515446790,Finance,100492
6473471183,Active,false,false,Bell Canada,Bell Enterprise,Patricia Anderson,Yes,patricia.anderson@contoso.com,41100,41100,Ethan Campbell,ethan.campbell@contoso.com,Samsung Galaxy Tab S9,Tablet Data 10GB,Tablet Data 10GB,false,2024-03-21,2026-03-21,,2026-03-21,20,23,0,355253334270737,355253334270737,358145776751991,3741256933,F3741256933,Finance,100493
2012109790,Cancelled,false,false,Verizon United States,VZW Corporate,Hiroshi Clark,Yes,hiroshi.clark@contoso.com,41403,41403,Jennifer Nguyen,jennifer.nguyen@contoso.com,Google Pixel 8,Business Unlimited,Business Unlimited,false,2026-05-23,2028-05-23,,2028-05-23,55,61.75,0,357035718466548,357035718466548,357594440161392,6190246399,F6190246399,Sales,100494
5146329619,Active,false,false,Rogers Canada,Rogers Enterprise,Hiroshi Clark,Yes,hiroshi.clark@contoso.com,41403,41403,Jennifer Nguyen,jennifer.nguyen@contoso.com,Apple iPhone 14,Business Unlimited Plus,Business Unlimited Plus,false,2026-05-26,2028-05-26,,2028-05-26,55,63.25,0,357683086485994,357683086485994,352528604095366,7334526106,F7334526106,Sales,100495
4158286727,Active,false,false,AT&T United States,ATT Corporate,Wei Hall,Yes,wei.hall@contoso.com,41403,41403,Olga Lopez,olga.lopez@contoso.com,Samsung Galaxy S23,Business Unlimited,Business Unlimited,true,2025-04-05,2027-04-05,,2027-04-05,45,51.75,0,351180796449755,351180796449755,353257794831182,7469485764,F7469485764,Sales,100496
9178155429,Active,false,false,Verizon United States,VZW Corporate,Wei Hall,Yes,wei.hall@contoso.com,41403,41403,Olga Lopez,olga.lopez@contoso.com,Apple iPhone 16,Flexible Business Pool,Flexible Business Pool,false,2024-01-20,2026-01-20,,2026-01-20,35,40.25,0,352930273114184,352930273114184,353725959080818,1329942192,F1329942192,Sales,100497
4809171902,Active,false,false,T-Mobile United States,TMO Corporate,Wei Hall,Yes,wei.hall@contoso.com,41403,41403,Olga Lopez,olga.lopez@contoso.com,Apple iPhone 16,Business Unlimited,Business Unlimited,false,2025-02-14,2027-02-14,,2027-02-14,50,56.75,0,353890949091410,353890949091410,353319880222108,3417082009,F3417082009,Sales,100498
3104695859,Active,false,false,AT&T United States,ATT Corporate,Fatima Green,Yes,fatima.green@contoso.com,41401,41401,Wei Hall,wei.hall@contoso.com,Apple iPhone 16,Business Unlimited Plus,Business Unlimited Plus,true,2023-01-01,2025-01-01,,2025-01-01,60,68.25,0,358058669768415,358058669768415,353126599486660,1103548562,F1103548562,Sales,100499
4153504920,Active,false,false,AT&T United States,ATT Corporate,Fatima Green,Yes,fatima.green@contoso.com,41401,41401,Wei Hall,wei.hall@contoso.com,Apple iPhone 14,Flexible Business Pool,Flexible Business Pool,false,,,,,35,40.25,0,357874960481069,357874960481069,357541283268034,9847606796,F9847606796,Sales,100500
2016897843,Active,false,false,Verizon United States,VZW Corporate,Fatima Green,Yes,fatima.green@contoso.com,41401,41401,Wei Hall,wei.hall@contoso.com,Apple iPad Air,Tablet Unlimited,Tablet Unlimited,false,2026-08-23,2028-08-23,,2028-08-23,30,34.5,0,352740381403969,352740381403969,357821148595590,1304592812,F1304592812,Sales,100501
3105286465,Cancelled,false,false,AT&T United States,ATT Corporate,Ahmed Martin,Yes,ahmed.martin@contoso.com,41604,41604,Liam Williams,liam.williams@contoso.com,Apple iPhone 15,Business Unlimited Plus,Business Unlimited Plus,false,2026-03-23,2028-03-23,,2028-03-23,65,73.25,0,354384553050550,354384553050550,357575297632468,6973338427,F6973338427,Human Resources,100502
3052316837,Active,false,false,AT&T United States,ATT Corporate,Ahmed Martin,Yes,ahmed.martin@contoso.com,41604,41604,Liam Williams,liam.williams@contoso.com,Samsung Galaxy S23,Business Unlimited,Business Unlimited,false,2025-04-20,2027-04-20,,2027-04-20,50,56.75,0,351702834461792,351702834461792,355880669929439,6984037689,F6984037689,Human Resources,100503
9057739915,Active,false,false,Bell Canada,Bell Enterprise,Ahmed Martin,Yes,ahmed.martin@contoso.com,41604,41604,Liam Williams,liam.williams@contoso.com,Apple iPad 10th Gen,Tablet Unlimited,Tablet Unlimited,false,2025-10-20,2027-10-20,,2027-10-20,35,39.5,0,359255516701662,359255516701662,352599175561314,8264611087,F8264611087,Human Resources,100504
6045133143,Active,false,false,Rogers Canada,Rogers Enterprise,Patricia Scott,Yes,patricia.scott@contoso.com,41404,41404,Jennifer Nguyen,jennifer.nguyen@contoso.com,Apple iPad 10th Gen,Tablet Data 10GB,Tablet Data 10GB,false,2024-06-27,2026-06-27,,2026-06-27,25,28,0,356896241635871,356896241635871,355898030265050,3830860764,F3830860764,Sales,100505
2144523370,Active,false,false,AT&T United States,ATT Corporate,Patricia Scott,Yes,patricia.scott@contoso.com,41404,41404,Jennifer Nguyen,jennifer.nguyen@contoso.com,Apple iPhone 13,Business Unlimited,Business Unlimited,false,2024-09-04,2026-09-04,,2026-09-04,50,56.75,0,354218379506701,354218379506701,359743735556197,2610606822,F2610606822,Sales,100506
4046659021,Active,false,false,AT&T United States,ATT Corporate,Patricia Scott,Yes,patricia.scott@contoso.com,41404,41404,Jennifer Nguyen,jennifer.nguyen@contoso.com,Apple iPhone 15,Business Unlimited Plus,Business Unlimited Plus,true,2025-10-24,2027-10-24,,2027-10-24,65,73.25,0,359990556650154,359990556650154,358398370878530,6150481898,F6150481898,Sales,100507
3104841760,Active,true,false,AT&T United States,ATT Corporate,Olga Gonzalez,Yes,olga.gonzalez@contoso.com,41206,41206,Lisa Carter,lisa.carter@contoso.com,Apple iPhone 15,Business Unlimited,Business Unlimited,true,2022-09-23,2024-09-23,,2024-09-23,50,56.75,0,353238830791838,353238830791838,352686993878797,8244425568,F8244425568,Supply Chain,100508
6463550376,Active,false,false,Verizon United States,VZW Corporate,Olga Gonzalez,Yes,olga.gonzalez@contoso.com,41206,41206,Lisa Carter,lisa.carter@contoso.com,Apple iPhone 15,Business Unlimited,Business Unlimited,false,2024-12-30,2026-12-30,,2026-12-30,50,56.75,0,354020306353461,354020306353461,357742347548134,3646973915,F3646973915,Supply Chain,100509
5034861759,Active,false,false,T-Mobile United States,TMO Corporate,Olga Gonzalez,Yes,olga.gonzalez@contoso.com,41206,41206,Lisa Carter,lisa.carter@contoso.com,Apple iPhone 16,Business Unlimited,Business Unlimited,false,2025-02-07,2027-02-07,,2027-02-07,55,61.75,0,355200491623501,355200491623501,356427426311962,8943926613,F8943926613,Supply Chain,100510
4158898053,Active,false,false,AT&T United States,ATT Corporate,Paul Rivera,Yes,paul.rivera@contoso.com,41806,41806,Emily Sanchez,emily.sanchez@contoso.com,Samsung Galaxy S23,Business Unlimited Plus,Business Unlimited Plus,true,2026-04-17,2028-04-17,,2028-04-17,55,63.25,0,356666531982359,356666531982359,359779002126743,6177452419,F6177452419,Operations,100511
4808147695,Active,false,false,T-Mobile United States,TMO Corporate,Paul Rivera,Yes,paul.rivera@contoso.com,41806,41806,Emily Sanchez,emily.sanchez@contoso.com,Apple iPhone 15,Business Unlimited Plus,Business Unlimited Plus,false,2023-10-16,2025-10-16,,2025-10-16,55,63.25,0,351429327744479,351429327744479,355293091722939,5572830027,F5572830027,Operations,100512
4043612761,Active,false,false,AT&T United States,ATT Corporate,Paul Rivera,Yes,paul.rivera@contoso.com,41806,41806,Emily Sanchez,emily.sanchez@contoso.com,Samsung Galaxy S23,Business Unlimited Plus,Business Unlimited Plus,false,2023-12-15,2025-12-15,,2025-12-15,60,68.25,0,357414024462789,357414024462789,352581529709365,1681841831,F1681841831,Operations,100513
3052683798,Active,false,true,AT&T United States,ATT Corporate,Ahmed Campbell,Yes,ahmed.campbell@contoso.com,42008,42008,Sarah Patel,sarah.patel@contoso.com,Apple iPhone 15,Business Unlimited Plus,Business Unlimited Plus,true,2024-06-12,2026-06-12,,2026-06-12,55,63.25,0,352622947066496,352622947066496,351917494971008,4182978511,F4182978511,Executive Office,100514
3059796044,Active,false,true,AT&T United States,ATT Corporate,Ahmed Campbell,Yes,ahmed.campbell@contoso.com,42008,42008,Sarah Patel,sarah.patel@contoso.com,Apple iPhone 16,Business Unlimited,Business Unlimited,false,2026-03-15,2028-03-15,,2028-03-15,45,51.75,0,354147022217518,354147022217518,354289653535655,5332533199,F5332533199,Executive Office,100515
