number,priority,state,region,country,assigned_to,short_description,sys_class_name,assigned_to.active,assigned_to.user_name,assignment_group,work_notes,sys_updated_on,sys_updated_by,sys_created_on,u_request_type1,sys_created_by,closed_at,description,u_task_for,closed_by
RITM1045000,3 - Moderate,Closed Complete,North America,United States,Grace Lindqvist,New mobile device request,sc_req_item,true,glindqvist,Mobility Services NA,Request fulfilled via Tangoe,2024-04-24,glindqvist,2024-04-17,New Device,ashley.tremblay,2024-04-24,New mobile device request for Ashley Tremblay (United States),Ashley Tremblay,Grace Lindqvist
RITM1045001,2 - High,Closed Complete,North America,United States,Marco Bellini,New mobile device request,sc_req_item,true,mbellini,Mobility Services NA,Request fulfilled via Tangoe,2026-07-13,mbellini,2026-07-13,New Device,fatima.nguyen,2026-07-13,New mobile device request for Fatima Nguyen (United States),Fatima Nguyen,Marco Bellini
RITM1045002,3 - Moderate,Work in Progress,North America,United States,Marco Bellini,Cancel mobile line - employee departure,sc_req_item,true,mbellini,Mobility Services NA,Awaiting carrier confirmation,2024-11-11,mbellini,2024-11-11,Line Cancellation,robert.hill,,Cancel mobile line - employee departure for Robert Hill (United States),Robert Hill,
RITM1045003,4 - Low,Closed Complete,North America,United States,Tom Okafor,Mobile device upgrade,sc_req_item,true,tokafor,Mobility Services NA,Request fulfilled via Tangoe,2024-05-31,tokafor,2024-05-26,Device Upgrade,andrew.anderson,2024-05-31,Mobile device upgrade for Andrew Anderson (United States),Andrew Anderson,Tom Okafor
RITM1045004,4 - Low,Closed Complete,North America,United States,Grace Lindqvist,Port personal number to corporate account,sc_req_item,true,glindqvist,Mobility Services NA,Request fulfilled via Tangoe,2026-08-11,glindqvist,2026-08-07,Number Port,robert.nguyen,2026-08-11,Port personal number to corporate account for Robert Nguyen (United States),Robert Nguyen,Grace Lindqvist
RITM1045005,2 - High,Closed Complete,North America,United States,Victor Hale,New mobile device request,sc_req_item,true,vhale,Mobility Services NA,Request fulfilled via Tangoe,2025-06-06,vhale,2025-06-03,New Device,karen.davis,2025-06-06,New mobile device request for Karen Davis (United States),Karen Davis,Victor Hale
RITM1045006,4 - Low,Closed Complete,North America,United States,Grace Lindqvist,Mobile device not working,sc_req_item,true,glindqvist,Mobility Services NA,Request fulfilled via Tangoe,2026-05-30,glindqvist,2026-05-30,Troubleshooting,nancy.rodriguez,2026-05-30,Mobile device not working for Nancy Rodriguez (United States),Nancy Rodriguez,Grace Lindqvist
RITM1045007,3 - Moderate,Closed Complete,North America,United States,Dana Whitfield,Mobile device not working,sc_req_item,true,dwhitfield,Mobility Services NA,Request fulfilled via Tangoe,2024-06-08,dwhitfield,2024-06-08,Troubleshooting,jessica.martin,2024-06-08,Mobile device not working for Jessica Martin (United States),Jessica Martin,Dana Whitfield
RITM1045008,4 - Low,Closed Complete,North America,United States,Victor Hale,Lost or stolen device - suspend line,sc_req_item,true,vhale,Mobility Services NA,Request fulfilled via Tangoe,2025-09-29,vhale,2025-09-21,Lost/Stolen,thomas.perez,2025-09-29,Lost or stolen device - suspend line for Thomas Perez (United States),Thomas Perez,Victor Hale
RITM1045009,4 - Low,Closed Complete,North America,United States,Grace Lindqvist,Lost or stolen device - suspend line,sc_req_item,true,glindqvist,Mobility Services NA,Request fulfilled via Tangoe,2025-02-27,glindqvist,2025-02-24,Lost/Stolen,amanda.williams,2025-02-27,Lost or stolen device - suspend line for Amanda Williams (United States),Amanda Williams,Grace Lindqvist
RITM1045010,4 - Low,Closed Complete,North America,United States,Marco Bellini,Mobile device not working,sc_req_item,true,mbellini,Mobility Services NA,Request fulfilled via Tangoe,2026-05-11,mbellini,2026-05-06,Troubleshooting,lisa.jones,2026-05-11,Mobile device not working for Lisa Jones (United States),Lisa Jones,Marco Bellini
RITM1045011,4 - Low,Closed Complete,North America,United States,Grace Lindqvist,International roaming plan for upcoming travel,sc_req_item,true,glindqvist,Mobility Services NA,Request fulfilled via Tangoe,2024-08-06,glindqvist,2024-08-01,International Travel,ahmed.jackson,2024-08-06,International roaming plan for upcoming travel for Ahmed Jackson (United States),Ahmed Jackson,Grace Lindqvist
RITM1045012,3 - Moderate,Closed Incomplete,North America,United States,Victor Hale,International roaming plan for upcoming travel,sc_req_item,true,vhale,Mobility Services NA,Request fulfilled via Tangoe,2024-05-03,vhale,2024-05-02,International Travel,kevin.thomas,2024-05-03,International roaming plan for upcoming travel for Kevin Thomas (United States),Kevin Thomas,Victor Hale
RITM1045013,3 - Moderate,Closed Complete,North America,United States,Dana Whitfield,Cancel mobile line - employee departure,sc_req_item,true,dwhitfield,Mobility Services NA,Request fulfilled via Tangoe,2025-10-06,dwhitfield,2025-10-01,Line Cancellation,karen.adams,2025-10-06,Cancel mobile line - employee departure for Karen Adams (United States),Karen Adams,Dana Whitfield
RITM1045014,3 - Moderate,Closed Complete,North America,United States,Grace Lindqvist,International roaming plan for upcoming travel,sc_req_item,true,glindqvist,Mobility Services NA,Request fulfilled via Tangoe,2025-09-03,glindqvist,2025-08-29,International Travel,mark.harris,2025-09-03,International roaming plan for upcoming travel for Mark Harris (United States),Mark Harris,Grace Lindqvist
RITM1045015,3 - Moderate,Closed Complete,North America,Canada,Victor Hale,Mobile device upgrade,sc_req_item,true,vhale,Mobility Services NA,Request fulfilled via Tangoe,2026-04-09,vhale,2026-04-04,Device Upgrade,betty.wright,2026-04-09,Mobile device upgrade for Betty Wright (Canada),Betty Wright,Victor Hale
RITM1045016,4 - Low,Closed Complete,North America,United States,Victor Hale,Port personal number to corporate account,sc_req_item,true,vhale,Mobility Services NA,Request fulfilled via Tangoe,2024-03-29,vhale,2024-03-25,Number Port,noah.carter,2024-03-29,Port personal number to corporate account for Noah Carter (United States),Noah Carter,Victor Hale
RITM1045017,4 - Low,Closed Complete,North America,United States,Dana Whitfield,New mobile device request,sc_req_item,true,dwhitfield,Mobility Services NA,Request fulfilled via Tangoe,2025-02-12,dwhitfield,2025-02-06,New Device,noah.carter,2025-02-12,New mobile device request for Noah Carter (United States),Noah Carter,Dana Whitfield
RITM1045018,3 - Moderate,Closed Complete,North America,United States,Tom Okafor,New mobile device request,sc_req_item,true,tokafor,Mobility Services NA,Request fulfilled via Tangoe,2025-11-19,tokafor,2025-11-19,New Device,richard.clark,2025-11-19,New mobile device request for Richard Clark (United States),Richard Clark,Tom Okafor
RITM1045019,4 - Low,Closed Complete,North America,United States,Marco Bellini,Mobile device not working,sc_req_item,true,mbellini,Mobility Services NA,Request fulfilled via Tangoe,2026-03-23,mbellini,2026-03-19,Troubleshooting,paul.king,2026-03-23,Mobile device not working for Paul King (United States),Paul King,Marco Bellini
RITM1045020,3 - Moderate,Closed Complete,North America,United States,Tom Okafor,New mobile device request,sc_req_item,true,tokafor,Mobility Services NA,Request fulfilled via Tangoe,2024-07-16,tokafor,2024-07-14,New Device,emily.green,2024-07-16,New mobile device request for Emily Green (United States),Emily Green,Tom Okafor
RITM1045021,3 - Moderate,Closed Incomplete,North America,United States,Tom Okafor,Mobile device not working,sc_req_item,true,tokafor,Mobility Services NA,Request fulfilled via Tangoe,2024-02-14,tokafor,2024-02-06,Troubleshooting,mateo.baker,2024-02-14,Mobile device not working for Mateo Baker (United States),Mateo Baker,Tom Okafor
RITM1045022,3 - Moderate,Closed Complete,North America,United States,Dana Whitfield,New mobile device request,sc_req_item,true,dwhitfield,Mobility Services NA,Request fulfilled via Tangoe,2024-04-30,dwhitfield,2024-04-30,New Device,matthew.davis,2024-04-30,New mobile device request for Matthew Davis (United States),Matthew Davis,Dana Whitfield
RITM1045023,2 - High,Closed Complete,North America,United States,Dana Whitfield,Cancel mobile line - employee departure,sc_req_item,true,dwhitfield,Mobility Services NA,Request fulfilled via Tangoe,2025-12-08,dwhitfield,2025-12-07,Line Cancellation,john.thomas,2025-12-08,Cancel mobile line - employee departure for John Thomas (United States),John Thomas,Dana Whitfield
RITM1045024,4 - Low,Closed Complete,North America,United States,Dana Whitfield,Mobile device upgrade,sc_req_item,true,dwhitfield,Mobility Services NA,Request fulfilled via Tangoe,2024-06-22,dwhitfield,2024-06-22,Device Upgrade,ethan.harris,2024-06-22,Mobile device upgrade for Ethan Harris (United States),Ethan Harris,Dana Whitfield
RITM1045025,4 - Low,Closed Complete,North America,United States,Marco Bellini,Mobile device upgrade,sc_req_item,true,mbellini,Mobility Services NA,Request fulfilled via Tangoe,2024-05-26,mbellini,2024-05-26,Device Upgrade,ahmed.jackson,2024-05-26,Mobile device upgrade for Ahmed Jackson (United States),Ahmed Jackson,Marco Bellini
RITM1045026,3 - Moderate,Closed Complete,North America,Canada,Tom Okafor,Mobile device not working,sc_req_item,true,tokafor,Mobility Services NA,Request fulfilled via Tangoe,2026-02-26,tokafor,2026-02-23,Troubleshooting,lisa.lewis,2026-02-26,Mobile device not working for Lisa Lewis (Canada),Lisa Lewis,Tom Okafor
RITM1045027,4 - Low,Closed Complete,North America,United States,Victor Hale,Mobile device upgrade,sc_req_item,true,vhale,Mobility Services NA,Request fulfilled via Tangoe,2024-11-26,vhale,2024-11-23,Device Upgrade,ethan.anderson,2024-11-26,Mobile device upgrade for Ethan Anderson (United States),Ethan Anderson,Victor Hale
RITM1045028,4 - Low,Closed Incomplete,North America,Canada,Victor Hale,Mobile device upgrade,sc_req_item,true,vhale,Mobility Services NA,Request fulfilled via Tangoe,2026-05-26,vhale,2026-05-22,Device Upgrade,steven.thompson,2026-05-26,Mobile device upgrade for Steven Thompson (Canada),Steven Thompson,Victor Hale
RITM1045029,4 - Low,Closed Complete,North America,United States,Tom Okafor,New mobile device request,sc_req_item,true,tokafor,Mobility Services NA,Request fulfilled via Tangoe,2024-07-02,tokafor,2024-06-27,New Device,david.carter,2024-07-02,New mobile device request for David Carter (United States),David Carter,Tom Okafor
RITM1045030,3 - Moderate,Closed Complete,North America,United States,Dana Whitfield,General mobility inquiry,sc_req_item,true,dwhitfield,Mobility Services NA,Request fulfilled via Tangoe,2025-02-13,dwhitfield,2025-02-10,N/A,jennifer.hernandez,2025-02-13,General mobility inquiry for Jennifer Hernandez (United States),Jennifer Hernandez,Dana Whitfield
RITM1045031,4 - Low,Closed Complete,North America,Canada,Tom Okafor,General mobility inquiry,sc_req_item,true,tokafor,Mobility Services NA,Request fulfilled via Tangoe,2025-02-27,tokafor,2025-02-24,N/A,michael.king,2025-02-27,General mobility inquiry for Michael King (Canada),Michael King,Tom Okafor
RITM1045032,3 - Moderate,Closed Complete,North America,United States,Marco Bellini,New mobile device request,sc_req_item,true,mbellini,Mobility Services NA,Request fulfilled via Tangoe,2026-03-02,mbellini,2026-02-27,New Device,karen.torres,2026-03-02,New mobile device request for Karen Torres (United States),Karen Torres,Marco Bellini
RITM1045033,3 - Moderate,Closed Complete,North America,United States,Marco Bellini,Mobile device upgrade,sc_req_item,true,mbellini,Mobility Services NA,Request fulfilled via Tangoe,2026-06-26,mbellini,2026-06-22,Device Upgrade,carlos.hall,2026-06-26,Mobile device upgrade for Carlos Hall (United States),Carlos Hall,Marco Bellini
RITM1045034,4 - Low,Closed Complete,North America,United States,Marco Bellini,Lost or stolen device - suspend line,sc_req_item,true,mbellini,Mobility Services NA,Request fulfilled via Tangoe,2026-06-02,mbellini,2026-06-01,Lost/Stolen,brian.wilson,2026-06-02,Lost or stolen device - suspend line for Brian Wilson (United States),Brian Wilson,Marco Bellini
RITM1045035,4 - Low,Open,North America,United States,Grace Lindqvist,Mobile device not working,sc_req_item,true,glindqvist,Mobility Services NA,Awaiting carrier confirmation,2025-12-24,glindqvist,2025-12-24,Troubleshooting,stephanie.lee,,Mobile device not working for Stephanie Lee (United States),Stephanie Lee,
RITM1045036,3 - Moderate,Closed Complete,North America,United States,Tom Okafor,Mobile device upgrade,sc_req_item,true,tokafor,Mobility Services NA,Request fulfilled via Tangoe,2026-07-13,tokafor,2026-07-11,Device Upgrade,susan.nguyen,2026-07-13,Mobile device upgrade for Susan Nguyen (United States),Susan Nguyen,Tom Okafor
RITM1045037,4 - Low,Closed Incomplete,North America,United States,Victor Hale,Mobile device not working,sc_req_item,true,vhale,Mobility Services NA,Request fulfilled via Tangoe,2024-05-02,vhale,2024-04-30,Troubleshooting,olga.wright,2024-05-02,Mobile device not working for Olga Wright (United States),Olga Wright,Victor Hale
RITM1045038,4 - Low,Closed Complete,North America,Canada,Marco Bellini,Port personal number to corporate account,sc_req_item,true,mbellini,Mobility Services NA,Request fulfilled via Tangoe,2026-08-07,mbellini,2026-08-06,Number Port,chloe.novak,2026-08-07,Port personal number to corporate account for Chloe Novak (Canada),Chloe Novak,Marco Bellini
RITM1045039,3 - Moderate,Closed Complete,North America,United States,Marco Bellini,Cancel mobile line - employee departure,sc_req_item,true,mbellini,Mobility Services NA,Request fulfilled via Tangoe,2025-07-15,mbellini,2025-07-11,Line Cancellation,sofia.wilson,2025-07-15,Cancel mobile line - employee departure for Sofia Wilson (United States),Sofia Wilson,Marco Bellini
RITM1045040,3 - Moderate,Closed Complete,North America,United States,Tom Okafor,New mobile device request,sc_req_item,true,tokafor,Mobility Services NA,Request fulfilled via Tangoe,2025-12-20,tokafor,2025-12-20,New Device,stephanie.gagnon,2025-12-20,New mobile device request for Stephanie Gagnon (United States),Stephanie Gagnon,Tom Okafor
RITM1045041,3 - Moderate,Closed Complete,North America,United States,Aisha Karim,Cancel mobile line - employee departure,sc_req_item,true,akarim,Mobility Services NA,Request fulfilled via Tangoe,2026-07-16,akarim,2026-07-13,Line Cancellation,john.rodriguez,2026-07-16,Cancel mobile line - employee departure for John Rodriguez (United States),John Rodriguez,Aisha Karim
RITM1045042,3 - Moderate,Closed Complete,North America,United States,Tom Okafor,Mobile device upgrade,sc_req_item,true,tokafor,Mobility Services NA,Request fulfilled via Tangoe,2025-05-13,tokafor,2025-05-09,Device Upgrade,betty.patel,2025-05-13,Mobile device upgrade for Betty Patel (United States),Betty Patel,Tom Okafor
RITM1045043,4 - Low,Closed Complete,North America,United States,Grace Lindqvist,Mobile device not working,sc_req_item,true,glindqvist,Mobility Services NA,Request fulfilled via Tangoe,2025-08-25,glindqvist,2025-08-17,Troubleshooting,charles.lee,2025-08-25,Mobile device not working for Charles Lee (United States),Charles Lee,Grace Lindqvist
RITM1045044,4 - Low,Closed Complete,North America,United States,Tom Okafor,Mobile device not working,sc_req_item,true,tokafor,Mobility Services NA,Request fulfilled via Tangoe,2026-08-19,tokafor,2026-08-14,Troubleshooting,ahmed.jackson,2026-08-19,Mobile device not working for Ahmed Jackson (United States),Ahmed Jackson,Tom Okafor
RITM1045045,4 - Low,Closed Incomplete,North America,United States,Marco Bellini,Mobile device upgrade,sc_req_item,true,mbellini,Mobility Services NA,Request fulfilled via Tangoe,2025-10-07,mbellini,2025-10-03,Device Upgrade,richard.clark,2025-10-07,Mobile device upgrade for Richard Clark (United States),Richard Clark,Marco Bellini
RITM1045046,2 - High,Closed Complete,North America,United States,Grace Lindqvist,International roaming plan for upcoming travel,sc_req_item,true,glindqvist,Mobility Services NA,Request fulfilled via Tangoe,2025-04-18,glindqvist,2025-04-12,International Travel,melissa.brown,2025-04-18,International roaming plan for upcoming travel for Melissa Brown (United States),Melissa Brown,Grace Lindqvist
RITM1045047,3 - Moderate,Closed Complete,North America,United States,Grace Lindqvist,Port personal number to corporate account,sc_req_item,true,glindqvist,Mobility Services NA,Request fulfilled via Tangoe,2026-06-03,glindqvist,2026-06-03,Number Port,daniel.white,2026-06-03,Port personal number to corporate account for Daniel White (United States),Daniel White,Grace Lindqvist
RITM1045048,4 - Low,Closed Complete,North America,United States,Dana Whitfield,Mobile device not working,sc_req_item,true,dwhitfield,Mobility Services NA,Request fulfilled via Tangoe,2025-06-11,dwhitfield,2025-06-10,Troubleshooting,jennifer.davis,2025-06-11,Mobile device not working for Jennifer Davis (United States),Jennifer Davis,Dana Whitfield
RITM1045049,3 - Moderate,Closed Complete,North America,United States,Grace Lindqvist,General mobility inquiry,sc_req_item,true,glindqvist,Mobility Services NA,Request fulfilled via Tangoe,2024-09-11,glindqvist,2024-09-09,N/A,priya.lopez,2024-09-11,General mobility inquiry for Priya Lopez (United States),Priya Lopez,Grace Lindqvist
RITM1045050,4 - Low,Closed Complete,North America,Canada,Victor Hale,New mobile device request,sc_req_item,true,vhale,Mobility Services NA,Request fulfilled via Tangoe,2025-12-31,vhale,2025-12-28,New Device,linda.taylor,2025-12-31,New mobile device request for Linda Taylor (Canada),Linda Taylor,Victor Hale
RITM1045051,2 - High,Closed Complete,North America,United States,Marco Bellini,Cancel mobile line - employee departure,sc_req_item,true,mbellini,Mobility Services NA,Request fulfilled via Tangoe,2026-06-08,mbellini,2026-06-03,Line Cancellation,yuki.ramirez,2026-06-08,Cancel mobile line - employee departure for Yuki Ramirez (United States),Yuki Ramirez,Marco Bellini
RITM1045052,2 - High,Closed Complete,North America,United States,Tom Okafor,International roaming plan for upcoming travel,sc_req_item,true,tokafor,Mobility Services NA,Request fulfilled via Tangoe,2026-07-14,tokafor,2026-07-04,International Travel,ashley.miller,2026-07-14,International roaming plan for upcoming travel for Ashley Miller (United States),Ashley Miller,Tom Okafor
RITM1045053,4 - Low,Closed Complete,North America,United States,Victor Hale,International roaming plan for upcoming travel,sc_req_item,true,vhale,Mobility Services NA,Request fulfilled via Tangoe,2026-05-19,vhale,2026-05-17,International Travel,stephanie.lee,2026-05-19,International roaming plan for upcoming travel for Stephanie Lee (United States),Stephanie Lee,Victor Hale
RITM1045054,4 - Low,Closed Complete,North America,Canada,Tom Okafor,New mobile device request,sc_req_item,true,tokafor,Mobility Services NA,Request fulfilled via Tangoe,2024-03-12,tokafor,2024-03-07,New Device,mark.rodriguez,2024-03-12,New mobile device request for Mark Rodriguez (Canada),Mark Rodriguez,Tom Okafor
RITM1045055,4 - Low,Open,North America,United States,Victor Hale,Mobile device upgrade,sc_req_item,true,vhale,Mobility Services NA,Awaiting carrier confirmation,2026-03-02,vhale,2026-03-02,Device Upgrade,omar.lopez,,Mobile device upgrade for Omar Lopez (United States),Omar Lopez,
RITM1045056,3 - Moderate,Closed Complete,North America,United States,Grace Lindqvist,Cancel mobile line - employee departure,sc_req_item,true,glindqvist,Mobility Services NA,Request fulfilled via Tangoe,2024-12-25,glindqvist,2024-12-20,Line Cancellation,olga.brown,2024-12-25,Cancel mobile line - employee departure for Olga Brown (United States),Olga Brown,Grace Lindqvist
RITM1045057,4 - Low,Closed Complete,North America,United States,Dana Whitfield,New mobile device request,sc_req_item,true,dwhitfield,Mobility Services NA,Request fulfilled via Tangoe,2026-03-11,dwhitfield,2026-03-10,New Device,jennifer.walker,2026-03-11,New mobile device request for Jennifer Walker (United States),Jennifer Walker,Dana Whitfield
RITM1045058,4 - Low,Closed Complete,North America,United States,Tom Okafor,New mobile device request,sc_req_item,true,tokafor,Mobility Services NA,Request fulfilled via Tangoe,2026-09-04,tokafor,2026-08-25,New Device,steven.nelson,2026-09-04,New mobile device request for Steven Nelson (United States),Steven Nelson,Tom Okafor
RITM1045059,4 - Low,Closed Complete,North America,United States,Grace Lindqvist,Mobile device upgrade,sc_req_item,true,glindqvist,Mobility Services NA,Request fulfilled via Tangoe,2025-06-04,glindqvist,2025-05-30,Device Upgrade,sarah.torres,2025-06-04,Mobile device upgrade for Sarah Torres (United States),Sarah Torres,Grace Lindqvist
RITM1045060,4 - Low,Closed Complete,North America,United States,Victor Hale,International roaming plan for upcoming travel,sc_req_item,true,vhale,Mobility Services NA,Request fulfilled via Tangoe,2024-08-13,vhale,2024-08-10,International Travel,leila.davis,2024-08-13,International roaming plan for upcoming travel for Leila Davis (United States),Leila Davis,Victor Hale
RITM1045061,4 - Low,Closed Complete,North America,United States,Dana Whitfield,New mobile device request,sc_req_item,true,dwhitfield,Mobility Services NA,Request fulfilled via Tangoe,2026-04-10,dwhitfield,2026-04-09,New Device,sofia.king,2026-04-10,New mobile device request for Sofia King (United States),Sofia King,Dana Whitfield
RITM1045062,4 - Low,Closed Complete,North America,United States,Victor Hale,Mobile device upgrade,sc_req_item,true,vhale,Mobility Services NA,Request fulfilled via Tangoe,2024-04-19,vhale,2024-04-17,Device Upgrade,liam.williams,2024-04-19,Mobile device upgrade for Liam Williams (United States),Liam Williams,Victor Hale
RITM1045063,3 - Moderate,Closed Complete,North America,Canada,Grace Lindqvist,International roaming plan for upcoming travel,sc_req_item,true,glindqvist,Mobility Services NA,Request fulfilled via Tangoe,2026-02-06,glindqvist,2026-02-05,International Travel,sofia.patel,2026-02-06,International roaming plan for upcoming travel for Sofia Patel (Canada),Sofia Patel,Grace Lindqvist
RITM1045064,4 - Low,Closed Complete,North America,United States,Aisha Karim,Port personal number to corporate account,sc_req_item,true,akarim,Mobility Services NA,Request fulfilled via Tangoe,2026-03-03,akarim,2026-02-27,Number Port,lisa.carter,2026-03-03,Port personal number to corporate account for Lisa Carter (United States),Lisa Carter,Aisha Karim
RITM1045065,3 - Moderate,Closed Complete,North America,United States,Marco Bellini,General mobility inquiry,sc_req_item,true,mbellini,Mobility Services NA,Request fulfilled via Tangoe,2026-04-24,mbellini,2026-04-20,N/A,zoe.harris,2026-04-24,General mobility inquiry for Zoe Harris (United States),Zoe Harris,Marco Bellini
RITM1045066,3 - Moderate,Closed Complete,North America,Canada,Tom Okafor,Lost or stolen device - suspend line,sc_req_item,true,tokafor,Mobility Services NA,Request fulfilled via Tangoe,2025-11-18,tokafor,2025-11-14,Lost/Stolen,wei.jones,2025-11-18,Lost or stolen device - suspend line for Wei Jones (Canada),Wei Jones,Tom Okafor
RITM1045067,3 - Moderate,Closed Complete,North America,Canada,Victor Hale,New mobile device request,sc_req_item,true,vhale,Mobility Services NA,Request fulfilled via Tangoe,2025-07-24,vhale,2025-07-21,New Device,ava.robinson,2025-07-24,New mobile device request for Ava Robinson (Canada),Ava Robinson,Victor Hale
RITM1045068,3 - Moderate,Closed Complete,North America,United States,Marco Bellini,Mobile device not working,sc_req_item,true,mbellini,Mobility Services NA,Request fulfilled via Tangoe,2024-08-22,mbellini,2024-08-20,Troubleshooting,daniel.nelson,2024-08-22,Mobile device not working for Daniel Nelson (United States),Daniel Nelson,Marco Bellini
RITM1045069,3 - Moderate,Closed Complete,North America,United States,Tom Okafor,Lost or stolen device - suspend line,sc_req_item,true,tokafor,Mobility Services NA,Request fulfilled via Tangoe,2024-10-31,tokafor,2024-10-30,Lost/Stolen,omar.harris,2024-10-31,Lost or stolen device - suspend line for Omar Harris (United States),Omar Harris,Tom Okafor
RITM1045070,4 - Low,Closed Complete,North America,United States,Tom Okafor,New mobile device request,sc_req_item,true,tokafor,Mobility Services NA,Request fulfilled via Tangoe,2024-08-23,tokafor,2024-08-20,New Device,lisa.lewis,2024-08-23,New mobile device request for Lisa Lewis (United States),Lisa Lewis,Tom Okafor
RITM1045071,4 - Low,Closed Complete,North America,United States,Tom Okafor,Mobile device not working,sc_req_item,true,tokafor,Mobility Services NA,Request fulfilled via Tangoe,2026-01-09,tokafor,2026-01-02,Troubleshooting,emily.sanchez,2026-01-09,Mobile device not working for Emily Sanchez (United States),Emily Sanchez,Tom Okafor
RITM1045072,3 - Moderate,Closed Complete,North America,United States,Marco Bellini,Lost or stolen device - suspend line,sc_req_item,true,mbellini,Mobility Services NA,Request fulfilled via Tangoe,2026-05-17,mbellini,2026-05-17,Lost/Stolen,sofia.king,2026-05-17,Lost or stolen device - suspend line for Sofia King (United States),Sofia King,Marco Bellini
RITM1045073,4 - Low,Open,North America,United States,Aisha Karim,New mobile device request,sc_req_item,true,akarim,Mobility Services NA,Awaiting carrier confirmation,2025-03-20,akarim,2025-03-20,New Device,ana.king,,New mobile device request for Ana King (United States),Ana King,
RITM1045074,3 - Moderate,Closed Complete,North America,United States,Tom Okafor,International roaming plan for upcoming travel,sc_req_item,true,tokafor,Mobility Services NA,Request fulfilled via Tangoe,2025-10-23,tokafor,2025-10-20,International Travel,brian.king,2025-10-23,International roaming plan for upcoming travel for Brian King (United States),Brian King,Tom Okafor
RITM1045075,3 - Moderate,Closed Complete,North America,United States,Victor Hale,Mobile device upgrade,sc_req_item,true,vhale,Mobility Services NA,Request fulfilled via Tangoe,2024-02-19,vhale,2024-02-10,Device Upgrade,ava.garcia,2024-02-19,Mobile device upgrade for Ava Garcia (United States),Ava Garcia,Victor Hale
RITM1045076,3 - Moderate,Closed Complete,North America,United States,Grace Lindqvist,New mobile device request,sc_req_item,true,glindqvist,Mobility Services NA,Request fulfilled via Tangoe,2026-01-16,glindqvist,2026-01-14,New Device,anthony.martinez,2026-01-16,New mobile device request for Anthony Martinez (United States),Anthony Martinez,Grace Lindqvist
RITM1045077,4 - Low,Closed Complete,North America,United States,Marco Bellini,Lost or stolen device - suspend line,sc_req_item,true,mbellini,Mobility Services NA,Request fulfilled via Tangoe,2024-11-08,mbellini,2024-10-30,Lost/Stolen,noah.green,2024-11-08,Lost or stolen device - suspend line for Noah Green (United States),Noah Green,Marco Bellini
RITM1045078,3 - Moderate,Closed Complete,North America,United States,Victor Hale,Mobile device upgrade,sc_req_item,true,vhale,Mobility Services NA,Request fulfilled via Tangoe,2024-09-24,vhale,2024-09-23,Device Upgrade,sofia.roy,2024-09-24,Mobile device upgrade for Sofia Roy (United States),Sofia Roy,Victor Hale
RITM1045079,3 - Moderate,Closed Complete,North America,United States,Marco Bellini,Mobile device upgrade,sc_req_item,true,mbellini,Mobility Services NA,Request fulfilled via Tangoe,2026-08-10,mbellini,2026-07-31,Device Upgrade,charles.anderson,2026-08-10,Mobile device upgrade for Charles Anderson (United States),Charles Anderson,Marco Bellini
RITM1045080,4 - Low,Closed Complete,North America,United States,Aisha Karim,International roaming plan for upcoming travel,sc_req_item,true,akarim,Mobility Services NA,Request fulfilled via Tangoe,2024-04-24,akarim,2024-04-18,International Travel,ahmed.campbell,2024-04-24,International roaming plan for upcoming travel for Ahmed Campbell (United States),Ahmed Campbell,Aisha Karim
RITM1045081,3 - Moderate,Closed Complete,North America,United States,Tom Okafor,International roaming plan for upcoming travel,sc_req_item,true,tokafor,Mobility Services NA,Request fulfilled via Tangoe,2025-03-12,tokafor,2025-03-06,International Travel,barbara.ramirez,2025-03-12,International roaming plan for upcoming travel for Barbara Ramirez (United States),Barbara Ramirez,Tom Okafor
RITM1045082,3 - Moderate,Closed Complete,North America,Canada,Dana Whitfield,Port personal number to corporate account,sc_req_item,true,dwhitfield,Mobility Services NA,Request fulfilled via Tangoe,2024-05-03,dwhitfield,2024-04-25,Number Port,mateo.scott,2024-05-03,Port personal number to corporate account for Mateo Scott (Canada),Mateo Scott,Dana Whitfield
RITM1045083,2 - High,Closed Complete,North America,United States,Tom Okafor,Mobile device upgrade,sc_req_item,true,tokafor,Mobility Services NA,Request fulfilled via Tangoe,2025-10-17,tokafor,2025-10-12,Device Upgrade,leila.sanchez,2025-10-17,Mobile device upgrade for Leila Sanchez (United States),Leila Sanchez,Tom Okafor
RITM1045084,4 - Low,Closed Complete,North America,United States,Grace Lindqvist,Mobile device not working,sc_req_item,true,glindqvist,Mobility Services NA,Request fulfilled via Tangoe,2025-09-19,glindqvist,2025-09-14,Troubleshooting,sarah.green,2025-09-19,Mobile device not working for Sarah Green (United States),Sarah Green,Grace Lindqvist
RITM1045085,4 - Low,Closed Complete,North America,United States,Grace Lindqvist,Mobile device upgrade,sc_req_item,true,glindqvist,Mobility Services NA,Request fulfilled via Tangoe,2026-08-18,glindqvist,2026-08-16,Device Upgrade,olga.gonzalez,2026-08-18,Mobile device upgrade for Olga Gonzalez (United States),Olga Gonzalez,Grace Lindqvist
RITM1045086,3 - Moderate,Closed Complete,North America,Canada,Aisha Karim,International roaming plan for upcoming travel,sc_req_item,true,akarim,Mobility Services NA,Request fulfilled via Tangoe,2024-06-17,akarim,2024-06-17,International Travel,mia.nelson,2024-06-17,International roaming plan for upcoming travel for Mia Nelson (Canada),Mia Nelson,Aisha Karim
RITM1045087,3 - Moderate,Closed Incomplete,North America,United States,Tom Okafor,International roaming plan for upcoming travel,sc_req_item,true,tokafor,Mobility Services NA,Request fulfilled via Tangoe,2024-01-30,tokafor,2024-01-29,International Travel,anthony.roy,2024-01-30,International roaming plan for upcoming travel for Anthony Roy (United States),Anthony Roy,Tom Okafor
RITM1045088,2 - High,Closed Complete,North America,United States,Victor Hale,New mobile device request,sc_req_item,true,vhale,Mobility Services NA,Request fulfilled via Tangoe,2026-05-28,vhale,2026-05-25,New Device,ana.torres,2026-05-28,New mobile device request for Ana Torres (United States),Ana Torres,Victor Hale
RITM1045089,3 - Moderate,Closed Complete,North America,United States,Dana Whitfield,Mobile device upgrade,sc_req_item,true,dwhitfield,Mobility Services NA,Request fulfilled via Tangoe,2024-05-27,dwhitfield,2024-05-25,Device Upgrade,joshua.mitchell,2024-05-27,Mobile device upgrade for Joshua Mitchell (United States),Joshua Mitchell,Dana Whitfield
RITM1045090,4 - Low,Closed Complete,North America,United States,Marco Bellini,Mobile device upgrade,sc_req_item,true,mbellini,Mobility Services NA,Request fulfilled via Tangoe,2024-09-06,mbellini,2024-09-06,Device Upgrade,steven.nelson,2024-09-06,Mobile device upgrade for Steven Nelson (United States),Steven Nelson,Marco Bellini
RITM1045091,4 - Low,Closed Complete,North America,United States,Tom Okafor,Mobile device upgrade,sc_req_item,true,tokafor,Mobility Services NA,Request fulfilled via Tangoe,2026-01-27,tokafor,2026-01-26,Device Upgrade,noah.wright,2026-01-27,Mobile device upgrade for Noah Wright (United States),Noah Wright,Tom Okafor
RITM1045092,3 - Moderate,Closed Complete,North America,United States,Victor Hale,Mobile device upgrade,sc_req_item,true,vhale,Mobility Services NA,Request fulfilled via Tangoe,2026-04-06,vhale,2026-04-01,Device Upgrade,yuki.garcia,2026-04-06,Mobile device upgrade for Yuki Garcia (United States),Yuki Garcia,Victor Hale
RITM1045093,3 - Moderate,Closed Complete,North America,United States,Grace Lindqvist,Mobile device upgrade,sc_req_item,true,glindqvist,Mobility Services NA,Request fulfilled via Tangoe,2025-06-27,glindqvist,2025-06-21,Device Upgrade,olga.nguyen,2025-06-27,Mobile device upgrade for Olga Nguyen (United States),Olga Nguyen,Grace Lindqvist
RITM1045094,3 - Moderate,Closed Complete,North America,United States,Aisha Karim,International roaming plan for upcoming travel,sc_req_item,true,akarim,Mobility Services NA,Request fulfilled via Tangoe,2025-01-02,akarim,2024-12-28,International Travel,jennifer.sanchez,2025-01-02,International roaming plan for upcoming travel for Jennifer Sanchez (United States),Jennifer Sanchez,Aisha Karim
RITM1045095,2 - High,Closed Complete,North America,Canada,Marco Bellini,International roaming plan for upcoming travel,sc_req_item,true,mbellini,Mobility Services NA,Request fulfilled via Tangoe,2026-04-06,mbellini,2026-04-02,International Travel,elizabeth.jones,2026-04-06,International roaming plan for upcoming travel for Elizabeth Jones (Canada),Elizabeth Jones,Marco Bellini
RITM1045096,4 - Low,Closed Complete,North America,United States,Victor Hale,Lost or stolen device - suspend line,sc_req_item,true,vhale,Mobility Services NA,Request fulfilled via Tangoe,2024-09-03,vhale,2024-08-28,Lost/Stolen,ashley.flores,2024-09-03,Lost or stolen device - suspend line for Ashley Flores (United States),Ashley Flores,Victor Hale
RITM1045097,4 - Low,Closed Complete,North America,United States,Tom Okafor,Mobile device not working,sc_req_item,true,tokafor,Mobility Services NA,Request fulfilled via Tangoe,2026-03-13,tokafor,2026-03-13,Troubleshooting,stephanie.brown,2026-03-13,Mobile device not working for Stephanie Brown (United States),Stephanie Brown,Tom Okafor
RITM1045098,3 - Moderate,Closed Complete,North America,United States,Victor Hale,International roaming plan for upcoming travel,sc_req_item,true,vhale,Mobility Services NA,Request fulfilled via Tangoe,2025-11-20,vhale,2025-11-16,International Travel,amanda.patel,2025-11-20,International roaming plan for upcoming travel for Amanda Patel (United States),Amanda Patel,Victor Hale
RITM1045099,4 - Low,Closed Complete,North America,Canada,Victor Hale,New mobile device request,sc_req_item,true,vhale,Mobility Services NA,Request fulfilled via Tangoe,2025-08-05,vhale,2025-08-01,New Device,elizabeth.hernandez,2025-08-05,New mobile device request for Elizabeth Hernandez (Canada),Elizabeth Hernandez,Victor Hale
RITM1045100,3 - Moderate,Closed Complete,North America,United States,Tom Okafor,International roaming plan for upcoming travel,sc_req_item,true,tokafor,Mobility Services NA,Request fulfilled via Tangoe,2024-08-22,tokafor,2024-08-17,International Travel,chloe.novak,2024-08-22,International roaming plan for upcoming travel for Chloe Novak (United States),Chloe Novak,Tom Okafor
RITM1045101,3 - Moderate,Closed Complete,North America,United States,Aisha Karim,Mobile device upgrade,sc_req_item,true,akarim,Mobility Services NA,Request fulfilled via Tangoe,2026-03-28,akarim,2026-03-28,Device Upgrade,steven.nelson,2026-03-28,Mobile device upgrade for Steven Nelson (United States),Steven Nelson,Aisha Karim
RITM1045102,3 - Moderate,Closed Complete,North America,United States,Aisha Karim,Mobile device not working,sc_req_item,true,akarim,Mobility Services NA,Request fulfilled via Tangoe,2025-01-30,akarim,2025-01-29,Troubleshooting,amanda.smith,2025-01-30,Mobile device not working for Amanda Smith (United States),Amanda Smith,Aisha Karim
RITM1045103,4 - Low,Closed Complete,North America,United States,Marco Bellini,Mobile device not working,sc_req_item,true,mbellini,Mobility Services NA,Request fulfilled via Tangoe,2025-06-03,mbellini,2025-06-03,Troubleshooting,joshua.anderson,2025-06-03,Mobile device not working for Joshua Anderson (United States),Joshua Anderson,Marco Bellini
RITM1045104,4 - Low,Closed Complete,North America,United States,Tom Okafor,Mobile device not working,sc_req_item,true,tokafor,Mobility Services NA,Request fulfilled via Tangoe,2025-08-18,tokafor,2025-08-17,Troubleshooting,david.allen,2025-08-18,Mobile device not working for David Allen (United States),David Allen,Tom Okafor
RITM1045105,3 - Moderate,Closed Complete,North America,United States,Tom Okafor,Cancel mobile line - employee departure,sc_req_item,true,tokafor,Mobility Services NA,Request fulfilled via Tangoe,2025-06-23,tokafor,2025-06-17,Line Cancellation,lisa.carter,2025-06-23,Cancel mobile line - employee departure for Lisa Carter (United States),Lisa Carter,Tom Okafor
RITM1045106,4 - Low,Closed Complete,North America,United States,Tom Okafor,Mobile device not working,sc_req_item,true,tokafor,Mobility Services NA,Request fulfilled via Tangoe,2026-03-18,tokafor,2026-03-13,Troubleshooting,amanda.walker,2026-03-18,Mobile device not working for Amanda Walker (United States),Amanda Walker,Tom Okafor
RITM1045107,4 - Low,Closed Complete,North America,Canada,Aisha Karim,International roaming plan for upcoming travel,sc_req_item,true,akarim,Mobility Services NA,Request fulfilled via Tangoe,2026-03-12,akarim,2026-03-08,International Travel,jessica.torres,2026-03-12,International roaming plan for upcoming travel for Jessica Torres (Canada),Jessica Torres,Aisha Karim
RITM1045108,4 - Low,Closed Complete,North America,United States,Marco Bellini,International roaming plan for upcoming travel,sc_req_item,true,mbellini,Mobility Services NA,Request fulfilled via Tangoe,2024-05-15,mbellini,2024-05-12,International Travel,sandra.baker,2024-05-15,International roaming plan for upcoming travel for Sandra Baker (United States),Sandra Baker,Marco Bellini
RITM1045109,4 - Low,Closed Complete,North America,United States,Aisha Karim,International roaming plan for upcoming travel,sc_req_item,true,akarim,Mobility Services NA,Request fulfilled via Tangoe,2024-09-26,akarim,2024-09-21,International Travel,william.king,2024-09-26,International roaming plan for upcoming travel for William King (United States),William King,Aisha Karim
RITM1045110,2 - High,Closed Incomplete,North America,United States,Dana Whitfield,International roaming plan for upcoming travel,sc_req_item,true,dwhitfield,Mobility Services NA,Request fulfilled via Tangoe,2025-07-01,dwhitfield,2025-06-29,International Travel,elizabeth.nelson,2025-07-01,International roaming plan for upcoming travel for Elizabeth Nelson (United States),Elizabeth Nelson,Dana Whitfield
RITM1045111,4 - Low,Closed Complete,North America,United States,Dana Whitfield,New mobile device request,sc_req_item,true,dwhitfield,Mobility Services NA,Request fulfilled via Tangoe,2024-03-01,dwhitfield,2024-02-28,New Device,david.flores,2024-03-01,New mobile device request for David Flores (United States),David Flores,Dana Whitfield
RITM1045112,4 - Low,Closed Complete,North America,United States,Victor Hale,Mobile device upgrade,sc_req_item,true,vhale,Mobility Services NA,Request fulfilled via Tangoe,2025-07-03,vhale,2025-06-30,Device Upgrade,michael.hill,2025-07-03,Mobile device upgrade for Michael Hill (United States),Michael Hill,Victor Hale
RITM1045113,4 - Low,Open,North America,United States,Tom Okafor,Mobile device upgrade,sc_req_item,true,tokafor,Mobility Services NA,Awaiting carrier confirmation,2025-07-11,tokafor,2025-07-11,Device Upgrade,david.carter,,Mobile device upgrade for David Carter (United States),David Carter,
RITM1045114,4 - Low,Open,North America,Canada,Grace Lindqvist,Cancel mobile line - employee departure,sc_req_item,true,glindqvist,Mobility Services NA,Awaiting carrier confirmation,2026-06-13,glindqvist,2026-06-13,Line Cancellation,wei.rivera,,Cancel mobile line - employee departure for Wei Rivera (Canada),Wei Rivera,
RITM1045115,3 - Moderate,Closed Complete,North America,Canada,Aisha Karim,Lost or stolen device - suspend line,sc_req_item,true,akarim,Mobility Services NA,Request fulfilled via Tangoe,2024-01-26,akarim,2024-01-23,Lost/Stolen,emily.lewis,2024-01-26,Lost or stolen device - suspend line for Emily Lewis (Canada),Emily Lewis,Aisha Karim
RITM1045116,3 - Moderate,Closed Complete,North America,United States,Dana Whitfield,International roaming plan for upcoming travel,sc_req_item,true,dwhitfield,Mobility Services NA,Request fulfilled via Tangoe,2026-03-02,dwhitfield,2026-03-02,International Travel,brian.hill,2026-03-02,International roaming plan for upcoming travel for Brian Hill (United States),Brian Hill,Dana Whitfield
RITM1045117,3 - Moderate,Closed Complete,North America,United States,Victor Hale,New mobile device request,sc_req_item,true,vhale,Mobility Services NA,Request fulfilled via Tangoe,2024-10-01,vhale,2024-09-29,New Device,emily.green,2024-10-01,New mobile device request for Emily Green (United States),Emily Green,Victor Hale
RITM1045118,3 - Moderate,Closed Complete,North America,Canada,Tom Okafor,Cancel mobile line - employee departure,sc_req_item,true,tokafor,Mobility Services NA,Request fulfilled via Tangoe,2025-01-22,tokafor,2025-01-16,Line Cancellation,priya.cohen,2025-01-22,Cancel mobile line - employee departure for Priya Cohen (Canada),Priya Cohen,Tom Okafor
RITM1045119,3 - Moderate,Work in Progress,North America,United States,Aisha Karim,General mobility inquiry,sc_req_item,true,akarim,Mobility Services NA,Awaiting carrier confirmation,2024-04-29,akarim,2024-04-29,N/A,steven.roy,,General mobility inquiry for Steven Roy (United States),Steven Roy,
RITM1045120,4 - Low,Closed Complete,North America,United States,Aisha Karim,International roaming plan for upcoming travel,sc_req_item,true,akarim,Mobility Services NA,Request fulfilled via Tangoe,2024-10-07,akarim,2024-10-03,International Travel,daniel.white,2024-10-07,International roaming plan for upcoming travel for Daniel White (United States),Daniel White,Aisha Karim
RITM1045121,4 - Low,Closed Complete,North America,United States,Tom Okafor,New mobile device request,sc_req_item,true,tokafor,Mobility Services NA,Request fulfilled via Tangoe,2024-12-13,tokafor,2024-12-10,New Device,carlos.patel,2024-12-13,New mobile device request for Carlos Patel (United States),Carlos Patel,Tom Okafor
RITM1045122,4 - Low,Closed Complete,North America,United States,Aisha Karim,General mobility inquiry,sc_req_item,true,akarim,Mobility Services NA,Request fulfilled via Tangoe,2024-03-20,akarim,2024-03-19,N/A,stephanie.anderson,2024-03-20,General mobility inquiry for Stephanie Anderson (United States),Stephanie Anderson,Aisha Karim
RITM1045123,3 - Moderate,Closed Complete,North America,United States,Marco Bellini,Mobile device upgrade,sc_req_item,true,mbellini,Mobility Services NA,Request fulfilled via Tangoe,2024-12-17,mbellini,2024-12-12,Device Upgrade,william.lewis,2024-12-17,Mobile device upgrade for William Lewis (United States),William Lewis,Marco Bellini
RITM1045124,4 - Low,Work in Progress,North America,United States,Grace Lindqvist,Mobile device not working,sc_req_item,true,glindqvist,Mobility Services NA,Awaiting carrier confirmation,2025-06-19,glindqvist,2025-06-19,Troubleshooting,yuki.rodriguez,,Mobile device not working for Yuki Rodriguez (United States),Yuki Rodriguez,
RITM1045125,4 - Low,Closed Complete,North America,Canada,Dana Whitfield,New mobile device request,sc_req_item,true,dwhitfield,Mobility Services NA,Request fulfilled via Tangoe,2025-01-10,dwhitfield,2025-01-05,New Device,carlos.martin,2025-01-10,New mobile device request for Carlos Martin (Canada),Carlos Martin,Dana Whitfield
RITM1045126,3 - Moderate,Closed Complete,North America,United States,Dana Whitfield,Mobile device not working,sc_req_item,true,dwhitfield,Mobility Services NA,Request fulfilled via Tangoe,2024-12-17,dwhitfield,2024-12-16,Troubleshooting,betty.taylor,2024-12-17,Mobile device not working for Betty Taylor (United States),Betty Taylor,Dana Whitfield
RITM1045127,4 - Low,Closed Complete,North America,United States,Aisha Karim,Lost or stolen device - suspend line,sc_req_item,true,akarim,Mobility Services NA,Request fulfilled via Tangoe,2026-04-20,akarim,2026-04-17,Lost/Stolen,william.hernandez,2026-04-20,Lost or stolen device - suspend line for William Hernandez (United States),William Hernandez,Aisha Karim
RITM1045128,4 - Low,Closed Complete,North America,United States,Tom Okafor,Mobile device upgrade,sc_req_item,true,tokafor,Mobility Services NA,Request fulfilled via Tangoe,2024-09-02,tokafor,2024-08-27,Device Upgrade,emily.green,2024-09-02,Mobile device upgrade for Emily Green (United States),Emily Green,Tom Okafor
RITM1045129,4 - Low,Closed Complete,North America,Canada,Aisha Karim,International roaming plan for upcoming travel,sc_req_item,true,akarim,Mobility Services NA,Request fulfilled via Tangoe,2024-05-07,akarim,2024-04-30,International Travel,kevin.miller,2024-05-07,International roaming plan for upcoming travel for Kevin Miller (Canada),Kevin Miller,Aisha Karim
RITM1045130,4 - Low,Closed Complete,North America,United States,Tom Okafor,New mobile device request,sc_req_item,true,tokafor,Mobility Services NA,Request fulfilled via Tangoe,2026-02-20,tokafor,2026-02-11,New Device,priya.novak,2026-02-20,New mobile device request for Priya Novak (United States),Priya Novak,Tom Okafor
RITM1045131,3 - Moderate,Closed Complete,North America,United States,Marco Bellini,Mobile device upgrade,sc_req_item,true,mbellini,Mobility Services NA,Request fulfilled via Tangoe,2026-03-02,mbellini,2026-02-26,Device Upgrade,melissa.mitchell,2026-03-02,Mobile device upgrade for Melissa Mitchell (United States),Melissa Mitchell,Marco Bellini
RITM1045132,3 - Moderate,Closed Complete,North America,United States,Grace Lindqvist,New mobile device request,sc_req_item,true,glindqvist,Mobility Services NA,Request fulfilled via Tangoe,2025-03-31,glindqvist,2025-03-27,New Device,robert.smith,2025-03-31,New mobile device request for Robert Smith (United States),Robert Smith,Grace Lindqvist
RITM1045133,3 - Moderate,Closed Complete,North America,United States,Aisha Karim,International roaming plan for upcoming travel,sc_req_item,true,akarim,Mobility Services NA,Request fulfilled via Tangoe,2026-08-21,akarim,2026-08-18,International Travel,anthony.robinson,2026-08-21,International roaming plan for upcoming travel for Anthony Robinson (United States),Anthony Robinson,Aisha Karim
RITM1045134,2 - High,Closed Complete,North America,United States,Tom Okafor,New mobile device request,sc_req_item,true,tokafor,Mobility Services NA,Request fulfilled via Tangoe,2025-09-04,tokafor,2025-08-31,New Device,mark.hill,2025-09-04,New mobile device request for Mark Hill (United States),Mark Hill,Tom Okafor
RITM1045135,3 - Moderate,Closed Complete,North America,United States,Marco Bellini,Cancel mobile line - employee departure,sc_req_item,true,mbellini,Mobility Services NA,Request fulfilled via Tangoe,2025-08-04,mbellini,2025-07-29,Line Cancellation,sandra.rodriguez,2025-08-04,Cancel mobile line - employee departure for Sandra Rodriguez (United States),Sandra Rodriguez,Marco Bellini
RITM1045136,4 - Low,Closed Complete,North America,Canada,Aisha Karim,International roaming plan for upcoming travel,sc_req_item,true,akarim,Mobility Services NA,Request fulfilled via Tangoe,2024-01-06,akarim,2024-01-06,International Travel,raj.nelson,2024-01-06,International roaming plan for upcoming travel for Raj Nelson (Canada),Raj Nelson,Aisha Karim
RITM1045137,4 - Low,Closed Complete,North America,United States,Tom Okafor,Mobile device not working,sc_req_item,true,tokafor,Mobility Services NA,Request fulfilled via Tangoe,2024-05-09,tokafor,2024-05-09,Troubleshooting,priya.kim,2024-05-09,Mobile device not working for Priya Kim (United States),Priya Kim,Tom Okafor
RITM1045138,4 - Low,Closed Complete,North America,United States,Marco Bellini,Mobile device upgrade,sc_req_item,true,mbellini,Mobility Services NA,Request fulfilled via Tangoe,2026-07-14,mbellini,2026-07-11,Device Upgrade,karen.torres,2026-07-14,Mobile device upgrade for Karen Torres (United States),Karen Torres,Marco Bellini
RITM1045139,4 - Low,Closed Complete,North America,United States,Aisha Karim,New mobile device request,sc_req_item,true,akarim,Mobility Services NA,Request fulfilled via Tangoe,2026-07-16,akarim,2026-07-16,New Device,wei.rivera,2026-07-16,New mobile device request for Wei Rivera (United States),Wei Rivera,Aisha Karim
RITM1045140,2 - High,Closed Complete,North America,United States,Grace Lindqvist,General mobility inquiry,sc_req_item,true,glindqvist,Mobility Services NA,Request fulfilled via Tangoe,2024-06-18,glindqvist,2024-06-15,N/A,michael.thomas,2024-06-18,General mobility inquiry for Michael Thomas (United States),Michael Thomas,Grace Lindqvist
RITM1045141,4 - Low,Closed Complete,North America,United States,Dana Whitfield,Lost or stolen device - suspend line,sc_req_item,true,dwhitfield,Mobility Services NA,Request fulfilled via Tangoe,2024-02-05,dwhitfield,2024-01-31,Lost/Stolen,ethan.wright,2024-02-05,Lost or stolen device - suspend line for Ethan Wright (United States),Ethan Wright,Dana Whitfield
RITM1045142,4 - Low,Closed Complete,North America,United States,Dana Whitfield,New mobile device request,sc_req_item,true,dwhitfield,Mobility Services NA,Request fulfilled via Tangoe,2024-10-07,dwhitfield,2024-10-05,New Device,jennifer.campbell,2024-10-07,New mobile device request for Jennifer Campbell (United States),Jennifer Campbell,Dana Whitfield
RITM1045143,3 - Moderate,Closed Complete,North America,Canada,Victor Hale,Mobile device upgrade,sc_req_item,true,vhale,Mobility Services NA,Request fulfilled via Tangoe,2026-07-09,vhale,2026-07-02,Device Upgrade,jennifer.nguyen,2026-07-09,Mobile device upgrade for Jennifer Nguyen (Canada),Jennifer Nguyen,Victor Hale
RITM1045144,3 - Moderate,Closed Complete,North America,United States,Victor Hale,International roaming plan for upcoming travel,sc_req_item,true,vhale,Mobility Services NA,Request fulfilled via Tangoe,2024-01-11,vhale,2024-01-08,International Travel,stephanie.lee,2024-01-11,International roaming plan for upcoming travel for Stephanie Lee (United States),Stephanie Lee,Victor Hale
RITM1045145,4 - Low,Closed Complete,North America,United States,Aisha Karim,International roaming plan for upcoming travel,sc_req_item,true,akarim,Mobility Services NA,Request fulfilled via Tangoe,2025-05-21,akarim,2025-05-14,International Travel,steven.white,2025-05-21,International roaming plan for upcoming travel for Steven White (United States),Steven White,Aisha Karim
RITM1045146,3 - Moderate,Closed Complete,North America,United States,Aisha Karim,Mobile device upgrade,sc_req_item,true,akarim,Mobility Services NA,Request fulfilled via Tangoe,2025-12-13,akarim,2025-12-13,Device Upgrade,raj.harris,2025-12-13,Mobile device upgrade for Raj Harris (United States),Raj Harris,Aisha Karim
RITM1045147,2 - High,Closed Complete,North America,United States,Aisha Karim,Mobile device not working,sc_req_item,true,akarim,Mobility Services NA,Request fulfilled via Tangoe,2025-05-13,akarim,2025-05-06,Troubleshooting,emily.gonzalez,2025-05-13,Mobile device not working for Emily Gonzalez (United States),Emily Gonzalez,Aisha Karim
RITM1045148,4 - Low,Closed Complete,North America,United States,Victor Hale,Mobile device upgrade,sc_req_item,true,vhale,Mobility Services NA,Request fulfilled via Tangoe,2025-01-30,vhale,2025-01-23,Device Upgrade,omar.king,2025-01-30,Mobile device upgrade for Omar King (United States),Omar King,Victor Hale
RITM1045149,4 - Low,Closed Complete,North America,United States,Marco Bellini,Mobile device not working,sc_req_item,true,mbellini,Mobility Services NA,Request fulfilled via Tangoe,2024-09-09,mbellini,2024-09-07,Troubleshooting,noah.tremblay,2024-09-09,Mobile device not working for Noah Tremblay (United States),Noah Tremblay,Marco Bellini
RITM1045150,4 - Low,Closed Complete,North America,Canada,Dana Whitfield,Lost or stolen device - suspend line,sc_req_item,true,dwhitfield,Mobility Services NA,Request fulfilled via Tangoe,2024-11-29,dwhitfield,2024-11-27,Lost/Stolen,richard.carter,2024-11-29,Lost or stolen device - suspend line for Richard Carter (Canada),Richard Carter,Dana Whitfield
RITM1045151,3 - Moderate,Closed Complete,North America,Canada,Aisha Karim,Mobile device upgrade,sc_req_item,true,akarim,Mobility Services NA,Request fulfilled via Tangoe,2024-01-25,akarim,2024-01-19,Device Upgrade,thomas.kim,2024-01-25,Mobile device upgrade for Thomas Kim (Canada),Thomas Kim,Aisha Karim
RITM1045152,4 - Low,Closed Complete,North America,United States,Victor Hale,Lost or stolen device - suspend line,sc_req_item,true,vhale,Mobility Services NA,Request fulfilled via Tangoe,2026-01-14,vhale,2026-01-14,Lost/Stolen,sofia.king,2026-01-14,Lost or stolen device - suspend line for Sofia King (United States),Sofia King,Victor Hale
RITM1045153,3 - Moderate,Closed Complete,North America,United States,Marco Bellini,New mobile device request,sc_req_item,true,mbellini,Mobility Services NA,Request fulfilled via Tangoe,2026-05-28,mbellini,2026-05-22,New Device,lisa.hall,2026-05-28,New mobile device request for Lisa Hall (United States),Lisa Hall,Marco Bellini
RITM1045154,3 - Moderate,Closed Complete,North America,United States,Dana Whitfield,Port personal number to corporate account,sc_req_item,true,dwhitfield,Mobility Services NA,Request fulfilled via Tangoe,2024-06-09,dwhitfield,2024-06-09,Number Port,richard.wright,2024-06-09,Port personal number to corporate account for Richard Wright (United States),Richard Wright,Dana Whitfield
RITM1045155,4 - Low,Closed Incomplete,North America,United States,Dana Whitfield,Cancel mobile line - employee departure,sc_req_item,true,dwhitfield,Mobility Services NA,Request fulfilled via Tangoe,2024-03-01,dwhitfield,2024-02-27,Line Cancellation,mark.chen,2024-03-01,Cancel mobile line - employee departure for Mark Chen (United States),Mark Chen,Dana Whitfield
RITM1045156,4 - Low,Closed Complete,North America,United States,Tom Okafor,Mobile device not working,sc_req_item,true,tokafor,Mobility Services NA,Request fulfilled via Tangoe,2026-07-28,tokafor,2026-07-27,Troubleshooting,wei.garcia,2026-07-28,Mobile device not working for Wei Garcia (United States),Wei Garcia,Tom Okafor
RITM1045157,4 - Low,Closed Complete,North America,Canada,Grace Lindqvist,New mobile device request,sc_req_item,true,glindqvist,Mobility Services NA,Request fulfilled via Tangoe,2024-10-04,glindqvist,2024-10-02,New Device,nancy.anderson,2024-10-04,New mobile device request for Nancy Anderson (Canada),Nancy Anderson,Grace Lindqvist
RITM1045158,4 - Low,Closed Complete,North America,United States,Victor Hale,Mobile device not working,sc_req_item,true,vhale,Mobility Services NA,Request fulfilled via Tangoe,2026-06-01,vhale,2026-05-21,Troubleshooting,ava.carter,2026-06-01,Mobile device not working for Ava Carter (United States),Ava Carter,Victor Hale
RITM1045159,3 - Moderate,Closed Complete,North America,United States,Marco Bellini,New mobile device request,sc_req_item,true,mbellini,Mobility Services NA,Request fulfilled via Tangoe,2024-04-15,mbellini,2024-04-13,New Device,hiroshi.singh,2024-04-15,New mobile device request for Hiroshi Singh (United States),Hiroshi Singh,Marco Bellini
RITM1045160,3 - Moderate,Closed Complete,North America,Canada,Tom Okafor,Mobile device not working,sc_req_item,true,tokafor,Mobility Services NA,Request fulfilled via Tangoe,2024-08-06,tokafor,2024-08-04,Troubleshooting,chloe.flores,2024-08-06,Mobile device not working for Chloe Flores (Canada),Chloe Flores,Tom Okafor
RITM1045161,4 - Low,Closed Complete,North America,United States,Marco Bellini,Cancel mobile line - employee departure,sc_req_item,true,mbellini,Mobility Services NA,Request fulfilled via Tangoe,2025-09-30,mbellini,2025-09-29,Line Cancellation,daniel.novak,2025-09-30,Cancel mobile line - employee departure for Daniel Novak (United States),Daniel Novak,Marco Bellini
RITM1045162,4 - Low,Closed Complete,North America,United States,Dana Whitfield,Lost or stolen device - suspend line,sc_req_item,true,dwhitfield,Mobility Services NA,Request fulfilled via Tangoe,2025-02-17,dwhitfield,2025-02-16,Lost/Stolen,stephanie.anderson,2025-02-17,Lost or stolen device - suspend line for Stephanie Anderson (United States),Stephanie Anderson,Dana Whitfield
RITM1045163,3 - Moderate,Closed Incomplete,North America,United States,Aisha Karim,Cancel mobile line - employee departure,sc_req_item,true,akarim,Mobility Services NA,Request fulfilled via Tangoe,2025-06-17,akarim,2025-06-14,Line Cancellation,richard.gagnon,2025-06-17,Cancel mobile line - employee departure for Richard Gagnon (United States),Richard Gagnon,Aisha Karim
RITM1045164,4 - Low,Closed Complete,North America,United States,Marco Bellini,Cancel mobile line - employee departure,sc_req_item,true,mbellini,Mobility Services NA,Request fulfilled via Tangoe,2026-02-05,mbellini,2026-01-31,Line Cancellation,kevin.miller,2026-02-05,Cancel mobile line - employee departure for Kevin Miller (United States),Kevin Miller,Marco Bellini
RITM1045165,4 - Low,Closed Complete,North America,United States,Grace Lindqvist,Mobile device upgrade,sc_req_item,true,glindqvist,Mobility Services NA,Request fulfilled via Tangoe,2024-11-13,glindqvist,2024-11-09,Device Upgrade,mia.thomas,2024-11-13,Mobile device upgrade for Mia Thomas (United States),Mia Thomas,Grace Lindqvist
RITM1045166,4 - Low,Closed Complete,North America,United States,Dana Whitfield,Mobile device upgrade,sc_req_item,true,dwhitfield,Mobility Services NA,Request fulfilled via Tangoe,2026-07-27,dwhitfield,2026-07-23,Device Upgrade,olga.sanchez,2026-07-27,Mobile device upgrade for Olga Sanchez (United States),Olga Sanchez,Dana Whitfield
RITM1045167,3 - Moderate,Closed Complete,North America,United States,Victor Hale,Mobile device not working,sc_req_item,true,vhale,Mobility Services NA,Request fulfilled via Tangoe,2026-08-26,vhale,2026-08-25,Troubleshooting,brian.smith,2026-08-26,Mobile device not working for Brian Smith (United States),Brian Smith,Victor Hale
RITM1045168,4 - Low,Closed Complete,North America,Canada,Marco Bellini,Mobile device not working,sc_req_item,true,mbellini,Mobility Services NA,Request fulfilled via Tangoe,2024-05-29,mbellini,2024-05-29,Troubleshooting,linda.jackson,2024-05-29,Mobile device not working for Linda Jackson (Canada),Linda Jackson,Marco Bellini
RITM1045169,2 - High,Closed Complete,North America,United States,Grace Lindqvist,Port personal number to corporate account,sc_req_item,true,glindqvist,Mobility Services NA,Request fulfilled via Tangoe,2025-06-16,glindqvist,2025-06-14,Number Port,thomas.brown,2025-06-16,Port personal number to corporate account for Thomas Brown (United States),Thomas Brown,Grace Lindqvist
RITM1045170,3 - Moderate,Closed Complete,North America,United States,Grace Lindqvist,Lost or stolen device - suspend line,sc_req_item,true,glindqvist,Mobility Services NA,Request fulfilled via Tangoe,2025-04-16,glindqvist,2025-04-15,Lost/Stolen,hiroshi.carter,2025-04-16,Lost or stolen device - suspend line for Hiroshi Carter (United States),Hiroshi Carter,Grace Lindqvist
RITM1045171,3 - Moderate,Open,North America,United States,Dana Whitfield,International roaming plan for upcoming travel,sc_req_item,true,dwhitfield,Mobility Services NA,Awaiting carrier confirmation,2026-01-24,dwhitfield,2026-01-24,International Travel,liam.scott,,International roaming plan for upcoming travel for Liam Scott (United States),Liam Scott,
RITM1045172,4 - Low,Closed Complete,North America,United States,Aisha Karim,New mobile device request,sc_req_item,true,akarim,Mobility Services NA,Request fulfilled via Tangoe,2026-04-30,akarim,2026-04-25,New Device,mark.scott,2026-04-30,New mobile device request for Mark Scott (United States),Mark Scott,Aisha Karim
RITM1045173,4 - Low,Work in Progress,North America,United States,Tom Okafor,Lost or stolen device - suspend line,sc_req_item,true,tokafor,Mobility Services NA,Awaiting carrier confirmation,2024-10-29,tokafor,2024-10-29,Lost/Stolen,john.rodriguez,,Lost or stolen device - suspend line for John Rodriguez (United States),John Rodriguez,
RITM1045174,4 - Low,Closed Complete,North America,United States,Grace Lindqvist,Mobile device upgrade,sc_req_item,true,glindqvist,Mobility Services NA,Request fulfilled via Tangoe,2025-08-22,glindqvist,2025-08-17,Device Upgrade,steven.roy,2025-08-22,Mobile device upgrade for Steven Roy (United States),Steven Roy,Grace Lindqvist
RITM1045175,4 - Low,Closed Complete,North America,United States,Grace Lindqvist,Cancel mobile line - employee departure,sc_req_item,true,glindqvist,Mobility Services NA,Request fulfilled via Tangoe,2026-01-05,glindqvist,2026-01-05,Line Cancellation,sarah.wilson,2026-01-05,Cancel mobile line - employee departure for Sarah Wilson (United States),Sarah Wilson,Grace Lindqvist
RITM1045176,4 - Low,Closed Complete,North America,United States,Aisha Karim,Cancel mobile line - employee departure,sc_req_item,true,akarim,Mobility Services NA,Request fulfilled via Tangoe,2024-04-02,akarim,2024-03-30,Line Cancellation,nancy.robinson,2024-04-02,Cancel mobile line - employee departure for Nancy Robinson (United States),Nancy Robinson,Aisha Karim
RITM1045177,3 - Moderate,Closed Complete,North America,United States,Tom Okafor,Port personal number to corporate account,sc_req_item,true,tokafor,Mobility Services NA,Request fulfilled via Tangoe,2026-04-06,tokafor,2026-04-03,Number Port,emily.jackson,2026-04-06,Port personal number to corporate account for Emily Jackson (United States),Emily Jackson,Tom Okafor
RITM1045178,4 - Low,Closed Complete,North America,United States,Victor Hale,New mobile device request,sc_req_item,true,vhale,Mobility Services NA,Request fulfilled via Tangoe,2025-05-22,vhale,2025-05-16,New Device,mary.lee,2025-05-22,New mobile device request for Mary Lee (United States),Mary Lee,Victor Hale
RITM1045179,3 - Moderate,Closed Complete,North America,Canada,Marco Bellini,Cancel mobile line - employee departure,sc_req_item,true,mbellini,Mobility Services NA,Request fulfilled via Tangoe,2025-04-23,mbellini,2025-04-20,Line Cancellation,fatima.campbell,2025-04-23,Cancel mobile line - employee departure for Fatima Campbell (Canada),Fatima Campbell,Marco Bellini
RITM1045180,4 - Low,Closed Complete,North America,United States,Aisha Karim,Port personal number to corporate account,sc_req_item,true,akarim,Mobility Services NA,Request fulfilled via Tangoe,2025-01-20,akarim,2025-01-15,Number Port,noah.torres,2025-01-20,Port personal number to corporate account for Noah Torres (United States),Noah Torres,Aisha Karim
RITM1045181,2 - High,Closed Complete,North America,United States,Grace Lindqvist,New mobile device request,sc_req_item,true,glindqvist,Mobility Services NA,Request fulfilled via Tangoe,2024-02-12,glindqvist,2024-02-12,New Device,elizabeth.nelson,2024-02-12,New mobile device request for Elizabeth Nelson (United States),Elizabeth Nelson,Grace Lindqvist
RITM1045182,4 - Low,Closed Complete,North America,United States,Marco Bellini,International roaming plan for upcoming travel,sc_req_item,true,mbellini,Mobility Services NA,Request fulfilled via Tangoe,2025-03-31,mbellini,2025-03-30,International Travel,william.hernandez,2025-03-31,International roaming plan for upcoming travel for William Hernandez (United States),William Hernandez,Marco Bellini
RITM1045183,3 - Moderate,Closed Complete,North America,United States,Tom Okafor,General mobility inquiry,sc_req_item,true,tokafor,Mobility Services NA,Request fulfilled via Tangoe,2026-07-31,tokafor,2026-07-27,N/A,raj.gagnon,2026-07-31,General mobility inquiry for Raj Gagnon (United States),Raj Gagnon,Tom Okafor
RITM1045184,3 - Moderate,Closed Complete,North America,United States,Dana Whitfield,Lost or stolen device - suspend line,sc_req_item,true,dwhitfield,Mobility Services NA,Request fulfilled via Tangoe,2024-10-10,dwhitfield,2024-10-07,Lost/Stolen,amanda.singh,2024-10-10,Lost or stolen device - suspend line for Amanda Singh (United States),Amanda Singh,Dana Whitfield
RITM1045185,3 - Moderate,Closed Complete,North America,United States,Grace Lindqvist,Mobile device upgrade,sc_req_item,true,glindqvist,Mobility Services NA,Request fulfilled via Tangoe,2025-05-16,glindqvist,2025-05-14,Device Upgrade,chloe.hall,2025-05-16,Mobile device upgrade for Chloe Hall (United States),Chloe Hall,Grace Lindqvist
RITM1045186,3 - Moderate,Closed Complete,North America,United States,Aisha Karim,Mobile device upgrade,sc_req_item,true,akarim,Mobility Services NA,Request fulfilled via Tangoe,2024-02-20,akarim,2024-02-14,Device Upgrade,ahmed.sanchez,2024-02-20,Mobile device upgrade for Ahmed Sanchez (United States),Ahmed Sanchez,Aisha Karim
RITM1045187,3 - Moderate,Closed Complete,North America,United States,Dana Whitfield,Mobile device upgrade,sc_req_item,true,dwhitfield,Mobility Services NA,Request fulfilled via Tangoe,2026-08-22,dwhitfield,2026-08-22,Device Upgrade,hiroshi.nelson,2026-08-22,Mobile device upgrade for Hiroshi Nelson (United States),Hiroshi Nelson,Dana Whitfield
RITM1045188,4 - Low,Closed Complete,North America,United States,Grace Lindqvist,Mobile device upgrade,sc_req_item,true,glindqvist,Mobility Services NA,Request fulfilled via Tangoe,2024-04-08,glindqvist,2024-04-03,Device Upgrade,nancy.chen,2024-04-08,Mobile device upgrade for Nancy Chen (United States),Nancy Chen,Grace Lindqvist
RITM1045189,4 - Low,Open,North America,Canada,Aisha Karim,Lost or stolen device - suspend line,sc_req_item,true,akarim,Mobility Services NA,Awaiting carrier confirmation,2026-04-19,akarim,2026-04-19,Lost/Stolen,steven.williams,,Lost or stolen device - suspend line for Steven Williams (Canada),Steven Williams,
RITM1045190,4 - Low,Closed Complete,North America,United States,Victor Hale,Mobile device not working,sc_req_item,true,vhale,Mobility Services NA,Request fulfilled via Tangoe,2025-07-15,vhale,2025-07-11,Troubleshooting,omar.king,2025-07-15,Mobile device not working for Omar King (United States),Omar King,Victor Hale
RITM1045191,3 - Moderate,Closed Complete,North America,United States,Dana Whitfield,New mobile device request,sc_req_item,true,dwhitfield,Mobility Services NA,Request fulfilled via Tangoe,2026-08-05,dwhitfield,2026-07-28,New Device,omar.harris,2026-08-05,New mobile device request for Omar Harris (United States),Omar Harris,Dana Whitfield
RITM1045192,4 - Low,Work in Progress,North America,United States,Dana Whitfield,International roaming plan for upcoming travel,sc_req_item,true,dwhitfield,Mobility Services NA,Awaiting carrier confirmation,2024-11-09,dwhitfield,2024-11-09,International Travel,kevin.roy,,International roaming plan for upcoming travel for Kevin Roy (United States),Kevin Roy,
RITM1045193,2 - High,Closed Complete,North America,United States,Aisha Karim,Mobile device not working,sc_req_item,true,akarim,Mobility Services NA,Request fulfilled via Tangoe,2026-09-17,akarim,2026-09-10,Troubleshooting,carlos.martin,2026-09-17,Mobile device not working for Carlos Martin (United States),Carlos Martin,Aisha Karim
RITM1045194,4 - Low,Closed Complete,North America,United States,Grace Lindqvist,Mobile device not working,sc_req_item,true,glindqvist,Mobility Services NA,Request fulfilled via Tangoe,2026-07-15,glindqvist,2026-07-12,Troubleshooting,ahmed.brown,2026-07-15,Mobile device not working for Ahmed Brown (United States),Ahmed Brown,Grace Lindqvist
RITM1045195,4 - Low,Closed Incomplete,North America,United States,Marco Bellini,Cancel mobile line - employee departure,sc_req_item,true,mbellini,Mobility Services NA,Request fulfilled via Tangoe,2026-03-11,mbellini,2026-03-11,Line Cancellation,joshua.mitchell,2026-03-11,Cancel mobile line - employee departure for Joshua Mitchell (United States),Joshua Mitchell,Marco Bellini
RITM1045196,4 - Low,Closed Complete,North America,United States,Marco Bellini,Lost or stolen device - suspend line,sc_req_item,true,mbellini,Mobility Services NA,Request fulfilled via Tangoe,2024-09-17,mbellini,2024-09-10,Lost/Stolen,charles.hernandez,2024-09-17,Lost or stolen device - suspend line for Charles Hernandez (United States),Charles Hernandez,Marco Bellini
RITM1045197,4 - Low,Closed Complete,North America,United States,Grace Lindqvist,Mobile device upgrade,sc_req_item,true,glindqvist,Mobility Services NA,Request fulfilled via Tangoe,2024-02-06,glindqvist,2024-02-03,Device Upgrade,robert.smith,2024-02-06,Mobile device upgrade for Robert Smith (United States),Robert Smith,Grace Lindqvist
RITM1045198,3 - Moderate,Closed Complete,North America,United States,Marco Bellini,Cancel mobile line - employee departure,sc_req_item,true,mbellini,Mobility Services NA,Request fulfilled via Tangoe,2024-06-21,mbellini,2024-06-19,Line Cancellation,patricia.martinez,2024-06-21,Cancel mobile line - employee departure for Patricia Martinez (United States),Patricia Martinez,Marco Bellini
RITM1045199,4 - Low,Closed Complete,North America,United States,Marco Bellini,Mobile device not working,sc_req_item,true,mbellini,Mobility Services NA,Request fulfilled via Tangoe,2024-11-25,mbellini,2024-11-18,Troubleshooting,michelle.hernandez,2024-11-25,Mobile device not working for Michelle Hernandez (United States),Michelle Hernandez,Marco Bellini
RITM1045200,4 - Low,Closed Complete,North America,Canada,Grace Lindqvist,Mobile device not working,sc_req_item,true,glindqvist,Mobility Services NA,Request fulfilled via Tangoe,2024-10-22,glindqvist,2024-10-16,Troubleshooting,mia.miller,2024-10-22,Mobile device not working for Mia Miller (Canada),Mia Miller,Grace Lindqvist
RITM1045201,3 - Moderate,Closed Complete,North America,Canada,Aisha Karim,New mobile device request,sc_req_item,true,akarim,Mobility Services NA,Request fulfilled via Tangoe,2024-11-12,akarim,2024-11-11,New Device,andrew.robinson,2024-11-12,New mobile device request for Andrew Robinson (Canada),Andrew Robinson,Aisha Karim
RITM1045202,4 - Low,Closed Complete,North America,United States,Grace Lindqvist,New mobile device request,sc_req_item,true,glindqvist,Mobility Services NA,Request fulfilled via Tangoe,2026-03-30,glindqvist,2026-03-26,New Device,melissa.hill,2026-03-30,New mobile device request for Melissa Hill (United States),Melissa Hill,Grace Lindqvist
RITM1045203,3 - Moderate,Closed Complete,North America,United States,Marco Bellini,Mobile device not working,sc_req_item,true,mbellini,Mobility Services NA,Request fulfilled via Tangoe,2024-10-22,mbellini,2024-10-16,Troubleshooting,robert.rodriguez,2024-10-22,Mobile device not working for Robert Rodriguez (United States),Robert Rodriguez,Marco Bellini
RITM1045204,4 - Low,Closed Complete,North America,United States,Aisha Karim,New mobile device request,sc_req_item,true,akarim,Mobility Services NA,Request fulfilled via Tangoe,2026-01-21,akarim,2026-01-18,New Device,raj.lee,2026-01-21,New mobile device request for Raj Lee (United States),Raj Lee,Aisha Karim
RITM1045205,4 - Low,Open,North America,United States,Grace Lindqvist,New mobile device request,sc_req_item,true,glindqvist,Mobility Services NA,Awaiting carrier confirmation,2026-01-02,glindqvist,2026-01-02,New Device,olga.walker,,New mobile device request for Olga Walker (United States),Olga Walker,
RITM1045206,3 - Moderate,Closed Complete,North America,United States,Dana Whitfield,International roaming plan for upcoming travel,sc_req_item,true,dwhitfield,Mobility Services NA,Request fulfilled via Tangoe,2026-07-14,dwhitfield,2026-07-10,International Travel,mia.davis,2026-07-14,International roaming plan for upcoming travel for Mia Davis (United States),Mia Davis,Dana Whitfield
RITM1045207,2 - High,Closed Complete,North America,United States,Aisha Karim,Port personal number to corporate account,sc_req_item,true,akarim,Mobility Services NA,Request fulfilled via Tangoe,2026-03-04,akarim,2026-03-03,Number Port,carlos.clark,2026-03-04,Port personal number to corporate account for Carlos Clark (United States),Carlos Clark,Aisha Karim
RITM1045208,3 - Moderate,Open,North America,United States,Aisha Karim,New mobile device request,sc_req_item,true,akarim,Mobility Services NA,Awaiting carrier confirmation,2024-11-30,akarim,2024-11-30,New Device,ethan.roberts,,New mobile device request for Ethan Roberts (United States),Ethan Roberts,
RITM1045209,4 - Low,Closed Complete,North America,United States,Victor Hale,Mobile device not working,sc_req_item,true,vhale,Mobility Services NA,Request fulfilled via Tangoe,2025-11-13,vhale,2025-11-11,Troubleshooting,ana.torres,2025-11-13,Mobile device not working for Ana Torres (United States),Ana Torres,Victor Hale
RITM1045210,4 - Low,Closed Complete,North America,United States,Marco Bellini,International roaming plan for upcoming travel,sc_req_item,true,mbellini,Mobility Services NA,Request fulfilled via Tangoe,2026-06-08,mbellini,2026-06-05,International Travel,elizabeth.hernandez,2026-06-08,International roaming plan for upcoming travel for Elizabeth Hernandez (United States),Elizabeth Hernandez,Marco Bellini
RITM1045211,3 - Moderate,Closed Complete,North America,United States,Marco Bellini,New mobile device request,sc_req_item,true,mbellini,Mobility Services NA,Request fulfilled via Tangoe,2026-07-28,mbellini,2026-07-28,New Device,emily.johnson,2026-07-28,New mobile device request for Emily Johnson (United States),Emily Johnson,Marco Bellini
RITM1045212,3 - Moderate,Closed Complete,North America,Canada,Marco Bellini,Cancel mobile line - employee departure,sc_req_item,true,mbellini,Mobility Services NA,Request fulfilled via Tangoe,2026-04-20,mbellini,2026-04-14,Line Cancellation,sandra.garcia,2026-04-20,Cancel mobile line - employee departure for Sandra Garcia (Canada),Sandra Garcia,Marco Bellini
RITM1045213,4 - Low,Closed Complete,North America,United States,Marco Bellini,Lost or stolen device - suspend line,sc_req_item,true,mbellini,Mobility Services NA,Request fulfilled via Tangoe,2025-06-12,mbellini,2025-06-02,Lost/Stolen,emily.clark,2025-06-12,Lost or stolen device - suspend line for Emily Clark (United States),Emily Clark,Marco Bellini
RITM1045214,4 - Low,Closed Complete,North America,United States,Marco Bellini,International roaming plan for upcoming travel,sc_req_item,true,mbellini,Mobility Services NA,Request fulfilled via Tangoe,2026-05-01,mbellini,2026-04-28,International Travel,nancy.garcia,2026-05-01,International roaming plan for upcoming travel for Nancy Garcia (United States),Nancy Garcia,Marco Bellini
RITM1045215,2 - High,Closed Complete,North America,United States,Marco Bellini,New mobile device request,sc_req_item,true,mbellini,Mobility Services NA,Request fulfilled via Tangoe,2025-07-29,mbellini,2025-07-22,New Device,richard.wright,2025-07-29,New mobile device request for Richard Wright (United States),Richard Wright,Marco Bellini
RITM1045216,4 - Low,Closed Complete,North America,United States,Marco Bellini,Cancel mobile line - employee departure,sc_req_item,true,mbellini,Mobility Services NA,Request fulfilled via Tangoe,2025-09-03,mbellini,2025-08-27,Line Cancellation,emily.clark,2025-09-03,Cancel mobile line - employee departure for Emily Clark (United States),Emily Clark,Marco Bellini
RITM1045217,3 - Moderate,Work in Progress,North America,Canada,Aisha Karim,Lost or stolen device - suspend line,sc_req_item,true,akarim,Mobility Services NA,Awaiting carrier confirmation,2026-08-26,akarim,2026-08-26,Lost/Stolen,kevin.roy,,Lost or stolen device - suspend line for Kevin Roy (Canada),Kevin Roy,
RITM1045218,3 - Moderate,Closed Complete,North America,United States,Victor Hale,International roaming plan for upcoming travel,sc_req_item,true,vhale,Mobility Services NA,Request fulfilled via Tangoe,2024-11-07,vhale,2024-11-04,International Travel,raj.carter,2024-11-07,International roaming plan for upcoming travel for Raj Carter (United States),Raj Carter,Victor Hale
RITM1045219,4 - Low,Closed Complete,North America,United States,Aisha Karim,Cancel mobile line - employee departure,sc_req_item,true,akarim,Mobility Services NA,Request fulfilled via Tangoe,2025-07-14,akarim,2025-07-09,Line Cancellation,brian.hill,2025-07-14,Cancel mobile line - employee departure for Brian Hill (United States),Brian Hill,Aisha Karim
RITM1045220,3 - Moderate,Closed Complete,North America,United States,Grace Lindqvist,Mobile device not working,sc_req_item,true,glindqvist,Mobility Services NA,Request fulfilled via Tangoe,2024-12-23,glindqvist,2024-12-21,Troubleshooting,karen.tremblay,2024-12-23,Mobile device not working for Karen Tremblay (United States),Karen Tremblay,Grace Lindqvist
RITM1045221,2 - High,Closed Incomplete,North America,United States,Victor Hale,International roaming plan for upcoming travel,sc_req_item,true,vhale,Mobility Services NA,Request fulfilled via Tangoe,2024-02-21,vhale,2024-02-17,International Travel,joshua.harris,2024-02-21,International roaming plan for upcoming travel for Joshua Harris (United States),Joshua Harris,Victor Hale
RITM1045222,4 - Low,Closed Complete,North America,United States,Tom Okafor,New mobile device request,sc_req_item,true,tokafor,Mobility Services NA,Request fulfilled via Tangoe,2025-11-10,tokafor,2025-11-01,New Device,daniel.hill,2025-11-10,New mobile device request for Daniel Hill (United States),Daniel Hill,Tom Okafor
RITM1045223,4 - Low,Closed Complete,North America,United States,Marco Bellini,New mobile device request,sc_req_item,true,mbellini,Mobility Services NA,Request fulfilled via Tangoe,2024-07-04,mbellini,2024-07-01,New Device,anthony.martinez,2024-07-04,New mobile device request for Anthony Martinez (United States),Anthony Martinez,Marco Bellini
RITM1045224,3 - Moderate,Closed Complete,North America,United States,Aisha Karim,Mobile device upgrade,sc_req_item,true,akarim,Mobility Services NA,Request fulfilled via Tangoe,2024-03-19,akarim,2024-03-17,Device Upgrade,john.walker,2024-03-19,Mobile device upgrade for John Walker (United States),John Walker,Aisha Karim
RITM1045225,4 - Low,Closed Complete,North America,Canada,Dana Whitfield,Port personal number to corporate account,sc_req_item,true,dwhitfield,Mobility Services NA,Request fulfilled via Tangoe,2025-03-28,dwhitfield,2025-03-28,Number Port,michael.torres,2025-03-28,Port personal number to corporate account for Michael Torres (Canada),Michael Torres,Dana Whitfield
RITM1045226,4 - Low,Closed Complete,North America,United States,Marco Bellini,New mobile device request,sc_req_item,true,mbellini,Mobility Services NA,Request fulfilled via Tangoe,2025-01-14,mbellini,2025-01-11,New Device,ava.roberts,2025-01-14,New mobile device request for Ava Roberts (United States),Ava Roberts,Marco Bellini
RITM1045227,2 - High,Closed Complete,North America,United States,Dana Whitfield,Lost or stolen device - suspend line,sc_req_item,true,dwhitfield,Mobility Services NA,Request fulfilled via Tangoe,2025-08-07,dwhitfield,2025-08-02,Lost/Stolen,richard.white,2025-08-07,Lost or stolen device - suspend line for Richard White (United States),Richard White,Dana Whitfield
RITM1045228,4 - Low,Closed Complete,North America,United States,Tom Okafor,Mobile device upgrade,sc_req_item,true,tokafor,Mobility Services NA,Request fulfilled via Tangoe,2024-07-17,tokafor,2024-07-12,Device Upgrade,emily.gonzalez,2024-07-17,Mobile device upgrade for Emily Gonzalez (United States),Emily Gonzalez,Tom Okafor
RITM1045229,3 - Moderate,Closed Complete,North America,United States,Marco Bellini,Mobile device upgrade,sc_req_item,true,mbellini,Mobility Services NA,Request fulfilled via Tangoe,2025-10-17,mbellini,2025-10-15,Device Upgrade,ahmed.moore,2025-10-17,Mobile device upgrade for Ahmed Moore (United States),Ahmed Moore,Marco Bellini
RITM1045230,4 - Low,Closed Complete,North America,United States,Marco Bellini,Lost or stolen device - suspend line,sc_req_item,true,mbellini,Mobility Services NA,Request fulfilled via Tangoe,2025-04-18,mbellini,2025-04-16,Lost/Stolen,hiroshi.perez,2025-04-18,Lost or stolen device - suspend line for Hiroshi Perez (United States),Hiroshi Perez,Marco Bellini
RITM1045231,3 - Moderate,Work in Progress,North America,United States,Victor Hale,International roaming plan for upcoming travel,sc_req_item,true,vhale,Mobility Services NA,Awaiting carrier confirmation,2024-01-01,vhale,2024-01-01,International Travel,wei.hall,,International roaming plan for upcoming travel for Wei Hall (United States),Wei Hall,
RITM1045232,3 - Moderate,Closed Complete,North America,United States,Victor Hale,Mobile device upgrade,sc_req_item,true,vhale,Mobility Services NA,Request fulfilled via Tangoe,2024-09-29,vhale,2024-09-29,Device Upgrade,amanda.ramirez,2024-09-29,Mobile device upgrade for Amanda Ramirez (United States),Amanda Ramirez,Victor Hale
RITM1045233,4 - Low,Closed Complete,North America,United States,Dana Whitfield,International roaming plan for upcoming travel,sc_req_item,true,dwhitfield,Mobility Services NA,Request fulfilled via Tangoe,2026-04-15,dwhitfield,2026-04-10,International Travel,nancy.chen,2026-04-15,International roaming plan for upcoming travel for Nancy Chen (United States),Nancy Chen,Dana Whitfield
RITM1045234,3 - Moderate,Closed Complete,North America,United States,Marco Bellini,New mobile device request,sc_req_item,true,mbellini,Mobility Services NA,Request fulfilled via Tangoe,2024-01-29,mbellini,2024-01-29,New Device,noah.tremblay,2024-01-29,New mobile device request for Noah Tremblay (United States),Noah Tremblay,Marco Bellini
RITM1045235,4 - Low,Closed Complete,North America,United States,Victor Hale,New mobile device request,sc_req_item,true,vhale,Mobility Services NA,Request fulfilled via Tangoe,2026-04-17,vhale,2026-04-14,New Device,michael.roy,2026-04-17,New mobile device request for Michael Roy (United States),Michael Roy,Victor Hale
RITM1045236,3 - Moderate,Closed Complete,North America,United States,Tom Okafor,General mobility inquiry,sc_req_item,true,tokafor,Mobility Services NA,Request fulfilled via Tangoe,2024-04-01,tokafor,2024-03-29,N/A,omar.singh,2024-04-01,General mobility inquiry for Omar Singh (United States),Omar Singh,Tom Okafor
RITM1045237,3 - Moderate,Closed Complete,North America,United States,Marco Bellini,New mobile device request,sc_req_item,true,mbellini,Mobility Services NA,Request fulfilled via Tangoe,2025-01-23,mbellini,2025-01-23,New Device,nancy.moore,2025-01-23,New mobile device request for Nancy Moore (United States),Nancy Moore,Marco Bellini
RITM1045238,4 - Low,Work in Progress,North America,United States,Aisha Karim,Mobile device not working,sc_req_item,true,akarim,Mobility Services NA,Awaiting carrier confirmation,2026-06-05,akarim,2026-06-05,Troubleshooting,anthony.taylor,,Mobile device not working for Anthony Taylor (United States),Anthony Taylor,
RITM1045239,4 - Low,Closed Complete,North America,United States,Grace Lindqvist,Lost or stolen device - suspend line,sc_req_item,true,glindqvist,Mobility Services NA,Request fulfilled via Tangoe,2024-11-06,glindqvist,2024-11-01,Lost/Stolen,emily.gonzalez,2024-11-06,Lost or stolen device - suspend line for Emily Gonzalez (United States),Emily Gonzalez,Grace Lindqvist
RITM1045240,4 - Low,Closed Complete,North America,Canada,Marco Bellini,General mobility inquiry,sc_req_item,true,mbellini,Mobility Services NA,Request fulfilled via Tangoe,2025-05-27,mbellini,2025-05-25,N/A,john.sanchez,2025-05-27,General mobility inquiry for John Sanchez (Canada),John Sanchez,Marco Bellini
RITM1045241,4 - Low,Closed Complete,North America,Canada,Dana Whitfield,Mobile device not working,sc_req_item,true,dwhitfield,Mobility Services NA,Request fulfilled via Tangoe,2025-12-22,dwhitfield,2025-12-16,Troubleshooting,amanda.smith,2025-12-22,Mobile device not working for Amanda Smith (Canada),Amanda Smith,Dana Whitfield
RITM1045242,3 - Moderate,Closed Complete,North America,Canada,Aisha Karim,New mobile device request,sc_req_item,true,akarim,Mobility Services NA,Request fulfilled via Tangoe,2025-12-01,akarim,2025-12-01,New Device,sofia.nelson,2025-12-01,New mobile device request for Sofia Nelson (Canada),Sofia Nelson,Aisha Karim
RITM1045243,4 - Low,Closed Complete,North America,United States,Grace Lindqvist,Mobile device upgrade,sc_req_item,true,glindqvist,Mobility Services NA,Request fulfilled via Tangoe,2026-04-01,glindqvist,2026-04-01,Device Upgrade,michelle.roy,2026-04-01,Mobile device upgrade for Michelle Roy (United States),Michelle Roy,Grace Lindqvist
RITM1045244,4 - Low,Closed Complete,North America,Canada,Tom Okafor,International roaming plan for upcoming travel,sc_req_item,true,tokafor,Mobility Services NA,Request fulfilled via Tangoe,2024-05-09,tokafor,2024-05-03,International Travel,richard.cohen,2024-05-09,International roaming plan for upcoming travel for Richard Cohen (Canada),Richard Cohen,Tom Okafor
RITM1045245,4 - Low,Closed Complete,North America,Canada,Aisha Karim,Mobile device upgrade,sc_req_item,true,akarim,Mobility Services NA,Request fulfilled via Tangoe,2026-04-16,akarim,2026-04-16,Device Upgrade,mateo.white,2026-04-16,Mobile device upgrade for Mateo White (Canada),Mateo White,Aisha Karim
RITM1045246,4 - Low,Closed Complete,North America,Canada,Victor Hale,Cancel mobile line - employee departure,sc_req_item,true,vhale,Mobility Services NA,Request fulfilled via Tangoe,2025-01-27,vhale,2025-01-17,Line Cancellation,barbara.williams,2025-01-27,Cancel mobile line - employee departure for Barbara Williams (Canada),Barbara Williams,Victor Hale
RITM1045247,4 - Low,Closed Complete,North America,United States,Tom Okafor,Cancel mobile line - employee departure,sc_req_item,true,tokafor,Mobility Services NA,Request fulfilled via Tangoe,2026-02-02,tokafor,2026-02-02,Line Cancellation,daniel.campbell,2026-02-02,Cancel mobile line - employee departure for Daniel Campbell (United States),Daniel Campbell,Tom Okafor
RITM1045248,4 - Low,Closed Complete,North America,United States,Marco Bellini,Mobile device not working,sc_req_item,true,mbellini,Mobility Services NA,Request fulfilled via Tangoe,2024-08-06,mbellini,2024-08-01,Troubleshooting,stephanie.sanchez,2024-08-06,Mobile device not working for Stephanie Sanchez (United States),Stephanie Sanchez,Marco Bellini
RITM1045249,2 - High,Closed Complete,North America,United States,Marco Bellini,Lost or stolen device - suspend line,sc_req_item,true,mbellini,Mobility Services NA,Request fulfilled via Tangoe,2025-08-20,mbellini,2025-08-20,Lost/Stolen,ava.hall,2025-08-20,Lost or stolen device - suspend line for Ava Hall (United States),Ava Hall,Marco Bellini
RITM1045250,4 - Low,Closed Complete,North America,United States,Victor Hale,New mobile device request,sc_req_item,true,vhale,Mobility Services NA,Request fulfilled via Tangoe,2026-06-19,vhale,2026-06-12,New Device,james.mitchell,2026-06-19,New mobile device request for James Mitchell (United States),James Mitchell,Victor Hale
RITM1045251,2 - High,Closed Complete,North America,United States,Dana Whitfield,New mobile device request,sc_req_item,true,dwhitfield,Mobility Services NA,Request fulfilled via Tangoe,2024-05-13,dwhitfield,2024-05-08,New Device,ahmed.singh,2024-05-13,New mobile device request for Ahmed Singh (United States),Ahmed Singh,Dana Whitfield
RITM1045252,3 - Moderate,Closed Complete,North America,United States,Victor Hale,Cancel mobile line - employee departure,sc_req_item,true,vhale,Mobility Services NA,Request fulfilled via Tangoe,2024-07-18,vhale,2024-07-16,Line Cancellation,robert.rodriguez,2024-07-18,Cancel mobile line - employee departure for Robert Rodriguez (United States),Robert Rodriguez,Victor Hale
RITM1045253,4 - Low,Closed Complete,North America,United States,Aisha Karim,General mobility inquiry,sc_req_item,true,akarim,Mobility Services NA,Request fulfilled via Tangoe,2025-05-06,akarim,2025-04-30,N/A,linda.chen,2025-05-06,General mobility inquiry for Linda Chen (United States),Linda Chen,Aisha Karim
RITM1045254,4 - Low,Closed Complete,North America,United States,Victor Hale,New mobile device request,sc_req_item,true,vhale,Mobility Services NA,Request fulfilled via Tangoe,2024-07-30,vhale,2024-07-29,New Device,john.allen,2024-07-30,New mobile device request for John Allen (United States),John Allen,Victor Hale
RITM1045255,4 - Low,Closed Incomplete,North America,United States,Marco Bellini,Mobile device upgrade,sc_req_item,true,mbellini,Mobility Services NA,Request fulfilled via Tangoe,2025-10-23,mbellini,2025-10-17,Device Upgrade,olga.walker,2025-10-23,Mobile device upgrade for Olga Walker (United States),Olga Walker,Marco Bellini
RITM1045256,3 - Moderate,Closed Complete,North America,United States,Tom Okafor,International roaming plan for upcoming travel,sc_req_item,true,tokafor,Mobility Services NA,Request fulfilled via Tangoe,2024-07-04,tokafor,2024-07-03,International Travel,david.carter,2024-07-04,International roaming plan for upcoming travel for David Carter (United States),David Carter,Tom Okafor
RITM1045257,2 - High,Closed Complete,North America,United States,Aisha Karim,Mobile device upgrade,sc_req_item,true,akarim,Mobility Services NA,Request fulfilled via Tangoe,2025-06-26,akarim,2025-06-24,Device Upgrade,robert.martin,2025-06-26,Mobile device upgrade for Robert Martin (United States),Robert Martin,Aisha Karim
RITM1045258,3 - Moderate,Closed Complete,North America,Canada,Dana Whitfield,International roaming plan for upcoming travel,sc_req_item,true,dwhitfield,Mobility Services NA,Request fulfilled via Tangoe,2024-08-29,dwhitfield,2024-08-26,International Travel,carlos.king,2024-08-29,International roaming plan for upcoming travel for Carlos King (Canada),Carlos King,Dana Whitfield
RITM1045259,2 - High,Closed Complete,North America,United States,Tom Okafor,International roaming plan for upcoming travel,sc_req_item,true,tokafor,Mobility Services NA,Request fulfilled via Tangoe,2026-04-07,tokafor,2026-04-04,International Travel,elizabeth.young,2026-04-07,International roaming plan for upcoming travel for Elizabeth Young (United States),Elizabeth Young,Tom Okafor
RITM1045260,4 - Low,Closed Complete,North America,United States,Dana Whitfield,Mobile device upgrade,sc_req_item,true,dwhitfield,Mobility Services NA,Request fulfilled via Tangoe,2024-03-26,dwhitfield,2024-03-23,Device Upgrade,ana.torres,2024-03-26,Mobile device upgrade for Ana Torres (United States),Ana Torres,Dana Whitfield
RITM1045261,2 - High,Closed Complete,North America,United States,Tom Okafor,Mobile device upgrade,sc_req_item,true,tokafor,Mobility Services NA,Request fulfilled via Tangoe,2025-02-26,tokafor,2025-02-26,Device Upgrade,joshua.taylor,2025-02-26,Mobile device upgrade for Joshua Taylor (United States),Joshua Taylor,Tom Okafor
RITM1045262,4 - Low,Closed Complete,North America,United States,Victor Hale,New mobile device request,sc_req_item,true,vhale,Mobility Services NA,Request fulfilled via Tangoe,2026-05-05,vhale,2026-05-03,New Device,mary.tremblay,2026-05-05,New mobile device request for Mary Tremblay (United States),Mary Tremblay,Victor Hale
RITM1045263,2 - High,Closed Complete,North America,United States,Dana Whitfield,Cancel mobile line - employee departure,sc_req_item,true,dwhitfield,Mobility Services NA,Request fulfilled via Tangoe,2024-05-13,dwhitfield,2024-05-08,Line Cancellation,mateo.white,2024-05-13,Cancel mobile line - employee departure for Mateo White (United States),Mateo White,Dana Whitfield
RITM1045264,3 - Moderate,Closed Complete,North America,United States,Victor Hale,International roaming plan for upcoming travel,sc_req_item,true,vhale,Mobility Services NA,Request fulfilled via Tangoe,2024-09-16,vhale,2024-09-14,International Travel,zoe.rodriguez,2024-09-16,International roaming plan for upcoming travel for Zoe Rodriguez (United States),Zoe Rodriguez,Victor Hale
RITM1045265,2 - High,Closed Complete,North America,United States,Grace Lindqvist,International roaming plan for upcoming travel,sc_req_item,true,glindqvist,Mobility Services NA,Request fulfilled via Tangoe,2025-05-06,glindqvist,2025-04-29,International Travel,chloe.cohen,2025-05-06,International roaming plan for upcoming travel for Chloe Cohen (United States),Chloe Cohen,Grace Lindqvist
RITM1045266,4 - Low,Open,North America,Canada,Aisha Karim,New mobile device request,sc_req_item,true,akarim,Mobility Services NA,Awaiting carrier confirmation,2024-09-16,akarim,2024-09-16,New Device,david.thompson,,New mobile device request for David Thompson (Canada),David Thompson,
RITM1045267,2 - High,Closed Complete,North America,United States,Aisha Karim,Cancel mobile line - employee departure,sc_req_item,true,akarim,Mobility Services NA,Request fulfilled via Tangoe,2025-11-17,akarim,2025-11-15,Line Cancellation,emily.clark,2025-11-17,Cancel mobile line - employee departure for Emily Clark (United States),Emily Clark,Aisha Karim
RITM1045268,4 - Low,Closed Complete,North America,United States,Marco Bellini,New mobile device request,sc_req_item,true,mbellini,Mobility Services NA,Request fulfilled via Tangoe,2024-10-03,mbellini,2024-10-03,New Device,richard.wright,2024-10-03,New mobile device request for Richard Wright (United States),Richard Wright,Marco Bellini
RITM1045269,3 - Moderate,Closed Complete,North America,United States,Grace Lindqvist,Cancel mobile line - employee departure,sc_req_item,true,glindqvist,Mobility Services NA,Request fulfilled via Tangoe,2025-12-03,glindqvist,2025-11-29,Line Cancellation,leila.scott,2025-12-03,Cancel mobile line - employee departure for Leila Scott (United States),Leila Scott,Grace Lindqvist
RITM1045270,3 - Moderate,Closed Complete,North America,United States,Victor Hale,Mobile device not working,sc_req_item,true,vhale,Mobility Services NA,Request fulfilled via Tangoe,2025-03-07,vhale,2025-03-04,Troubleshooting,amanda.singh,2025-03-07,Mobile device not working for Amanda Singh (United States),Amanda Singh,Victor Hale
RITM1045271,2 - High,Closed Complete,North America,United States,Aisha Karim,International roaming plan for upcoming travel,sc_req_item,true,akarim,Mobility Services NA,Request fulfilled via Tangoe,2025-11-03,akarim,2025-10-29,International Travel,carlos.flores,2025-11-03,International roaming plan for upcoming travel for Carlos Flores (United States),Carlos Flores,Aisha Karim
RITM1045272,3 - Moderate,Closed Complete,North America,United States,Tom Okafor,Mobile device upgrade,sc_req_item,true,tokafor,Mobility Services NA,Request fulfilled via Tangoe,2024-07-04,tokafor,2024-06-29,Device Upgrade,jessica.mitchell,2024-07-04,Mobile device upgrade for Jessica Mitchell (United States),Jessica Mitchell,Tom Okafor
RITM1045273,3 - Moderate,Closed Complete,North America,United States,Aisha Karim,New mobile device request,sc_req_item,true,akarim,Mobility Services NA,Request fulfilled via Tangoe,2026-07-13,akarim,2026-07-03,New Device,richard.gagnon,2026-07-13,New mobile device request for Richard Gagnon (United States),Richard Gagnon,Aisha Karim
RITM1045274,4 - Low,Closed Complete,North America,United States,Aisha Karim,International roaming plan for upcoming travel,sc_req_item,true,akarim,Mobility Services NA,Request fulfilled via Tangoe,2024-05-31,akarim,2024-05-31,International Travel,mark.nelson,2024-05-31,International roaming plan for upcoming travel for Mark Nelson (United States),Mark Nelson,Aisha Karim
RITM1045275,3 - Moderate,Open,North America,United States,Grace Lindqvist,Mobile device upgrade,sc_req_item,true,glindqvist,Mobility Services NA,Awaiting carrier confirmation,2026-08-29,glindqvist,2026-08-29,Device Upgrade,hiroshi.carter,,Mobile device upgrade for Hiroshi Carter (United States),Hiroshi Carter,
RITM1045276,4 - Low,Closed Complete,North America,United States,Marco Bellini,Mobile device upgrade,sc_req_item,true,mbellini,Mobility Services NA,Request fulfilled via Tangoe,2024-08-22,mbellini,2024-08-17,Device Upgrade,chloe.flores,2024-08-22,Mobile device upgrade for Chloe Flores (United States),Chloe Flores,Marco Bellini
RITM1045277,4 - Low,Closed Complete,North America,United States,Dana Whitfield,Mobile device upgrade,sc_req_item,true,dwhitfield,Mobility Services NA,Request fulfilled via Tangoe,2024-02-22,dwhitfield,2024-02-22,Device Upgrade,brian.wilson,2024-02-22,Mobile device upgrade for Brian Wilson (United States),Brian Wilson,Dana Whitfield
RITM1045278,3 - Moderate,Closed Complete,North America,Canada,Dana Whitfield,Mobile device not working,sc_req_item,true,dwhitfield,Mobility Services NA,Request fulfilled via Tangoe,2025-03-31,dwhitfield,2025-03-29,Troubleshooting,joshua.kim,2025-03-31,Mobile device not working for Joshua Kim (Canada),Joshua Kim,Dana Whitfield
RITM1045279,4 - Low,Closed Complete,North America,United States,Dana Whitfield,Port personal number to corporate account,sc_req_item,true,dwhitfield,Mobility Services NA,Request fulfilled via Tangoe,2024-09-05,dwhitfield,2024-08-30,Number Port,robert.nguyen,2024-09-05,Port personal number to corporate account for Robert Nguyen (United States),Robert Nguyen,Dana Whitfield
RITM1045280,2 - High,Closed Complete,North America,United States,Tom Okafor,Mobile device upgrade,sc_req_item,true,tokafor,Mobility Services NA,Request fulfilled via Tangoe,2025-06-12,tokafor,2025-06-11,Device Upgrade,john.allen,2025-06-12,Mobile device upgrade for John Allen (United States),John Allen,Tom Okafor
RITM1045281,4 - Low,Closed Complete,North America,United States,Aisha Karim,Port personal number to corporate account,sc_req_item,true,akarim,Mobility Services NA,Request fulfilled via Tangoe,2024-05-31,akarim,2024-05-29,Number Port,richard.martinez,2024-05-31,Port personal number to corporate account for Richard Martinez (United States),Richard Martinez,Aisha Karim
RITM1045282,4 - Low,Closed Complete,North America,United States,Aisha Karim,Mobile device not working,sc_req_item,true,akarim,Mobility Services NA,Request fulfilled via Tangoe,2024-11-08,akarim,2024-11-04,Troubleshooting,jessica.patel,2024-11-08,Mobile device not working for Jessica Patel (United States),Jessica Patel,Aisha Karim
RITM1045283,3 - Moderate,Closed Complete,North America,United States,Tom Okafor,Mobile device not working,sc_req_item,true,tokafor,Mobility Services NA,Request fulfilled via Tangoe,2025-04-20,tokafor,2025-04-20,Troubleshooting,karen.campbell,2025-04-20,Mobile device not working for Karen Campbell (United States),Karen Campbell,Tom Okafor
RITM1045284,2 - High,Closed Incomplete,North America,Canada,Victor Hale,International roaming plan for upcoming travel,sc_req_item,true,vhale,Mobility Services NA,Request fulfilled via Tangoe,2026-07-27,vhale,2026-07-24,International Travel,raj.nelson,2026-07-27,International roaming plan for upcoming travel for Raj Nelson (Canada),Raj Nelson,Victor Hale
RITM1045285,4 - Low,Work in Progress,North America,United States,Tom Okafor,Cancel mobile line - employee departure,sc_req_item,true,tokafor,Mobility Services NA,Awaiting carrier confirmation,2025-10-28,tokafor,2025-10-28,Line Cancellation,linda.moore,,Cancel mobile line - employee departure for Linda Moore (United States),Linda Moore,
RITM1045286,3 - Moderate,Closed Complete,North America,Canada,Grace Lindqvist,Mobile device upgrade,sc_req_item,true,glindqvist,Mobility Services NA,Request fulfilled via Tangoe,2025-11-21,glindqvist,2025-11-20,Device Upgrade,richard.king,2025-11-21,Mobile device upgrade for Richard King (Canada),Richard King,Grace Lindqvist
RITM1045287,4 - Low,Closed Complete,North America,United States,Grace Lindqvist,Mobile device upgrade,sc_req_item,true,glindqvist,Mobility Services NA,Request fulfilled via Tangoe,2024-06-20,glindqvist,2024-06-13,Device Upgrade,thomas.wilson,2024-06-20,Mobile device upgrade for Thomas Wilson (United States),Thomas Wilson,Grace Lindqvist
RITM1045288,4 - Low,Closed Complete,North America,United States,Grace Lindqvist,New mobile device request,sc_req_item,true,glindqvist,Mobility Services NA,Request fulfilled via Tangoe,2025-02-20,glindqvist,2025-02-16,New Device,brian.hill,2025-02-20,New mobile device request for Brian Hill (United States),Brian Hill,Grace Lindqvist
RITM1045289,4 - Low,Closed Complete,North America,United States,Victor Hale,Mobile device upgrade,sc_req_item,true,vhale,Mobility Services NA,Request fulfilled via Tangoe,2024-11-05,vhale,2024-11-02,Device Upgrade,ava.robinson,2024-11-05,Mobile device upgrade for Ava Robinson (United States),Ava Robinson,Victor Hale
RITM1045290,4 - Low,Closed Complete,North America,United States,Dana Whitfield,New mobile device request,sc_req_item,true,dwhitfield,Mobility Services NA,Request fulfilled via Tangoe,2024-10-18,dwhitfield,2024-10-18,New Device,wei.hall,2024-10-18,New mobile device request for Wei Hall (United States),Wei Hall,Dana Whitfield
RITM1045291,4 - Low,Closed Complete,North America,United States,Marco Bellini,Lost or stolen device - suspend line,sc_req_item,true,mbellini,Mobility Services NA,Request fulfilled via Tangoe,2026-01-15,mbellini,2026-01-11,Lost/Stolen,william.king,2026-01-15,Lost or stolen device - suspend line for William King (United States),William King,Marco Bellini
RITM1045292,3 - Moderate,Closed Complete,North America,United States,Marco Bellini,Mobile device upgrade,sc_req_item,true,mbellini,Mobility Services NA,Request fulfilled via Tangoe,2025-05-14,mbellini,2025-05-08,Device Upgrade,ava.wright,2025-05-14,Mobile device upgrade for Ava Wright (United States),Ava Wright,Marco Bellini
RITM1045293,4 - Low,Closed Complete,North America,United States,Grace Lindqvist,Mobile device not working,sc_req_item,true,glindqvist,Mobility Services NA,Request fulfilled via Tangoe,2026-09-01,glindqvist,2026-08-25,Troubleshooting,olga.anderson,2026-09-01,Mobile device not working for Olga Anderson (United States),Olga Anderson,Grace Lindqvist
RITM1045294,3 - Moderate,Closed Complete,North America,United States,Aisha Karim,Cancel mobile line - employee departure,sc_req_item,true,akarim,Mobility Services NA,Request fulfilled via Tangoe,2026-06-22,akarim,2026-06-20,Line Cancellation,sandra.miller,2026-06-22,Cancel mobile line - employee departure for Sandra Miller (United States),Sandra Miller,Aisha Karim
RITM1045295,4 - Low,Closed Complete,North America,United States,Aisha Karim,New mobile device request,sc_req_item,true,akarim,Mobility Services NA,Request fulfilled via Tangoe,2024-09-02,akarim,2024-08-28,New Device,sandra.hernandez,2024-09-02,New mobile device request for Sandra Hernandez (United States),Sandra Hernandez,Aisha Karim
RITM1045296,4 - Low,Closed Complete,North America,United States,Aisha Karim,Mobile device upgrade,sc_req_item,true,akarim,Mobility Services NA,Request fulfilled via Tangoe,2024-04-12,akarim,2024-04-12,Device Upgrade,michelle.wilson,2024-04-12,Mobile device upgrade for Michelle Wilson (United States),Michelle Wilson,Aisha Karim
RITM1045297,4 - Low,Closed Complete,North America,United States,Marco Bellini,Cancel mobile line - employee departure,sc_req_item,true,mbellini,Mobility Services NA,Request fulfilled via Tangoe,2024-11-13,mbellini,2024-11-11,Line Cancellation,carlos.king,2024-11-13,Cancel mobile line - employee departure for Carlos King (United States),Carlos King,Marco Bellini
RITM1045298,4 - Low,Closed Complete,North America,United States,Victor Hale,New mobile device request,sc_req_item,true,vhale,Mobility Services NA,Request fulfilled via Tangoe,2026-08-20,vhale,2026-08-17,New Device,ana.nguyen,2026-08-20,New mobile device request for Ana Nguyen (United States),Ana Nguyen,Victor Hale
RITM1045299,3 - Moderate,Closed Complete,North America,United States,Aisha Karim,Mobile device not working,sc_req_item,true,akarim,Mobility Services NA,Request fulfilled via Tangoe,2025-04-08,akarim,2025-04-07,Troubleshooting,mia.anderson,2025-04-08,Mobile device not working for Mia Anderson (United States),Mia Anderson,Aisha Karim
RITM1045300,2 - High,Closed Complete,North America,United States,Dana Whitfield,Mobile device upgrade,sc_req_item,true,dwhitfield,Mobility Services NA,Request fulfilled via Tangoe,2025-12-16,dwhitfield,2025-12-11,Device Upgrade,elizabeth.jones,2025-12-16,Mobile device upgrade for Elizabeth Jones (United States),Elizabeth Jones,Dana Whitfield
RITM1045301,2 - High,Closed Complete,North America,United States,Tom Okafor,New mobile device request,sc_req_item,true,tokafor,Mobility Services NA,Request fulfilled via Tangoe,2025-03-06,tokafor,2025-02-27,New Device,sarah.chen,2025-03-06,New mobile device request for Sarah Chen (United States),Sarah Chen,Tom Okafor
RITM1045302,3 - Moderate,Closed Complete,North America,United States,Grace Lindqvist,General mobility inquiry,sc_req_item,true,glindqvist,Mobility Services NA,Request fulfilled via Tangoe,2025-05-08,glindqvist,2025-05-05,N/A,melissa.hill,2025-05-08,General mobility inquiry for Melissa Hill (United States),Melissa Hill,Grace Lindqvist
RITM1045303,3 - Moderate,Closed Complete,North America,United States,Victor Hale,General mobility inquiry,sc_req_item,true,vhale,Mobility Services NA,Request fulfilled via Tangoe,2026-03-11,vhale,2026-03-08,N/A,joshua.taylor,2026-03-11,General mobility inquiry for Joshua Taylor (United States),Joshua Taylor,Victor Hale
RITM1045304,3 - Moderate,Closed Complete,North America,Canada,Aisha Karim,General mobility inquiry,sc_req_item,true,akarim,Mobility Services NA,Request fulfilled via Tangoe,2025-08-17,akarim,2025-08-17,N/A,karen.hernandez,2025-08-17,General mobility inquiry for Karen Hernandez (Canada),Karen Hernandez,Aisha Karim
RITM1045305,3 - Moderate,Closed Complete,North America,Canada,Dana Whitfield,New mobile device request,sc_req_item,true,dwhitfield,Mobility Services NA,Request fulfilled via Tangoe,2025-02-06,dwhitfield,2025-02-04,New Device,richard.wright,2025-02-06,New mobile device request for Richard Wright (Canada),Richard Wright,Dana Whitfield
RITM1045306,3 - Moderate,Closed Complete,North America,United States,Dana Whitfield,Mobile device upgrade,sc_req_item,true,dwhitfield,Mobility Services NA,Request fulfilled via Tangoe,2024-06-08,dwhitfield,2024-06-08,Device Upgrade,charles.thomas,2024-06-08,Mobile device upgrade for Charles Thomas (United States),Charles Thomas,Dana Whitfield
RITM1045307,3 - Moderate,Closed Complete,North America,United States,Marco Bellini,International roaming plan for upcoming travel,sc_req_item,true,mbellini,Mobility Services NA,Request fulfilled via Tangoe,2025-06-03,mbellini,2025-05-31,International Travel,mark.perez,2025-06-03,International roaming plan for upcoming travel for Mark Perez (United States),Mark Perez,Marco Bellini
RITM1045308,2 - High,Closed Complete,North America,United States,Tom Okafor,Cancel mobile line - employee departure,sc_req_item,true,tokafor,Mobility Services NA,Request fulfilled via Tangoe,2025-08-29,tokafor,2025-08-29,Line Cancellation,ahmed.campbell,2025-08-29,Cancel mobile line - employee departure for Ahmed Campbell (United States),Ahmed Campbell,Tom Okafor
RITM1045309,4 - Low,Closed Complete,North America,United States,Tom Okafor,New mobile device request,sc_req_item,true,tokafor,Mobility Services NA,Request fulfilled via Tangoe,2026-03-10,tokafor,2026-03-10,New Device,mateo.chen,2026-03-10,New mobile device request for Mateo Chen (United States),Mateo Chen,Tom Okafor
RITM1045310,3 - Moderate,Closed Complete,North America,United States,Aisha Karim,Lost or stolen device - suspend line,sc_req_item,true,akarim,Mobility Services NA,Request fulfilled via Tangoe,2024-11-18,akarim,2024-11-14,Lost/Stolen,mary.lee,2024-11-18,Lost or stolen device - suspend line for Mary Lee (United States),Mary Lee,Aisha Karim
RITM1045311,4 - Low,Closed Complete,North America,United States,Dana Whitfield,International roaming plan for upcoming travel,sc_req_item,true,dwhitfield,Mobility Services NA,Request fulfilled via Tangoe,2026-01-08,dwhitfield,2026-01-03,International Travel,paul.lewis,2026-01-08,International roaming plan for upcoming travel for Paul Lewis (United States),Paul Lewis,Dana Whitfield
RITM1045312,3 - Moderate,Closed Complete,North America,United States,Victor Hale,Mobile device upgrade,sc_req_item,true,vhale,Mobility Services NA,Request fulfilled via Tangoe,2025-10-20,vhale,2025-10-13,Device Upgrade,thomas.anderson,2025-10-20,Mobile device upgrade for Thomas Anderson (United States),Thomas Anderson,Victor Hale
RITM1045313,4 - Low,Closed Complete,North America,United States,Grace Lindqvist,Mobile device not working,sc_req_item,true,glindqvist,Mobility Services NA,Request fulfilled via Tangoe,2026-09-02,glindqvist,2026-09-01,Troubleshooting,michelle.wright,2026-09-02,Mobile device not working for Michelle Wright (United States),Michelle Wright,Grace Lindqvist
RITM1045314,4 - Low,Closed Complete,North America,United States,Victor Hale,Mobile device upgrade,sc_req_item,true,vhale,Mobility Services NA,Request fulfilled via Tangoe,2025-09-16,vhale,2025-09-08,Device Upgrade,olga.wright,2025-09-16,Mobile device upgrade for Olga Wright (United States),Olga Wright,Victor Hale
RITM1045315,3 - Moderate,Closed Complete,North America,United States,Marco Bellini,Mobile device upgrade,sc_req_item,true,mbellini,Mobility Services NA,Request fulfilled via Tangoe,2025-08-19,mbellini,2025-08-09,Device Upgrade,susan.lewis,2025-08-19,Mobile device upgrade for Susan Lewis (United States),Susan Lewis,Marco Bellini
RITM1045316,4 - Low,Closed Complete,North America,United States,Aisha Karim,New mobile device request,sc_req_item,true,akarim,Mobility Services NA,Request fulfilled via Tangoe,2024-12-30,akarim,2024-12-26,New Device,mia.thomas,2024-12-30,New mobile device request for Mia Thomas (United States),Mia Thomas,Aisha Karim
RITM1045317,3 - Moderate,Closed Complete,North America,United States,Victor Hale,New mobile device request,sc_req_item,true,vhale,Mobility Services NA,Request fulfilled via Tangoe,2026-04-20,vhale,2026-04-20,New Device,michelle.hernandez,2026-04-20,New mobile device request for Michelle Hernandez (United States),Michelle Hernandez,Victor Hale
RITM1045318,3 - Moderate,Closed Complete,North America,United States,Aisha Karim,Lost or stolen device - suspend line,sc_req_item,true,akarim,Mobility Services NA,Request fulfilled via Tangoe,2024-05-06,akarim,2024-04-28,Lost/Stolen,amanda.gagnon,2024-05-06,Lost or stolen device - suspend line for Amanda Gagnon (United States),Amanda Gagnon,Aisha Karim
RITM1045319,2 - High,Closed Complete,North America,United States,Aisha Karim,New mobile device request,sc_req_item,true,akarim,Mobility Services NA,Request fulfilled via Tangoe,2026-01-14,akarim,2026-01-10,New Device,john.williams,2026-01-14,New mobile device request for John Williams (United States),John Williams,Aisha Karim
RITM1045320,4 - Low,Closed Complete,North America,United States,Victor Hale,Mobile device upgrade,sc_req_item,true,vhale,Mobility Services NA,Request fulfilled via Tangoe,2024-09-26,vhale,2024-09-23,Device Upgrade,elizabeth.gonzalez,2024-09-26,Mobile device upgrade for Elizabeth Gonzalez (United States),Elizabeth Gonzalez,Victor Hale
RITM1045321,2 - High,Closed Complete,North America,Canada,Marco Bellini,International roaming plan for upcoming travel,sc_req_item,true,mbellini,Mobility Services NA,Request fulfilled via Tangoe,2025-12-25,mbellini,2025-12-24,International Travel,ethan.hall,2025-12-25,International roaming plan for upcoming travel for Ethan Hall (Canada),Ethan Hall,Marco Bellini
RITM1045322,3 - Moderate,Closed Complete,North America,United States,Aisha Karim,International roaming plan for upcoming travel,sc_req_item,true,akarim,Mobility Services NA,Request fulfilled via Tangoe,2024-10-22,akarim,2024-10-22,International Travel,william.clark,2024-10-22,International roaming plan for upcoming travel for William Clark (United States),William Clark,Aisha Karim
RITM1045323,4 - Low,Closed Complete,North America,United States,Grace Lindqvist,General mobility inquiry,sc_req_item,true,glindqvist,Mobility Services NA,Request fulfilled via Tangoe,2026-02-03,glindqvist,2026-02-03,N/A,brian.patel,2026-02-03,General mobility inquiry for Brian Patel (United States),Brian Patel,Grace Lindqvist
RITM1045324,2 - High,Closed Complete,North America,United States,Aisha Karim,International roaming plan for upcoming travel,sc_req_item,true,akarim,Mobility Services NA,Request fulfilled via Tangoe,2024-10-17,akarim,2024-10-16,International Travel,priya.torres,2024-10-17,International roaming plan for upcoming travel for Priya Torres (United States),Priya Torres,Aisha Karim
RITM1045325,3 - Moderate,Closed Complete,North America,United States,Grace Lindqvist,Mobile device not working,sc_req_item,true,glindqvist,Mobility Services NA,Request fulfilled via Tangoe,2026-02-10,glindqvist,2026-02-04,Troubleshooting,yuki.garcia,2026-02-10,Mobile device not working for Yuki Garcia (United States),Yuki Garcia,Grace Lindqvist
RITM1045326,4 - Low,Closed Complete,North America,Canada,Victor Hale,Mobile device not working,sc_req_item,true,vhale,Mobility Services NA,Request fulfilled via Tangoe,2026-04-16,vhale,2026-04-13,Troubleshooting,ashley.flores,2026-04-16,Mobile device not working for Ashley Flores (Canada),Ashley Flores,Victor Hale
RITM1045327,3 - Moderate,Closed Complete,North America,United States,Marco Bellini,Mobile device not working,sc_req_item,true,mbellini,Mobility Services NA,Request fulfilled via Tangoe,2024-07-24,mbellini,2024-07-18,Troubleshooting,noah.patel,2024-07-24,Mobile device not working for Noah Patel (United States),Noah Patel,Marco Bellini
RITM1045328,3 - Moderate,Closed Complete,North America,United States,Marco Bellini,Mobile device upgrade,sc_req_item,true,mbellini,Mobility Services NA,Request fulfilled via Tangoe,2024-09-02,mbellini,2024-08-31,Device Upgrade,carlos.ramirez,2024-09-02,Mobile device upgrade for Carlos Ramirez (United States),Carlos Ramirez,Marco Bellini
RITM1045329,4 - Low,Closed Complete,North America,United States,Grace Lindqvist,Mobile device upgrade,sc_req_item,true,glindqvist,Mobility Services NA,Request fulfilled via Tangoe,2025-06-26,glindqvist,2025-06-25,Device Upgrade,michael.king,2025-06-26,Mobile device upgrade for Michael King (United States),Michael King,Grace Lindqvist
RITM1045330,4 - Low,Closed Complete,North America,Canada,Grace Lindqvist,New mobile device request,sc_req_item,true,glindqvist,Mobility Services NA,Request fulfilled via Tangoe,2024-04-30,glindqvist,2024-04-25,New Device,kevin.miller,2024-04-30,New mobile device request for Kevin Miller (Canada),Kevin Miller,Grace Lindqvist
RITM1045331,4 - Low,Closed Complete,North America,Canada,Grace Lindqvist,International roaming plan for upcoming travel,sc_req_item,true,glindqvist,Mobility Services NA,Request fulfilled via Tangoe,2025-12-11,glindqvist,2025-12-05,International Travel,michelle.wright,2025-12-11,International roaming plan for upcoming travel for Michelle Wright (Canada),Michelle Wright,Grace Lindqvist
RITM1045332,4 - Low,Closed Complete,North America,United States,Aisha Karim,Mobile device not working,sc_req_item,true,akarim,Mobility Services NA,Request fulfilled via Tangoe,2025-02-05,akarim,2025-02-01,Troubleshooting,raj.flores,2025-02-05,Mobile device not working for Raj Flores (United States),Raj Flores,Aisha Karim
RITM1045333,4 - Low,Closed Complete,North America,United States,Dana Whitfield,New mobile device request,sc_req_item,true,dwhitfield,Mobility Services NA,Request fulfilled via Tangoe,2025-12-05,dwhitfield,2025-12-03,New Device,elizabeth.gonzalez,2025-12-05,New mobile device request for Elizabeth Gonzalez (United States),Elizabeth Gonzalez,Dana Whitfield
RITM1045334,4 - Low,Closed Incomplete,North America,United States,Marco Bellini,Cancel mobile line - employee departure,sc_req_item,true,mbellini,Mobility Services NA,Request fulfilled via Tangoe,2024-12-30,mbellini,2024-12-20,Line Cancellation,yuki.flores,2024-12-30,Cancel mobile line - employee departure for Yuki Flores (United States),Yuki Flores,Marco Bellini
RITM1045335,3 - Moderate,Closed Complete,North America,Canada,Grace Lindqvist,International roaming plan for upcoming travel,sc_req_item,true,glindqvist,Mobility Services NA,Request fulfilled via Tangoe,2024-04-22,glindqvist,2024-04-17,International Travel,betty.novak,2024-04-22,International roaming plan for upcoming travel for Betty Novak (Canada),Betty Novak,Grace Lindqvist
RITM1045336,2 - High,Closed Complete,North America,United States,Dana Whitfield,International roaming plan for upcoming travel,sc_req_item,true,dwhitfield,Mobility Services NA,Request fulfilled via Tangoe,2025-05-05,dwhitfield,2025-05-01,International Travel,anthony.robinson,2025-05-05,International roaming plan for upcoming travel for Anthony Robinson (United States),Anthony Robinson,Dana Whitfield
RITM1045337,4 - Low,Closed Complete,North America,Canada,Grace Lindqvist,Mobile device not working,sc_req_item,true,glindqvist,Mobility Services NA,Request fulfilled via Tangoe,2026-01-30,glindqvist,2026-01-30,Troubleshooting,ahmed.young,2026-01-30,Mobile device not working for Ahmed Young (Canada),Ahmed Young,Grace Lindqvist
RITM1045338,4 - Low,Closed Complete,North America,Canada,Tom Okafor,Cancel mobile line - employee departure,sc_req_item,true,tokafor,Mobility Services NA,Request fulfilled via Tangoe,2024-12-04,tokafor,2024-11-29,Line Cancellation,amanda.singh,2024-12-04,Cancel mobile line - employee departure for Amanda Singh (Canada),Amanda Singh,Tom Okafor
RITM1045339,4 - Low,Work in Progress,North America,Canada,Tom Okafor,Mobile device upgrade,sc_req_item,true,tokafor,Mobility Services NA,Awaiting carrier confirmation,2024-02-08,tokafor,2024-02-08,Device Upgrade,carlos.miller,,Mobile device upgrade for Carlos Miller (Canada),Carlos Miller,
RITM1045340,4 - Low,Closed Complete,North America,United States,Marco Bellini,New mobile device request,sc_req_item,true,mbellini,Mobility Services NA,Request fulfilled via Tangoe,2026-02-19,mbellini,2026-02-18,New Device,john.williams,2026-02-19,New mobile device request for John Williams (United States),John Williams,Marco Bellini
RITM1045341,4 - Low,Closed Complete,North America,United States,Grace Lindqvist,International roaming plan for upcoming travel,sc_req_item,true,glindqvist,Mobility Services NA,Request fulfilled via Tangoe,2025-09-01,glindqvist,2025-08-30,International Travel,amanda.singh,2025-09-01,International roaming plan for upcoming travel for Amanda Singh (United States),Amanda Singh,Grace Lindqvist
RITM1045342,4 - Low,Closed Complete,North America,United States,Aisha Karim,New mobile device request,sc_req_item,true,akarim,Mobility Services NA,Request fulfilled via Tangoe,2024-08-30,akarim,2024-08-27,New Device,emily.johnson,2024-08-30,New mobile device request for Emily Johnson (United States),Emily Johnson,Aisha Karim
RITM1045343,4 - Low,Closed Complete,North America,United States,Victor Hale,Cancel mobile line - employee departure,sc_req_item,true,vhale,Mobility Services NA,Request fulfilled via Tangoe,2025-11-03,vhale,2025-10-28,Line Cancellation,olga.anderson,2025-11-03,Cancel mobile line - employee departure for Olga Anderson (United States),Olga Anderson,Victor Hale
RITM1045344,4 - Low,Closed Complete,North America,United States,Tom Okafor,International roaming plan for upcoming travel,sc_req_item,true,tokafor,Mobility Services NA,Request fulfilled via Tangoe,2025-08-13,tokafor,2025-08-06,International Travel,karen.nguyen,2025-08-13,International roaming plan for upcoming travel for Karen Nguyen (United States),Karen Nguyen,Tom Okafor
RITM1045345,3 - Moderate,Closed Complete,North America,United States,Aisha Karim,International roaming plan for upcoming travel,sc_req_item,true,akarim,Mobility Services NA,Request fulfilled via Tangoe,2025-07-11,akarim,2025-07-08,International Travel,nancy.patel,2025-07-11,International roaming plan for upcoming travel for Nancy Patel (United States),Nancy Patel,Aisha Karim
RITM1045346,4 - Low,Work in Progress,North America,United States,Aisha Karim,Lost or stolen device - suspend line,sc_req_item,true,akarim,Mobility Services NA,Awaiting carrier confirmation,2025-12-18,akarim,2025-12-18,Lost/Stolen,sofia.roy,,Lost or stolen device - suspend line for Sofia Roy (United States),Sofia Roy,
RITM1045347,2 - High,Closed Incomplete,North America,United States,Marco Bellini,Mobile device upgrade,sc_req_item,true,mbellini,Mobility Services NA,Request fulfilled via Tangoe,2024-05-07,mbellini,2024-05-05,Device Upgrade,ahmed.jackson,2024-05-07,Mobile device upgrade for Ahmed Jackson (United States),Ahmed Jackson,Marco Bellini
RITM1045348,4 - Low,Closed Incomplete,North America,United States,Marco Bellini,International roaming plan for upcoming travel,sc_req_item,true,mbellini,Mobility Services NA,Request fulfilled via Tangoe,2024-10-01,mbellini,2024-09-29,International Travel,hiroshi.perez,2024-10-01,International roaming plan for upcoming travel for Hiroshi Perez (United States),Hiroshi Perez,Marco Bellini
RITM1045349,3 - Moderate,Closed Incomplete,North America,United States,Marco Bellini,Mobile device upgrade,sc_req_item,true,mbellini,Mobility Services NA,Request fulfilled via Tangoe,2026-08-13,mbellini,2026-08-06,Device Upgrade,amanda.harris,2026-08-13,Mobile device upgrade for Amanda Harris (United States),Amanda Harris,Marco Bellini
RITM1045350,4 - Low,Closed Complete,North America,United States,Dana Whitfield,Cancel mobile line - employee departure,sc_req_item,true,dwhitfield,Mobility Services NA,Request fulfilled via Tangoe,2026-06-30,dwhitfield,2026-06-23,Line Cancellation,carlos.roy,2026-06-30,Cancel mobile line - employee departure for Carlos Roy (United States),Carlos Roy,Dana Whitfield
RITM1045351,4 - Low,Closed Complete,North America,United States,Dana Whitfield,General mobility inquiry,sc_req_item,true,dwhitfield,Mobility Services NA,Request fulfilled via Tangoe,2026-02-23,dwhitfield,2026-02-22,N/A,michael.scott,2026-02-23,General mobility inquiry for Michael Scott (United States),Michael Scott,Dana Whitfield
RITM1045352,4 - Low,Closed Complete,North America,United States,Tom Okafor,International roaming plan for upcoming travel,sc_req_item,true,tokafor,Mobility Services NA,Request fulfilled via Tangoe,2025-06-17,tokafor,2025-06-12,International Travel,richard.sanchez,2025-06-17,International roaming plan for upcoming travel for Richard Sanchez (United States),Richard Sanchez,Tom Okafor
RITM1045353,3 - Moderate,Closed Complete,North America,United States,Victor Hale,General mobility inquiry,sc_req_item,true,vhale,Mobility Services NA,Request fulfilled via Tangoe,2026-05-22,vhale,2026-05-18,N/A,thomas.mitchell,2026-05-22,General mobility inquiry for Thomas Mitchell (United States),Thomas Mitchell,Victor Hale
RITM1045354,4 - Low,Closed Complete,North America,United States,Aisha Karim,New mobile device request,sc_req_item,true,akarim,Mobility Services NA,Request fulfilled via Tangoe,2025-03-13,akarim,2025-03-10,New Device,ethan.sanchez,2025-03-13,New mobile device request for Ethan Sanchez (United States),Ethan Sanchez,Aisha Karim
RITM1045355,4 - Low,Closed Complete,North America,United States,Marco Bellini,New mobile device request,sc_req_item,true,mbellini,Mobility Services NA,Request fulfilled via Tangoe,2025-01-23,mbellini,2025-01-13,New Device,olga.baker,2025-01-23,New mobile device request for Olga Baker (United States),Olga Baker,Marco Bellini
RITM1045356,4 - Low,Closed Complete,North America,United States,Marco Bellini,Mobile device upgrade,sc_req_item,true,mbellini,Mobility Services NA,Request fulfilled via Tangoe,2026-01-05,mbellini,2026-01-02,Device Upgrade,nancy.rodriguez,2026-01-05,Mobile device upgrade for Nancy Rodriguez (United States),Nancy Rodriguez,Marco Bellini
RITM1045357,4 - Low,Closed Complete,North America,United States,Tom Okafor,New mobile device request,sc_req_item,true,tokafor,Mobility Services NA,Request fulfilled via Tangoe,2026-03-17,tokafor,2026-03-14,New Device,robert.williams,2026-03-17,New mobile device request for Robert Williams (United States),Robert Williams,Tom Okafor
RITM1045358,4 - Low,Closed Complete,North America,Canada,Tom Okafor,Mobile device not working,sc_req_item,true,tokafor,Mobility Services NA,Request fulfilled via Tangoe,2024-07-19,tokafor,2024-07-18,Troubleshooting,zoe.miller,2024-07-19,Mobile device not working for Zoe Miller (Canada),Zoe Miller,Tom Okafor
RITM1045359,3 - Moderate,Closed Complete,North America,United States,Aisha Karim,Mobile device not working,sc_req_item,true,akarim,Mobility Services NA,Request fulfilled via Tangoe,2026-04-09,akarim,2026-04-06,Troubleshooting,steven.roy,2026-04-09,Mobile device not working for Steven Roy (United States),Steven Roy,Aisha Karim
RITM1045360,4 - Low,Closed Complete,North America,United States,Tom Okafor,Mobile device not working,sc_req_item,true,tokafor,Mobility Services NA,Request fulfilled via Tangoe,2024-05-01,tokafor,2024-04-29,Troubleshooting,fatima.garcia,2024-05-01,Mobile device not working for Fatima Garcia (United States),Fatima Garcia,Tom Okafor
RITM1045361,4 - Low,Closed Complete,North America,United States,Victor Hale,Cancel mobile line - employee departure,sc_req_item,true,vhale,Mobility Services NA,Request fulfilled via Tangoe,2026-09-19,vhale,2026-09-19,Line Cancellation,liam.adams,2026-09-19,Cancel mobile line - employee departure for Liam Adams (United States),Liam Adams,Victor Hale
RITM1045362,4 - Low,Closed Complete,North America,Canada,Grace Lindqvist,International roaming plan for upcoming travel,sc_req_item,true,glindqvist,Mobility Services NA,Request fulfilled via Tangoe,2024-02-01,glindqvist,2024-02-01,International Travel,yuki.gagnon,2024-02-01,International roaming plan for upcoming travel for Yuki Gagnon (Canada),Yuki Gagnon,Grace Lindqvist
RITM1045363,4 - Low,Closed Complete,North America,United States,Tom Okafor,Cancel mobile line - employee departure,sc_req_item,true,tokafor,Mobility Services NA,Request fulfilled via Tangoe,2025-10-02,tokafor,2025-09-26,Line Cancellation,leila.lewis,2025-10-02,Cancel mobile line - employee departure for Leila Lewis (United States),Leila Lewis,Tom Okafor
RITM1045364,3 - Moderate,Closed Complete,North America,United States,Dana Whitfield,Mobile device not working,sc_req_item,true,dwhitfield,Mobility Services NA,Request fulfilled via Tangoe,2025-02-21,dwhitfield,2025-02-15,Troubleshooting,james.torres,2025-02-21,Mobile device not working for James Torres (United States),James Torres,Dana Whitfield
RITM1045365,3 - Moderate,Closed Complete,North America,United States,Victor Hale,International roaming plan for upcoming travel,sc_req_item,true,vhale,Mobility Services NA,Request fulfilled via Tangoe,2025-12-15,vhale,2025-12-10,International Travel,paul.johnson,2025-12-15,International roaming plan for upcoming travel for Paul Johnson (United States),Paul Johnson,Victor Hale
RITM1045366,3 - Moderate,Closed Complete,North America,United States,Grace Lindqvist,New mobile device request,sc_req_item,true,glindqvist,Mobility Services NA,Request fulfilled via Tangoe,2024-11-15,glindqvist,2024-11-14,New Device,wei.jones,2024-11-15,New mobile device request for Wei Jones (United States),Wei Jones,Grace Lindqvist
RITM1045367,4 - Low,Closed Incomplete,North America,Canada,Victor Hale,New mobile device request,sc_req_item,true,vhale,Mobility Services NA,Request fulfilled via Tangoe,2025-10-03,vhale,2025-10-01,New Device,nancy.hernandez,2025-10-03,New mobile device request for Nancy Hernandez (Canada),Nancy Hernandez,Victor Hale
RITM1045368,3 - Moderate,Closed Complete,North America,United States,Dana Whitfield,Lost or stolen device - suspend line,sc_req_item,true,dwhitfield,Mobility Services NA,Request fulfilled via Tangoe,2025-07-03,dwhitfield,2025-06-26,Lost/Stolen,kevin.nelson,2025-07-03,Lost or stolen device - suspend line for Kevin Nelson (United States),Kevin Nelson,Dana Whitfield
RITM1045369,4 - Low,Closed Complete,North America,United States,Aisha Karim,International roaming plan for upcoming travel,sc_req_item,true,akarim,Mobility Services NA,Request fulfilled via Tangoe,2024-08-05,akarim,2024-08-05,International Travel,nancy.patel,2024-08-05,International roaming plan for upcoming travel for Nancy Patel (United States),Nancy Patel,Aisha Karim
RITM1045370,4 - Low,Closed Complete,North America,United States,Tom Okafor,Cancel mobile line - employee departure,sc_req_item,true,tokafor,Mobility Services NA,Request fulfilled via Tangoe,2025-11-26,tokafor,2025-11-18,Line Cancellation,sarah.chen,2025-11-26,Cancel mobile line - employee departure for Sarah Chen (United States),Sarah Chen,Tom Okafor
RITM1045371,4 - Low,Closed Complete,North America,United States,Dana Whitfield,International roaming plan for upcoming travel,sc_req_item,true,dwhitfield,Mobility Services NA,Request fulfilled via Tangoe,2025-03-25,dwhitfield,2025-03-22,International Travel,leila.sanchez,2025-03-25,International roaming plan for upcoming travel for Leila Sanchez (United States),Leila Sanchez,Dana Whitfield
RITM1045372,4 - Low,Closed Complete,North America,United States,Grace Lindqvist,Lost or stolen device - suspend line,sc_req_item,true,glindqvist,Mobility Services NA,Request fulfilled via Tangoe,2025-08-26,glindqvist,2025-08-21,Lost/Stolen,joshua.baker,2025-08-26,Lost or stolen device - suspend line for Joshua Baker (United States),Joshua Baker,Grace Lindqvist
RITM1045373,4 - Low,Closed Complete,North America,United States,Aisha Karim,Mobile device upgrade,sc_req_item,true,akarim,Mobility Services NA,Request fulfilled via Tangoe,2025-05-19,akarim,2025-05-13,Device Upgrade,stephanie.lee,2025-05-19,Mobile device upgrade for Stephanie Lee (United States),Stephanie Lee,Aisha Karim
RITM1045374,4 - Low,Closed Complete,North America,United States,Victor Hale,Mobile device upgrade,sc_req_item,true,vhale,Mobility Services NA,Request fulfilled via Tangoe,2026-09-07,vhale,2026-09-02,Device Upgrade,charles.lewis,2026-09-07,Mobile device upgrade for Charles Lewis (United States),Charles Lewis,Victor Hale
RITM1045375,4 - Low,Closed Complete,North America,United States,Victor Hale,Mobile device not working,sc_req_item,true,vhale,Mobility Services NA,Request fulfilled via Tangoe,2026-08-13,vhale,2026-08-07,Troubleshooting,robert.martin,2026-08-13,Mobile device not working for Robert Martin (United States),Robert Martin,Victor Hale
RITM1045376,2 - High,Closed Complete,North America,United States,Aisha Karim,Mobile device upgrade,sc_req_item,true,akarim,Mobility Services NA,Request fulfilled via Tangoe,2025-05-29,akarim,2025-05-25,Device Upgrade,joshua.mitchell,2025-05-29,Mobile device upgrade for Joshua Mitchell (United States),Joshua Mitchell,Aisha Karim
RITM1045377,4 - Low,Closed Complete,North America,United States,Aisha Karim,New mobile device request,sc_req_item,true,akarim,Mobility Services NA,Request fulfilled via Tangoe,2025-11-11,akarim,2025-11-07,New Device,brian.white,2025-11-11,New mobile device request for Brian White (United States),Brian White,Aisha Karim
RITM1045378,3 - Moderate,Closed Complete,North America,Canada,Tom Okafor,New mobile device request,sc_req_item,true,tokafor,Mobility Services NA,Request fulfilled via Tangoe,2025-06-30,tokafor,2025-06-25,New Device,steven.williams,2025-06-30,New mobile device request for Steven Williams (Canada),Steven Williams,Tom Okafor
RITM1045379,3 - Moderate,Closed Complete,North America,United States,Dana Whitfield,New mobile device request,sc_req_item,true,dwhitfield,Mobility Services NA,Request fulfilled via Tangoe,2026-03-10,dwhitfield,2026-03-10,New Device,melissa.martin,2026-03-10,New mobile device request for Melissa Martin (United States),Melissa Martin,Dana Whitfield
RITM1045380,4 - Low,Closed Incomplete,North America,United States,Grace Lindqvist,New mobile device request,sc_req_item,true,glindqvist,Mobility Services NA,Request fulfilled via Tangoe,2025-08-20,glindqvist,2025-08-18,New Device,emily.davis,2025-08-20,New mobile device request for Emily Davis (United States),Emily Davis,Grace Lindqvist
RITM1045381,3 - Moderate,Closed Complete,North America,United States,Aisha Karim,Port personal number to corporate account,sc_req_item,true,akarim,Mobility Services NA,Request fulfilled via Tangoe,2025-07-08,akarim,2025-07-07,Number Port,karen.tremblay,2025-07-08,Port personal number to corporate account for Karen Tremblay (United States),Karen Tremblay,Aisha Karim
RITM1045382,2 - High,Closed Complete,North America,United States,Tom Okafor,New mobile device request,sc_req_item,true,tokafor,Mobility Services NA,Request fulfilled via Tangoe,2026-06-09,tokafor,2026-06-04,New Device,stephanie.green,2026-06-09,New mobile device request for Stephanie Green (United States),Stephanie Green,Tom Okafor
RITM1045383,4 - Low,Closed Complete,North America,United States,Tom Okafor,International roaming plan for upcoming travel,sc_req_item,true,tokafor,Mobility Services NA,Request fulfilled via Tangoe,2024-12-25,tokafor,2024-12-22,International Travel,sarah.kim,2024-12-25,International roaming plan for upcoming travel for Sarah Kim (United States),Sarah Kim,Tom Okafor
RITM1045384,3 - Moderate,Closed Complete,North America,United States,Aisha Karim,Mobile device upgrade,sc_req_item,true,akarim,Mobility Services NA,Request fulfilled via Tangoe,2025-10-03,akarim,2025-09-30,Device Upgrade,wei.mitchell,2025-10-03,Mobile device upgrade for Wei Mitchell (United States),Wei Mitchell,Aisha Karim
RITM1045385,3 - Moderate,Closed Complete,North America,United States,Aisha Karim,Mobile device not working,sc_req_item,true,akarim,Mobility Services NA,Request fulfilled via Tangoe,2024-02-09,akarim,2024-02-06,Troubleshooting,patricia.patel,2024-02-09,Mobile device not working for Patricia Patel (United States),Patricia Patel,Aisha Karim
RITM1045386,4 - Low,Closed Complete,North America,United States,Tom Okafor,Mobile device upgrade,sc_req_item,true,tokafor,Mobility Services NA,Request fulfilled via Tangoe,2025-11-26,tokafor,2025-11-23,Device Upgrade,sofia.singh,2025-11-26,Mobile device upgrade for Sofia Singh (United States),Sofia Singh,Tom Okafor
RITM1045387,4 - Low,Closed Complete,North America,United States,Grace Lindqvist,Cancel mobile line - employee departure,sc_req_item,true,glindqvist,Mobility Services NA,Request fulfilled via Tangoe,2025-11-21,glindqvist,2025-11-18,Line Cancellation,betty.white,2025-11-21,Cancel mobile line - employee departure for Betty White (United States),Betty White,Grace Lindqvist
RITM1045388,3 - Moderate,Closed Complete,North America,United States,Dana Whitfield,Port personal number to corporate account,sc_req_item,true,dwhitfield,Mobility Services NA,Request fulfilled via Tangoe,2024-07-25,dwhitfield,2024-07-25,Number Port,patricia.scott,2024-07-25,Port personal number to corporate account for Patricia Scott (United States),Patricia Scott,Dana Whitfield
RITM1045389,4 - Low,Closed Complete,North America,Canada,Grace Lindqvist,Cancel mobile line - employee departure,sc_req_item,true,glindqvist,Mobility Services NA,Request fulfilled via Tangoe,2024-12-24,glindqvist,2024-12-22,Line Cancellation,lisa.carter,2024-12-24,Cancel mobile line - employee departure for Lisa Carter (Canada),Lisa Carter,Grace Lindqvist
RITM1045390,3 - Moderate,Closed Complete,North America,United States,Dana Whitfield,Port personal number to corporate account,sc_req_item,true,dwhitfield,Mobility Services NA,Request fulfilled via Tangoe,2024-06-05,dwhitfield,2024-06-03,Number Port,michael.thomas,2024-06-05,Port personal number to corporate account for Michael Thomas (United States),Michael Thomas,Dana Whitfield
RITM1045391,4 - Low,Closed Complete,North America,United States,Grace Lindqvist,Mobile device upgrade,sc_req_item,true,glindqvist,Mobility Services NA,Request fulfilled via Tangoe,2026-08-28,glindqvist,2026-08-24,Device Upgrade,joshua.taylor,2026-08-28,Mobile device upgrade for Joshua Taylor (United States),Joshua Taylor,Grace Lindqvist
RITM1045392,3 - Moderate,Closed Complete,North America,United States,Dana Whitfield,Port personal number to corporate account,sc_req_item,true,dwhitfield,Mobility Services NA,Request fulfilled via Tangoe,2024-02-19,dwhitfield,2024-02-14,Number Port,david.carter,2024-02-19,Port personal number to corporate account for David Carter (United States),David Carter,Dana Whitfield
RITM1045393,3 - Moderate,Closed Complete,North America,United States,Victor Hale,Lost or stolen device - suspend line,sc_req_item,true,vhale,Mobility Services NA,Request fulfilled via Tangoe,2025-08-11,vhale,2025-07-30,Lost/Stolen,nancy.moore,2025-08-11,Lost or stolen device - suspend line for Nancy Moore (United States),Nancy Moore,Victor Hale
RITM1045394,3 - Moderate,Closed Complete,North America,United States,Victor Hale,Mobile device not working,sc_req_item,true,vhale,Mobility Services NA,Request fulfilled via Tangoe,2025-02-27,vhale,2025-02-20,Troubleshooting,nancy.rodriguez,2025-02-27,Mobile device not working for Nancy Rodriguez (United States),Nancy Rodriguez,Victor Hale
RITM1045395,3 - Moderate,Closed Complete,North America,United States,Grace Lindqvist,New mobile device request,sc_req_item,true,glindqvist,Mobility Services NA,Request fulfilled via Tangoe,2026-03-12,glindqvist,2026-03-04,New Device,kevin.gonzalez,2026-03-12,New mobile device request for Kevin Gonzalez (United States),Kevin Gonzalez,Grace Lindqvist
RITM1045396,4 - Low,Closed Complete,North America,United States,Aisha Karim,Port personal number to corporate account,sc_req_item,true,akarim,Mobility Services NA,Request fulfilled via Tangoe,2024-12-27,akarim,2024-12-22,Number Port,richard.martinez,2024-12-27,Port personal number to corporate account for Richard Martinez (United States),Richard Martinez,Aisha Karim
RITM1045397,2 - High,Closed Incomplete,North America,United States,Dana Whitfield,Mobile device upgrade,sc_req_item,true,dwhitfield,Mobility Services NA,Request fulfilled via Tangoe,2024-02-19,dwhitfield,2024-02-16,Device Upgrade,raj.nelson,2024-02-19,Mobile device upgrade for Raj Nelson (United States),Raj Nelson,Dana Whitfield
RITM1045398,4 - Low,Closed Complete,North America,Canada,Dana Whitfield,International roaming plan for upcoming travel,sc_req_item,true,dwhitfield,Mobility Services NA,Request fulfilled via Tangoe,2026-07-13,dwhitfield,2026-07-10,International Travel,andrew.martinez,2026-07-13,International roaming plan for upcoming travel for Andrew Martinez (Canada),Andrew Martinez,Dana Whitfield
RITM1045399,4 - Low,Closed Complete,North America,United States,Grace Lindqvist,Lost or stolen device - suspend line,sc_req_item,true,glindqvist,Mobility Services NA,Request fulfilled via Tangoe,2026-07-21,glindqvist,2026-07-19,Lost/Stolen,yuki.ramirez,2026-07-21,Lost or stolen device - suspend line for Yuki Ramirez (United States),Yuki Ramirez,Grace Lindqvist
RITM1045400,4 - Low,Closed Complete,North America,Canada,Dana Whitfield,Port personal number to corporate account,sc_req_item,true,dwhitfield,Mobility Services NA,Request fulfilled via Tangoe,2024-04-21,dwhitfield,2024-04-21,Number Port,michael.roy,2024-04-21,Port personal number to corporate account for Michael Roy (Canada),Michael Roy,Dana Whitfield
RITM1045401,4 - Low,Closed Complete,North America,United States,Grace Lindqvist,International roaming plan for upcoming travel,sc_req_item,true,glindqvist,Mobility Services NA,Request fulfilled via Tangoe,2026-03-26,glindqvist,2026-03-25,International Travel,sofia.roy,2026-03-26,International roaming plan for upcoming travel for Sofia Roy (United States),Sofia Roy,Grace Lindqvist
RITM1045402,4 - Low,Closed Complete,North America,United States,Victor Hale,International roaming plan for upcoming travel,sc_req_item,true,vhale,Mobility Services NA,Request fulfilled via Tangoe,2026-08-06,vhale,2026-07-28,International Travel,nancy.hernandez,2026-08-06,International roaming plan for upcoming travel for Nancy Hernandez (United States),Nancy Hernandez,Victor Hale
RITM1045403,4 - Low,Closed Complete,North America,United States,Grace Lindqvist,General mobility inquiry,sc_req_item,true,glindqvist,Mobility Services NA,Request fulfilled via Tangoe,2026-03-18,glindqvist,2026-03-06,N/A,daniel.hernandez,2026-03-18,General mobility inquiry for Daniel Hernandez (United States),Daniel Hernandez,Grace Lindqvist
RITM1045404,4 - Low,Closed Incomplete,North America,United States,Aisha Karim,Mobile device not working,sc_req_item,true,akarim,Mobility Services NA,Request fulfilled via Tangoe,2024-03-28,akarim,2024-03-21,Troubleshooting,michael.baker,2024-03-28,Mobile device not working for Michael Baker (United States),Michael Baker,Aisha Karim
RITM1045405,2 - High,Closed Complete,North America,United States,Tom Okafor,Mobile device upgrade,sc_req_item,true,tokafor,Mobility Services NA,Request fulfilled via Tangoe,2025-01-30,tokafor,2025-01-29,Device Upgrade,barbara.roy,2025-01-30,Mobile device upgrade for Barbara Roy (United States),Barbara Roy,Tom Okafor
RITM1045406,4 - Low,Closed Complete,North America,United States,Marco Bellini,Mobile device upgrade,sc_req_item,true,mbellini,Mobility Services NA,Request fulfilled via Tangoe,2025-10-08,mbellini,2025-10-02,Device Upgrade,paul.green,2025-10-08,Mobile device upgrade for Paul Green (United States),Paul Green,Marco Bellini
RITM1045407,3 - Moderate,Closed Complete,North America,United States,Aisha Karim,New mobile device request,sc_req_item,true,akarim,Mobility Services NA,Request fulfilled via Tangoe,2024-09-16,akarim,2024-09-11,New Device,thomas.lopez,2024-09-16,New mobile device request for Thomas Lopez (United States),Thomas Lopez,Aisha Karim
RITM1045408,3 - Moderate,Closed Complete,North America,United States,Dana Whitfield,Cancel mobile line - employee departure,sc_req_item,true,dwhitfield,Mobility Services NA,Request fulfilled via Tangoe,2024-08-13,dwhitfield,2024-08-08,Line Cancellation,sandra.scott,2024-08-13,Cancel mobile line - employee departure for Sandra Scott (United States),Sandra Scott,Dana Whitfield
RITM1045409,3 - Moderate,Closed Complete,North America,United States,Marco Bellini,New mobile device request,sc_req_item,true,mbellini,Mobility Services NA,Request fulfilled via Tangoe,2024-01-01,mbellini,2024-01-01,New Device,ashley.flores,2024-01-01,New mobile device request for Ashley Flores (United States),Ashley Flores,Marco Bellini
RITM1045410,4 - Low,Closed Complete,North America,United States,Tom Okafor,New mobile device request,sc_req_item,true,tokafor,Mobility Services NA,Request fulfilled via Tangoe,2024-07-12,tokafor,2024-07-08,New Device,hiroshi.brown,2024-07-12,New mobile device request for Hiroshi Brown (United States),Hiroshi Brown,Tom Okafor
RITM1045411,2 - High,Closed Complete,North America,Canada,Dana Whitfield,New mobile device request,sc_req_item,true,dwhitfield,Mobility Services NA,Request fulfilled via Tangoe,2024-07-22,dwhitfield,2024-07-21,New Device,joshua.harris,2024-07-22,New mobile device request for Joshua Harris (Canada),Joshua Harris,Dana Whitfield
RITM1045412,4 - Low,Open,North America,United States,Tom Okafor,Mobile device not working,sc_req_item,true,tokafor,Mobility Services NA,Awaiting carrier confirmation,2025-10-04,tokafor,2025-10-04,Troubleshooting,andrew.martinez,,Mobile device not working for Andrew Martinez (United States),Andrew Martinez,
RITM1045413,3 - Moderate,Open,North America,United States,Marco Bellini,Mobile device upgrade,sc_req_item,true,mbellini,Mobility Services NA,Awaiting carrier confirmation,2025-04-20,mbellini,2025-04-20,Device Upgrade,barbara.roberts,,Mobile device upgrade for Barbara Roberts (United States),Barbara Roberts,
RITM1045414,4 - Low,Closed Complete,North America,United States,Dana Whitfield,Mobile device upgrade,sc_req_item,true,dwhitfield,Mobility Services NA,Request fulfilled via Tangoe,2026-08-25,dwhitfield,2026-08-20,Device Upgrade,patricia.patel,2026-08-25,Mobile device upgrade for Patricia Patel (United States),Patricia Patel,Dana Whitfield
RITM1045415,4 - Low,Closed Complete,North America,United States,Tom Okafor,Mobile device upgrade,sc_req_item,true,tokafor,Mobility Services NA,Request fulfilled via Tangoe,2026-06-01,tokafor,2026-05-30,Device Upgrade,stephanie.anderson,2026-06-01,Mobile device upgrade for Stephanie Anderson (United States),Stephanie Anderson,Tom Okafor
RITM1045416,2 - High,Work in Progress,North America,United States,Tom Okafor,International roaming plan for upcoming travel,sc_req_item,true,tokafor,Mobility Services NA,Awaiting carrier confirmation,2024-01-23,tokafor,2024-01-23,International Travel,nancy.jackson,,International roaming plan for upcoming travel for Nancy Jackson (United States),Nancy Jackson,
RITM1045417,4 - Low,Closed Complete,North America,United States,Grace Lindqvist,Mobile device upgrade,sc_req_item,true,glindqvist,Mobility Services NA,Request fulfilled via Tangoe,2025-05-27,glindqvist,2025-05-22,Device Upgrade,jennifer.thomas,2025-05-27,Mobile device upgrade for Jennifer Thomas (United States),Jennifer Thomas,Grace Lindqvist
RITM1045418,3 - Moderate,Open,North America,United States,Tom Okafor,New mobile device request,sc_req_item,true,tokafor,Mobility Services NA,Awaiting carrier confirmation,2026-09-10,tokafor,2026-09-10,New Device,nancy.anderson,,New mobile device request for Nancy Anderson (United States),Nancy Anderson,
RITM1045419,4 - Low,Closed Complete,North America,United States,Grace Lindqvist,New mobile device request,sc_req_item,true,glindqvist,Mobility Services NA,Request fulfilled via Tangoe,2024-08-08,glindqvist,2024-08-05,New Device,betty.robinson,2024-08-08,New mobile device request for Betty Robinson (United States),Betty Robinson,Grace Lindqvist
RITM1045420,3 - Moderate,Closed Complete,North America,United States,Victor Hale,Lost or stolen device - suspend line,sc_req_item,true,vhale,Mobility Services NA,Request fulfilled via Tangoe,2025-07-02,vhale,2025-06-29,Lost/Stolen,joshua.harris,2025-07-02,Lost or stolen device - suspend line for Joshua Harris (United States),Joshua Harris,Victor Hale
RITM1045421,3 - Moderate,Closed Complete,North America,United States,Grace Lindqvist,New mobile device request,sc_req_item,true,glindqvist,Mobility Services NA,Request fulfilled via Tangoe,2024-05-10,glindqvist,2024-05-10,New Device,karen.harris,2024-05-10,New mobile device request for Karen Harris (United States),Karen Harris,Grace Lindqvist
RITM1045422,4 - Low,Closed Complete,North America,United States,Marco Bellini,General mobility inquiry,sc_req_item,true,mbellini,Mobility Services NA,Request fulfilled via Tangoe,2025-04-30,mbellini,2025-04-27,N/A,wei.garcia,2025-04-30,General mobility inquiry for Wei Garcia (United States),Wei Garcia,Marco Bellini
RITM1045423,4 - Low,Closed Complete,North America,Canada,Tom Okafor,International roaming plan for upcoming travel,sc_req_item,true,tokafor,Mobility Services NA,Request fulfilled via Tangoe,2024-09-05,tokafor,2024-08-31,International Travel,mary.tremblay,2024-09-05,International roaming plan for upcoming travel for Mary Tremblay (Canada),Mary Tremblay,Tom Okafor
RITM1045424,4 - Low,Closed Complete,North America,United States,Tom Okafor,Mobile device upgrade,sc_req_item,true,tokafor,Mobility Services NA,Request fulfilled via Tangoe,2024-08-05,tokafor,2024-08-04,Device Upgrade,robert.carter,2024-08-05,Mobile device upgrade for Robert Carter (United States),Robert Carter,Tom Okafor
RITM1045425,3 - Moderate,Closed Complete,North America,United States,Aisha Karim,Cancel mobile line - employee departure,sc_req_item,true,akarim,Mobility Services NA,Request fulfilled via Tangoe,2025-08-25,akarim,2025-08-21,Line Cancellation,ava.clark,2025-08-25,Cancel mobile line - employee departure for Ava Clark (United States),Ava Clark,Aisha Karim
RITM1045426,4 - Low,Closed Incomplete,North America,United States,Tom Okafor,Mobile device not working,sc_req_item,true,tokafor,Mobility Services NA,Request fulfilled via Tangoe,2026-07-17,tokafor,2026-07-10,Troubleshooting,ethan.brown,2026-07-17,Mobile device not working for Ethan Brown (United States),Ethan Brown,Tom Okafor
RITM1045427,4 - Low,Closed Complete,North America,Canada,Marco Bellini,International roaming plan for upcoming travel,sc_req_item,true,mbellini,Mobility Services NA,Request fulfilled via Tangoe,2024-04-04,mbellini,2024-04-04,International Travel,nancy.jackson,2024-04-04,International roaming plan for upcoming travel for Nancy Jackson (Canada),Nancy Jackson,Marco Bellini
RITM1045428,4 - Low,Closed Complete,North America,United States,Victor Hale,New mobile device request,sc_req_item,true,vhale,Mobility Services NA,Request fulfilled via Tangoe,2025-11-26,vhale,2025-11-22,New Device,sandra.miller,2025-11-26,New mobile device request for Sandra Miller (United States),Sandra Miller,Victor Hale
RITM1045429,3 - Moderate,Closed Complete,North America,United States,Victor Hale,New mobile device request,sc_req_item,true,vhale,Mobility Services NA,Request fulfilled via Tangoe,2025-12-01,vhale,2025-11-27,New Device,william.wright,2025-12-01,New mobile device request for William Wright (United States),William Wright,Victor Hale
RITM1045430,4 - Low,Closed Complete,North America,United States,Aisha Karim,Mobile device not working,sc_req_item,true,akarim,Mobility Services NA,Request fulfilled via Tangoe,2026-04-09,akarim,2026-04-02,Troubleshooting,olga.wright,2026-04-09,Mobile device not working for Olga Wright (United States),Olga Wright,Aisha Karim
RITM1045431,3 - Moderate,Closed Complete,North America,United States,Grace Lindqvist,Lost or stolen device - suspend line,sc_req_item,true,glindqvist,Mobility Services NA,Request fulfilled via Tangoe,2026-06-18,glindqvist,2026-06-18,Lost/Stolen,nancy.moore,2026-06-18,Lost or stolen device - suspend line for Nancy Moore (United States),Nancy Moore,Grace Lindqvist
RITM1045432,3 - Moderate,Closed Complete,North America,Canada,Tom Okafor,General mobility inquiry,sc_req_item,true,tokafor,Mobility Services NA,Request fulfilled via Tangoe,2024-12-06,tokafor,2024-12-03,N/A,thomas.anderson,2024-12-06,General mobility inquiry for Thomas Anderson (Canada),Thomas Anderson,Tom Okafor
RITM1045433,4 - Low,Closed Complete,North America,United States,Marco Bellini,Mobile device not working,sc_req_item,true,mbellini,Mobility Services NA,Request fulfilled via Tangoe,2025-09-12,mbellini,2025-09-09,Troubleshooting,andrew.martinez,2025-09-12,Mobile device not working for Andrew Martinez (United States),Andrew Martinez,Marco Bellini
RITM1045434,3 - Moderate,Closed Complete,North America,United States,Aisha Karim,General mobility inquiry,sc_req_item,true,akarim,Mobility Services NA,Request fulfilled via Tangoe,2026-03-15,akarim,2026-03-15,N/A,ana.torres,2026-03-15,General mobility inquiry for Ana Torres (United States),Ana Torres,Aisha Karim
RITM1045435,4 - Low,Closed Complete,North America,United States,Victor Hale,Mobile device upgrade,sc_req_item,true,vhale,Mobility Services NA,Request fulfilled via Tangoe,2024-10-29,vhale,2024-10-29,Device Upgrade,anthony.lee,2024-10-29,Mobile device upgrade for Anthony Lee (United States),Anthony Lee,Victor Hale
RITM1045436,4 - Low,Closed Complete,North America,Canada,Dana Whitfield,Port personal number to corporate account,sc_req_item,true,dwhitfield,Mobility Services NA,Request fulfilled via Tangoe,2026-06-18,dwhitfield,2026-06-16,Number Port,joshua.singh,2026-06-18,Port personal number to corporate account for Joshua Singh (Canada),Joshua Singh,Dana Whitfield
RITM1045437,2 - High,Closed Complete,North America,United States,Grace Lindqvist,International roaming plan for upcoming travel,sc_req_item,true,glindqvist,Mobility Services NA,Request fulfilled via Tangoe,2024-03-27,glindqvist,2024-03-22,International Travel,kevin.flores,2024-03-27,International roaming plan for upcoming travel for Kevin Flores (United States),Kevin Flores,Grace Lindqvist
RITM1045438,4 - Low,Closed Complete,North America,United States,Grace Lindqvist,Mobile device upgrade,sc_req_item,true,glindqvist,Mobility Services NA,Request fulfilled via Tangoe,2025-08-28,glindqvist,2025-08-20,Device Upgrade,james.torres,2025-08-28,Mobile device upgrade for James Torres (United States),James Torres,Grace Lindqvist
RITM1045439,3 - Moderate,Closed Complete,North America,United States,Victor Hale,Mobile device upgrade,sc_req_item,true,vhale,Mobility Services NA,Request fulfilled via Tangoe,2025-02-27,vhale,2025-02-25,Device Upgrade,wei.walker,2025-02-27,Mobile device upgrade for Wei Walker (United States),Wei Walker,Victor Hale
RITM1045440,2 - High,Work in Progress,North America,United States,Tom Okafor,International roaming plan for upcoming travel,sc_req_item,true,tokafor,Mobility Services NA,Awaiting carrier confirmation,2026-08-30,tokafor,2026-08-30,International Travel,joseph.tremblay,,International roaming plan for upcoming travel for Joseph Tremblay (United States),Joseph Tremblay,
RITM1045441,3 - Moderate,Closed Complete,North America,United States,Aisha Karim,Cancel mobile line - employee departure,sc_req_item,true,akarim,Mobility Services NA,Request fulfilled via Tangoe,2026-07-24,akarim,2026-07-23,Line Cancellation,linda.chen,2026-07-24,Cancel mobile line - employee departure for Linda Chen (United States),Linda Chen,Aisha Karim
RITM1045442,4 - Low,Closed Incomplete,North America,United States,Dana Whitfield,New mobile device request,sc_req_item,true,dwhitfield,Mobility Services NA,Request fulfilled via Tangoe,2024-01-24,dwhitfield,2024-01-20,New Device,zoe.carter,2024-01-24,New mobile device request for Zoe Carter (United States),Zoe Carter,Dana Whitfield
RITM1045443,2 - High,Closed Complete,North America,United States,Dana Whitfield,New mobile device request,sc_req_item,true,dwhitfield,Mobility Services NA,Request fulfilled via Tangoe,2025-03-28,dwhitfield,2025-03-27,New Device,leila.garcia,2025-03-28,New mobile device request for Leila Garcia (United States),Leila Garcia,Dana Whitfield
RITM1045444,3 - Moderate,Closed Complete,North America,United States,Marco Bellini,New mobile device request,sc_req_item,true,mbellini,Mobility Services NA,Request fulfilled via Tangoe,2026-06-23,mbellini,2026-06-15,New Device,richard.cohen,2026-06-23,New mobile device request for Richard Cohen (United States),Richard Cohen,Marco Bellini
RITM1045445,3 - Moderate,Closed Complete,North America,United States,Marco Bellini,International roaming plan for upcoming travel,sc_req_item,true,mbellini,Mobility Services NA,Request fulfilled via Tangoe,2025-09-28,mbellini,2025-09-28,International Travel,sofia.king,2025-09-28,International roaming plan for upcoming travel for Sofia King (United States),Sofia King,Marco Bellini
RITM1045446,3 - Moderate,Work in Progress,North America,United States,Dana Whitfield,Mobile device upgrade,sc_req_item,true,dwhitfield,Mobility Services NA,Awaiting carrier confirmation,2026-06-14,dwhitfield,2026-06-14,Device Upgrade,barbara.roberts,,Mobile device upgrade for Barbara Roberts (United States),Barbara Roberts,
RITM1045447,4 - Low,Closed Incomplete,North America,United States,Dana Whitfield,International roaming plan for upcoming travel,sc_req_item,true,dwhitfield,Mobility Services NA,Request fulfilled via Tangoe,2026-08-07,dwhitfield,2026-08-07,International Travel,melissa.garcia,2026-08-07,International roaming plan for upcoming travel for Melissa Garcia (United States),Melissa Garcia,Dana Whitfield
RITM1045448,4 - Low,Closed Complete,North America,United States,Grace Lindqvist,Mobile device upgrade,sc_req_item,true,glindqvist,Mobility Services NA,Request fulfilled via Tangoe,2025-01-27,glindqvist,2025-01-23,Device Upgrade,william.clark,2025-01-27,Mobile device upgrade for William Clark (United States),William Clark,Grace Lindqvist
RITM1045449,4 - Low,Closed Complete,North America,Canada,Victor Hale,Mobile device not working,sc_req_item,true,vhale,Mobility Services NA,Request fulfilled via Tangoe,2025-03-18,vhale,2025-03-16,Troubleshooting,olga.nguyen,2025-03-18,Mobile device not working for Olga Nguyen (Canada),Olga Nguyen,Victor Hale
RITM1045450,2 - High,Closed Complete,North America,Canada,Aisha Karim,Mobile device upgrade,sc_req_item,true,akarim,Mobility Services NA,Request fulfilled via Tangoe,2026-06-30,akarim,2026-06-21,Device Upgrade,kevin.thomas,2026-06-30,Mobile device upgrade for Kevin Thomas (Canada),Kevin Thomas,Aisha Karim
RITM1045451,4 - Low,Work in Progress,North America,United States,Aisha Karim,New mobile device request,sc_req_item,true,akarim,Mobility Services NA,Awaiting carrier confirmation,2025-04-23,akarim,2025-04-23,New Device,carlos.miller,,New mobile device request for Carlos Miller (United States),Carlos Miller,
RITM1045452,3 - Moderate,Closed Complete,North America,United States,Grace Lindqvist,Lost or stolen device - suspend line,sc_req_item,true,glindqvist,Mobility Services NA,Request fulfilled via Tangoe,2025-02-10,glindqvist,2025-02-06,Lost/Stolen,sofia.wilson,2025-02-10,Lost or stolen device - suspend line for Sofia Wilson (United States),Sofia Wilson,Grace Lindqvist
RITM1045453,3 - Moderate,Closed Complete,North America,United States,Tom Okafor,Cancel mobile line - employee departure,sc_req_item,true,tokafor,Mobility Services NA,Request fulfilled via Tangoe,2024-07-03,tokafor,2024-07-02,Line Cancellation,ethan.roberts,2024-07-03,Cancel mobile line - employee departure for Ethan Roberts (United States),Ethan Roberts,Tom Okafor
RITM1045454,4 - Low,Closed Complete,North America,Canada,Grace Lindqvist,New mobile device request,sc_req_item,true,glindqvist,Mobility Services NA,Request fulfilled via Tangoe,2026-03-25,glindqvist,2026-03-23,New Device,carlos.thompson,2026-03-25,New mobile device request for Carlos Thompson (Canada),Carlos Thompson,Grace Lindqvist
RITM1045455,4 - Low,Closed Complete,North America,United States,Grace Lindqvist,Cancel mobile line - employee departure,sc_req_item,true,glindqvist,Mobility Services NA,Request fulfilled via Tangoe,2024-09-06,glindqvist,2024-09-06,Line Cancellation,susan.gonzalez,2024-09-06,Cancel mobile line - employee departure for Susan Gonzalez (United States),Susan Gonzalez,Grace Lindqvist
RITM1045456,4 - Low,Closed Complete,North America,United States,Marco Bellini,Mobile device not working,sc_req_item,true,mbellini,Mobility Services NA,Request fulfilled via Tangoe,2026-02-24,mbellini,2026-02-18,Troubleshooting,fatima.campbell,2026-02-24,Mobile device not working for Fatima Campbell (United States),Fatima Campbell,Marco Bellini
RITM1045457,3 - Moderate,Closed Complete,North America,United States,Dana Whitfield,Lost or stolen device - suspend line,sc_req_item,true,dwhitfield,Mobility Services NA,Request fulfilled via Tangoe,2025-05-22,dwhitfield,2025-05-20,Lost/Stolen,john.allen,2025-05-22,Lost or stolen device - suspend line for John Allen (United States),John Allen,Dana Whitfield
RITM1045458,3 - Moderate,Closed Complete,North America,Canada,Grace Lindqvist,Mobile device upgrade,sc_req_item,true,glindqvist,Mobility Services NA,Request fulfilled via Tangoe,2025-09-18,glindqvist,2025-09-18,Device Upgrade,ethan.sanchez,2025-09-18,Mobile device upgrade for Ethan Sanchez (Canada),Ethan Sanchez,Grace Lindqvist
RITM1045459,4 - Low,Open,North America,United States,Marco Bellini,General mobility inquiry,sc_req_item,true,mbellini,Mobility Services NA,Awaiting carrier confirmation,2026-07-19,mbellini,2026-07-19,N/A,betty.robinson,,General mobility inquiry for Betty Robinson (United States),Betty Robinson,
RITM1045460,4 - Low,Work in Progress,North America,United States,Dana Whitfield,Mobile device not working,sc_req_item,true,dwhitfield,Mobility Services NA,Awaiting carrier confirmation,2026-08-26,dwhitfield,2026-08-26,Troubleshooting,michael.lewis,,Mobile device not working for Michael Lewis (United States),Michael Lewis,
RITM1045461,4 - Low,Closed Complete,North America,United States,Marco Bellini,Lost or stolen device - suspend line,sc_req_item,true,mbellini,Mobility Services NA,Request fulfilled via Tangoe,2024-11-22,mbellini,2024-11-16,Lost/Stolen,fatima.campbell,2024-11-22,Lost or stolen device - suspend line for Fatima Campbell (United States),Fatima Campbell,Marco Bellini
RITM1045462,4 - Low,Work in Progress,North America,United States,Victor Hale,Mobile device not working,sc_req_item,true,vhale,Mobility Services NA,Awaiting carrier confirmation,2024-11-14,vhale,2024-11-14,Troubleshooting,steven.nelson,,Mobile device not working for Steven Nelson (United States),Steven Nelson,
RITM1045463,4 - Low,Closed Complete,North America,United States,Aisha Karim,International roaming plan for upcoming travel,sc_req_item,true,akarim,Mobility Services NA,Request fulfilled via Tangoe,2025-11-17,akarim,2025-11-11,International Travel,anthony.harris,2025-11-17,International roaming plan for upcoming travel for Anthony Harris (United States),Anthony Harris,Aisha Karim
RITM1045464,3 - Moderate,Closed Complete,North America,Canada,Dana Whitfield,New mobile device request,sc_req_item,true,dwhitfield,Mobility Services NA,Request fulfilled via Tangoe,2024-10-03,dwhitfield,2024-09-27,New Device,andrew.wright,2024-10-03,New mobile device request for Andrew Wright (Canada),Andrew Wright,Dana Whitfield
RITM1045465,4 - Low,Closed Complete,North America,United States,Victor Hale,International roaming plan for upcoming travel,sc_req_item,true,vhale,Mobility Services NA,Request fulfilled via Tangoe,2024-05-22,vhale,2024-05-22,International Travel,mark.martinez,2024-05-22,International roaming plan for upcoming travel for Mark Martinez (United States),Mark Martinez,Victor Hale
RITM1045466,4 - Low,Closed Complete,North America,Canada,Aisha Karim,Mobile device upgrade,sc_req_item,true,akarim,Mobility Services NA,Request fulfilled via Tangoe,2026-09-04,akarim,2026-09-02,Device Upgrade,mateo.white,2026-09-04,Mobile device upgrade for Mateo White (Canada),Mateo White,Aisha Karim
RITM1045467,4 - Low,Closed Complete,North America,United States,Tom Okafor,General mobility inquiry,sc_req_item,true,tokafor,Mobility Services NA,Request fulfilled via Tangoe,2025-12-08,tokafor,2025-11-30,N/A,sandra.kim,2025-12-08,General mobility inquiry for Sandra Kim (United States),Sandra Kim,Tom Okafor
RITM1045468,3 - Moderate,Closed Complete,North America,United States,Victor Hale,Cancel mobile line - employee departure,sc_req_item,true,vhale,Mobility Services NA,Request fulfilled via Tangoe,2026-04-20,vhale,2026-04-15,Line Cancellation,michelle.hill,2026-04-20,Cancel mobile line - employee departure for Michelle Hill (United States),Michelle Hill,Victor Hale
RITM1045469,3 - Moderate,Closed Complete,North America,Canada,Victor Hale,New mobile device request,sc_req_item,true,vhale,Mobility Services NA,Request fulfilled via Tangoe,2025-08-11,vhale,2025-08-06,New Device,michael.roy,2025-08-11,New mobile device request for Michael Roy (Canada),Michael Roy,Victor Hale
RITM1045470,3 - Moderate,Closed Complete,North America,United States,Aisha Karim,Mobile device upgrade,sc_req_item,true,akarim,Mobility Services NA,Request fulfilled via Tangoe,2026-04-21,akarim,2026-04-16,Device Upgrade,karen.thomas,2026-04-21,Mobile device upgrade for Karen Thomas (United States),Karen Thomas,Aisha Karim
RITM1045471,3 - Moderate,Closed Complete,North America,United States,Grace Lindqvist,International roaming plan for upcoming travel,sc_req_item,true,glindqvist,Mobility Services NA,Request fulfilled via Tangoe,2025-04-21,glindqvist,2025-04-21,International Travel,chloe.hall,2025-04-21,International roaming plan for upcoming travel for Chloe Hall (United States),Chloe Hall,Grace Lindqvist
RITM1045472,3 - Moderate,Work in Progress,North America,United States,Grace Lindqvist,Port personal number to corporate account,sc_req_item,true,glindqvist,Mobility Services NA,Awaiting carrier confirmation,2026-01-31,glindqvist,2026-01-31,Number Port,karen.thomas,,Port personal number to corporate account for Karen Thomas (United States),Karen Thomas,
RITM1045473,4 - Low,Closed Complete,North America,United States,Tom Okafor,General mobility inquiry,sc_req_item,true,tokafor,Mobility Services NA,Request fulfilled via Tangoe,2024-11-06,tokafor,2024-10-29,N/A,nancy.singh,2024-11-06,General mobility inquiry for Nancy Singh (United States),Nancy Singh,Tom Okafor
RITM1045474,4 - Low,Closed Complete,North America,United States,Tom Okafor,Mobile device not working,sc_req_item,true,tokafor,Mobility Services NA,Request fulfilled via Tangoe,2026-06-06,tokafor,2026-06-06,Troubleshooting,patricia.scott,2026-06-06,Mobile device not working for Patricia Scott (United States),Patricia Scott,Tom Okafor
RITM1045475,2 - High,Closed Complete,North America,United States,Aisha Karim,Mobile device upgrade,sc_req_item,true,akarim,Mobility Services NA,Request fulfilled via Tangoe,2024-04-12,akarim,2024-04-10,Device Upgrade,omar.young,2024-04-12,Mobile device upgrade for Omar Young (United States),Omar Young,Aisha Karim
RITM1045476,4 - Low,Closed Complete,North America,United States,Tom Okafor,Cancel mobile line - employee departure,sc_req_item,true,tokafor,Mobility Services NA,Request fulfilled via Tangoe,2024-06-24,tokafor,2024-06-22,Line Cancellation,thomas.gonzalez,2024-06-24,Cancel mobile line - employee departure for Thomas Gonzalez (United States),Thomas Gonzalez,Tom Okafor
RITM1045477,2 - High,Closed Incomplete,North America,United States,Dana Whitfield,Lost or stolen device - suspend line,sc_req_item,true,dwhitfield,Mobility Services NA,Request fulfilled via Tangoe,2024-04-24,dwhitfield,2024-04-22,Lost/Stolen,michael.lewis,2024-04-24,Lost or stolen device - suspend line for Michael Lewis (United States),Michael Lewis,Dana Whitfield
RITM1045478,3 - Moderate,Closed Complete,North America,United States,Marco Bellini,International roaming plan for upcoming travel,sc_req_item,true,mbellini,Mobility Services NA,Request fulfilled via Tangoe,2025-03-27,mbellini,2025-03-26,International Travel,james.jackson,2025-03-27,International roaming plan for upcoming travel for James Jackson (United States),James Jackson,Marco Bellini
RITM1045479,4 - Low,Closed Complete,North America,United States,Grace Lindqvist,Mobile device not working,sc_req_item,true,glindqvist,Mobility Services NA,Request fulfilled via Tangoe,2025-11-07,glindqvist,2025-11-03,Troubleshooting,jessica.campbell,2025-11-07,Mobile device not working for Jessica Campbell (United States),Jessica Campbell,Grace Lindqvist
RITM1045480,4 - Low,Closed Complete,North America,United States,Tom Okafor,Mobile device not working,sc_req_item,true,tokafor,Mobility Services NA,Request fulfilled via Tangoe,2025-06-17,tokafor,2025-06-16,Troubleshooting,matthew.davis,2025-06-17,Mobile device not working for Matthew Davis (United States),Matthew Davis,Tom Okafor
RITM1045481,3 - Moderate,Closed Complete,North America,United States,Victor Hale,New mobile device request,sc_req_item,true,vhale,Mobility Services NA,Request fulfilled via Tangoe,2026-01-20,vhale,2026-01-10,New Device,david.walker,2026-01-20,New mobile device request for David Walker (United States),David Walker,Victor Hale
RITM1045482,3 - Moderate,Closed Complete,North America,United States,Tom Okafor,Cancel mobile line - employee departure,sc_req_item,true,tokafor,Mobility Services NA,Request fulfilled via Tangoe,2026-02-04,tokafor,2026-02-01,Line Cancellation,omar.singh,2026-02-04,Cancel mobile line - employee departure for Omar Singh (United States),Omar Singh,Tom Okafor
RITM1045483,4 - Low,Closed Complete,North America,Canada,Dana Whitfield,New mobile device request,sc_req_item,true,dwhitfield,Mobility Services NA,Request fulfilled via Tangoe,2024-04-26,dwhitfield,2024-04-22,New Device,carlos.roy,2024-04-26,New mobile device request for Carlos Roy (Canada),Carlos Roy,Dana Whitfield
RITM1045484,4 - Low,Closed Complete,North America,Canada,Victor Hale,Cancel mobile line - employee departure,sc_req_item,true,vhale,Mobility Services NA,Request fulfilled via Tangoe,2026-07-28,vhale,2026-07-24,Line Cancellation,charles.anderson,2026-07-28,Cancel mobile line - employee departure for Charles Anderson (Canada),Charles Anderson,Victor Hale
RITM1045485,4 - Low,Closed Complete,North America,United States,Tom Okafor,New mobile device request,sc_req_item,true,tokafor,Mobility Services NA,Request fulfilled via Tangoe,2026-02-18,tokafor,2026-02-12,New Device,noah.wright,2026-02-18,New mobile device request for Noah Wright (United States),Noah Wright,Tom Okafor
RITM1045486,3 - Moderate,Closed Complete,North America,United States,Marco Bellini,Mobile device not working,sc_req_item,true,mbellini,Mobility Services NA,Request fulfilled via Tangoe,2024-10-28,mbellini,2024-10-23,Troubleshooting,steven.young,2024-10-28,Mobile device not working for Steven Young (United States),Steven Young,Marco Bellini
RITM1045487,2 - High,Closed Incomplete,North America,United States,Grace Lindqvist,International roaming plan for upcoming travel,sc_req_item,true,glindqvist,Mobility Services NA,Request fulfilled via Tangoe,2026-03-30,glindqvist,2026-03-27,International Travel,carlos.flores,2026-03-30,International roaming plan for upcoming travel for Carlos Flores (United States),Carlos Flores,Grace Lindqvist
RITM1045488,3 - Moderate,Closed Complete,North America,United States,Grace Lindqvist,Cancel mobile line - employee departure,sc_req_item,true,glindqvist,Mobility Services NA,Request fulfilled via Tangoe,2026-06-29,glindqvist,2026-06-24,Line Cancellation,noah.wright,2026-06-29,Cancel mobile line - employee departure for Noah Wright (United States),Noah Wright,Grace Lindqvist
RITM1045489,4 - Low,Closed Complete,North America,United States,Dana Whitfield,Mobile device not working,sc_req_item,true,dwhitfield,Mobility Services NA,Request fulfilled via Tangoe,2026-02-24,dwhitfield,2026-02-23,Troubleshooting,wei.lopez,2026-02-24,Mobile device not working for Wei Lopez (United States),Wei Lopez,Dana Whitfield
RITM1045490,4 - Low,Closed Complete,North America,Canada,Tom Okafor,International roaming plan for upcoming travel,sc_req_item,true,tokafor,Mobility Services NA,Request fulfilled via Tangoe,2025-03-26,tokafor,2025-03-22,International Travel,elizabeth.tremblay,2025-03-26,International roaming plan for upcoming travel for Elizabeth Tremblay (Canada),Elizabeth Tremblay,Tom Okafor
RITM1045491,2 - High,Closed Complete,North America,United States,Marco Bellini,International roaming plan for upcoming travel,sc_req_item,true,mbellini,Mobility Services NA,Request fulfilled via Tangoe,2025-02-15,mbellini,2025-02-15,International Travel,liam.hall,2025-02-15,International roaming plan for upcoming travel for Liam Hall (United States),Liam Hall,Marco Bellini
RITM1045492,4 - Low,Closed Complete,North America,United States,Marco Bellini,Mobile device not working,sc_req_item,true,mbellini,Mobility Services NA,Request fulfilled via Tangoe,2026-07-21,mbellini,2026-07-15,Troubleshooting,emily.sanchez,2026-07-21,Mobile device not working for Emily Sanchez (United States),Emily Sanchez,Marco Bellini
RITM1045493,4 - Low,Closed Complete,North America,United States,Aisha Karim,Mobile device upgrade,sc_req_item,true,akarim,Mobility Services NA,Request fulfilled via Tangoe,2025-09-24,akarim,2025-09-23,Device Upgrade,robert.smith,2025-09-24,Mobile device upgrade for Robert Smith (United States),Robert Smith,Aisha Karim
RITM1045494,3 - Moderate,Closed Incomplete,North America,United States,Marco Bellini,Mobile device upgrade,sc_req_item,true,mbellini,Mobility Services NA,Request fulfilled via Tangoe,2026-03-26,mbellini,2026-03-22,Device Upgrade,kevin.thomas,2026-03-26,Mobile device upgrade for Kevin Thomas (United States),Kevin Thomas,Marco Bellini
RITM1045495,4 - Low,Open,North America,United States,Marco Bellini,Mobile device upgrade,sc_req_item,true,mbellini,Mobility Services NA,Awaiting carrier confirmation,2024-05-16,mbellini,2024-05-16,Device Upgrade,carlos.young,,Mobile device upgrade for Carlos Young (United States),Carlos Young,
RITM1045496,4 - Low,Closed Complete,North America,Canada,Victor Hale,Mobile device upgrade,sc_req_item,true,vhale,Mobility Services NA,Request fulfilled via Tangoe,2024-04-13,vhale,2024-04-13,Device Upgrade,michael.thompson,2024-04-13,Mobile device upgrade for Michael Thompson (Canada),Michael Thompson,Victor Hale
RITM1045497,3 - Moderate,Closed Complete,North America,United States,Marco Bellini,Mobile device not working,sc_req_item,true,mbellini,Mobility Services NA,Request fulfilled via Tangoe,2025-01-16,mbellini,2025-01-14,Troubleshooting,lisa.carter,2025-01-16,Mobile device not working for Lisa Carter (United States),Lisa Carter,Marco Bellini
RITM1045498,4 - Low,Closed Complete,North America,United States,Victor Hale,Mobile device upgrade,sc_req_item,true,vhale,Mobility Services NA,Request fulfilled via Tangoe,2024-12-23,vhale,2024-12-20,Device Upgrade,susan.baker,2024-12-23,Mobile device upgrade for Susan Baker (United States),Susan Baker,Victor Hale
RITM1045499,4 - Low,Closed Complete,North America,United States,Aisha Karim,Cancel mobile line - employee departure,sc_req_item,true,akarim,Mobility Services NA,Request fulfilled via Tangoe,2025-08-18,akarim,2025-08-12,Line Cancellation,carlos.patel,2025-08-18,Cancel mobile line - employee departure for Carlos Patel (United States),Carlos Patel,Aisha Karim
RITM1045500,4 - Low,Closed Complete,North America,United States,Tom Okafor,Port personal number to corporate account,sc_req_item,true,tokafor,Mobility Services NA,Request fulfilled via Tangoe,2024-02-08,tokafor,2024-02-05,Number Port,michael.baker,2024-02-08,Port personal number to corporate account for Michael Baker (United States),Michael Baker,Tom Okafor
RITM1045501,4 - Low,Open,North America,United States,Aisha Karim,Lost or stolen device - suspend line,sc_req_item,true,akarim,Mobility Services NA,Awaiting carrier confirmation,2024-04-28,akarim,2024-04-28,Lost/Stolen,joshua.harris,,Lost or stolen device - suspend line for Joshua Harris (United States),Joshua Harris,
RITM1045502,4 - Low,Closed Complete,North America,Canada,Marco Bellini,International roaming plan for upcoming travel,sc_req_item,true,mbellini,Mobility Services NA,Request fulfilled via Tangoe,2025-09-08,mbellini,2025-09-05,International Travel,anthony.smith,2025-09-08,International roaming plan for upcoming travel for Anthony Smith (Canada),Anthony Smith,Marco Bellini
RITM1045503,4 - Low,Closed Complete,North America,United States,Marco Bellini,Mobile device upgrade,sc_req_item,true,mbellini,Mobility Services NA,Request fulfilled via Tangoe,2025-03-04,mbellini,2025-03-02,Device Upgrade,sandra.miller,2025-03-04,Mobile device upgrade for Sandra Miller (United States),Sandra Miller,Marco Bellini
RITM1045504,4 - Low,Closed Complete,North America,United States,Aisha Karim,Mobile device not working,sc_req_item,true,akarim,Mobility Services NA,Request fulfilled via Tangoe,2025-07-04,akarim,2025-07-01,Troubleshooting,ethan.flores,2025-07-04,Mobile device not working for Ethan Flores (United States),Ethan Flores,Aisha Karim
RITM1045505,4 - Low,Closed Complete,North America,United States,Tom Okafor,General mobility inquiry,sc_req_item,true,tokafor,Mobility Services NA,Request fulfilled via Tangoe,2025-06-11,tokafor,2025-06-09,N/A,priya.kim,2025-06-11,General mobility inquiry for Priya Kim (United States),Priya Kim,Tom Okafor
RITM1045506,4 - Low,Closed Complete,North America,United States,Aisha Karim,New mobile device request,sc_req_item,true,akarim,Mobility Services NA,Request fulfilled via Tangoe,2025-06-19,akarim,2025-06-12,New Device,melissa.mitchell,2025-06-19,New mobile device request for Melissa Mitchell (United States),Melissa Mitchell,Aisha Karim
RITM1045507,4 - Low,Closed Complete,North America,Canada,Aisha Karim,Cancel mobile line - employee departure,sc_req_item,true,akarim,Mobility Services NA,Request fulfilled via Tangoe,2024-06-24,akarim,2024-06-24,Line Cancellation,yuki.green,2024-06-24,Cancel mobile line - employee departure for Yuki Green (Canada),Yuki Green,Aisha Karim
RITM1045508,4 - Low,Closed Complete,North America,Canada,Grace Lindqvist,Mobile device not working,sc_req_item,true,glindqvist,Mobility Services NA,Request fulfilled via Tangoe,2024-09-06,glindqvist,2024-09-06,Troubleshooting,thomas.mitchell,2024-09-06,Mobile device not working for Thomas Mitchell (Canada),Thomas Mitchell,Grace Lindqvist
RITM1045509,3 - Moderate,Closed Complete,North America,United States,Tom Okafor,International roaming plan for upcoming travel,sc_req_item,true,tokafor,Mobility Services NA,Request fulfilled via Tangoe,2025-12-19,tokafor,2025-12-16,International Travel,noah.novak,2025-12-19,International roaming plan for upcoming travel for Noah Novak (United States),Noah Novak,Tom Okafor
RITM1045510,4 - Low,Closed Complete,North America,United States,Grace Lindqvist,General mobility inquiry,sc_req_item,true,glindqvist,Mobility Services NA,Request fulfilled via Tangoe,2024-08-08,glindqvist,2024-08-03,N/A,emily.jackson,2024-08-08,General mobility inquiry for Emily Jackson (United States),Emily Jackson,Grace Lindqvist
RITM1045511,3 - Moderate,Closed Complete,North America,United States,Victor Hale,Mobile device not working,sc_req_item,true,vhale,Mobility Services NA,Request fulfilled via Tangoe,2024-06-28,vhale,2024-06-26,Troubleshooting,karen.moore,2024-06-28,Mobile device not working for Karen Moore (United States),Karen Moore,Victor Hale
RITM1045512,4 - Low,Closed Complete,North America,United States,Marco Bellini,Mobile device upgrade,sc_req_item,true,mbellini,Mobility Services NA,Request fulfilled via Tangoe,2026-07-09,mbellini,2026-07-07,Device Upgrade,jennifer.thomas,2026-07-09,Mobile device upgrade for Jennifer Thomas (United States),Jennifer Thomas,Marco Bellini
RITM1045513,3 - Moderate,Open,North America,Canada,Aisha Karim,Mobile device upgrade,sc_req_item,true,akarim,Mobility Services NA,Awaiting carrier confirmation,2026-09-11,akarim,2026-09-11,Device Upgrade,fatima.nguyen,,Mobile device upgrade for Fatima Nguyen (Canada),Fatima Nguyen,
RITM1045514,4 - Low,Closed Complete,North America,United States,Aisha Karim,Mobile device upgrade,sc_req_item,true,akarim,Mobility Services NA,Request fulfilled via Tangoe,2024-07-17,akarim,2024-07-13,Device Upgrade,susan.harris,2024-07-17,Mobile device upgrade for Susan Harris (United States),Susan Harris,Aisha Karim
RITM1045515,4 - Low,Closed Complete,North America,United States,Dana Whitfield,New mobile device request,sc_req_item,true,dwhitfield,Mobility Services NA,Request fulfilled via Tangoe,2024-11-08,dwhitfield,2024-11-06,New Device,yuki.king,2024-11-08,New mobile device request for Yuki King (United States),Yuki King,Dana Whitfield
RITM1045516,4 - Low,Work in Progress,North America,United States,Tom Okafor,Mobile device not working,sc_req_item,true,tokafor,Mobility Services NA,Awaiting carrier confirmation,2024-03-01,tokafor,2024-03-01,Troubleshooting,michelle.king,,Mobile device not working for Michelle King (United States),Michelle King,
RITM1045517,3 - Moderate,Closed Complete,North America,United States,Tom Okafor,Cancel mobile line - employee departure,sc_req_item,true,tokafor,Mobility Services NA,Request fulfilled via Tangoe,2025-09-19,tokafor,2025-09-09,Line Cancellation,hiroshi.perez,2025-09-19,Cancel mobile line - employee departure for Hiroshi Perez (United States),Hiroshi Perez,Tom Okafor
RITM1045518,3 - Moderate,Open,North America,United States,Dana Whitfield,Mobile device not working,sc_req_item,true,dwhitfield,Mobility Services NA,Awaiting carrier confirmation,2025-09-21,dwhitfield,2025-09-21,Troubleshooting,sofia.wright,,Mobile device not working for Sofia Wright (United States),Sofia Wright,
RITM1045519,3 - Moderate,Closed Complete,North America,United States,Dana Whitfield,International roaming plan for upcoming travel,sc_req_item,true,dwhitfield,Mobility Services NA,Request fulfilled via Tangoe,2024-01-04,dwhitfield,2024-01-04,International Travel,olga.campbell,2024-01-04,International roaming plan for upcoming travel for Olga Campbell (United States),Olga Campbell,Dana Whitfield
RITM1045520,4 - Low,Closed Complete,North America,United States,Aisha Karim,General mobility inquiry,sc_req_item,true,akarim,Mobility Services NA,Request fulfilled via Tangoe,2024-11-24,akarim,2024-11-24,N/A,jessica.martinez,2024-11-24,General mobility inquiry for Jessica Martinez (United States),Jessica Martinez,Aisha Karim
RITM1045521,4 - Low,Closed Complete,North America,United States,Dana Whitfield,Mobile device not working,sc_req_item,true,dwhitfield,Mobility Services NA,Request fulfilled via Tangoe,2024-04-08,dwhitfield,2024-04-04,Troubleshooting,emily.clark,2024-04-08,Mobile device not working for Emily Clark (United States),Emily Clark,Dana Whitfield
RITM1045522,4 - Low,Closed Complete,North America,United States,Victor Hale,Mobile device upgrade,sc_req_item,true,vhale,Mobility Services NA,Request fulfilled via Tangoe,2026-07-27,vhale,2026-07-24,Device Upgrade,amanda.walker,2026-07-27,Mobile device upgrade for Amanda Walker (United States),Amanda Walker,Victor Hale
RITM1045523,2 - High,Closed Complete,North America,United States,Tom Okafor,New mobile device request,sc_req_item,true,tokafor,Mobility Services NA,Request fulfilled via Tangoe,2025-10-30,tokafor,2025-10-30,New Device,fatima.garcia,2025-10-30,New mobile device request for Fatima Garcia (United States),Fatima Garcia,Tom Okafor
RITM1045524,4 - Low,Closed Complete,North America,United States,Tom Okafor,New mobile device request,sc_req_item,true,tokafor,Mobility Services NA,Request fulfilled via Tangoe,2025-03-17,tokafor,2025-03-15,New Device,zoe.thompson,2025-03-17,New mobile device request for Zoe Thompson (United States),Zoe Thompson,Tom Okafor
RITM1045525,4 - Low,Closed Complete,North America,United States,Aisha Karim,Cancel mobile line - employee departure,sc_req_item,true,akarim,Mobility Services NA,Request fulfilled via Tangoe,2024-11-18,akarim,2024-11-12,Line Cancellation,robert.rivera,2024-11-18,Cancel mobile line - employee departure for Robert Rivera (United States),Robert Rivera,Aisha Karim
RITM1045526,3 - Moderate,Closed Complete,North America,United States,Dana Whitfield,Mobile device not working,sc_req_item,true,dwhitfield,Mobility Services NA,Request fulfilled via Tangoe,2024-04-10,dwhitfield,2024-04-10,Troubleshooting,leila.moore,2024-04-10,Mobile device not working for Leila Moore (United States),Leila Moore,Dana Whitfield
RITM1045527,4 - Low,Closed Complete,North America,United States,Tom Okafor,Mobile device upgrade,sc_req_item,true,tokafor,Mobility Services NA,Request fulfilled via Tangoe,2026-02-06,tokafor,2026-02-05,Device Upgrade,mateo.kim,2026-02-06,Mobile device upgrade for Mateo Kim (United States),Mateo Kim,Tom Okafor
RITM1045528,4 - Low,Closed Complete,North America,United States,Dana Whitfield,Mobile device not working,sc_req_item,true,dwhitfield,Mobility Services NA,Request fulfilled via Tangoe,2026-05-18,dwhitfield,2026-05-17,Troubleshooting,ashley.flores,2026-05-18,Mobile device not working for Ashley Flores (United States),Ashley Flores,Dana Whitfield
RITM1045529,4 - Low,Closed Complete,North America,Canada,Grace Lindqvist,International roaming plan for upcoming travel,sc_req_item,true,glindqvist,Mobility Services NA,Request fulfilled via Tangoe,2026-06-19,glindqvist,2026-06-18,International Travel,ashley.white,2026-06-19,International roaming plan for upcoming travel for Ashley White (Canada),Ashley White,Grace Lindqvist
RITM1045530,2 - High,Closed Complete,North America,United States,Aisha Karim,Lost or stolen device - suspend line,sc_req_item,true,akarim,Mobility Services NA,Request fulfilled via Tangoe,2024-06-18,akarim,2024-06-16,Lost/Stolen,noah.torres,2024-06-18,Lost or stolen device - suspend line for Noah Torres (United States),Noah Torres,Aisha Karim
RITM1045531,4 - Low,Closed Complete,North America,United States,Dana Whitfield,Mobile device upgrade,sc_req_item,true,dwhitfield,Mobility Services NA,Request fulfilled via Tangoe,2024-09-24,dwhitfield,2024-09-20,Device Upgrade,chloe.white,2024-09-24,Mobile device upgrade for Chloe White (United States),Chloe White,Dana Whitfield
RITM1045532,4 - Low,Closed Complete,North America,Canada,Grace Lindqvist,Mobile device upgrade,sc_req_item,true,glindqvist,Mobility Services NA,Request fulfilled via Tangoe,2024-03-22,glindqvist,2024-03-19,Device Upgrade,chloe.white,2024-03-22,Mobile device upgrade for Chloe White (Canada),Chloe White,Grace Lindqvist
RITM1045533,4 - Low,Closed Complete,North America,United States,Tom Okafor,International roaming plan for upcoming travel,sc_req_item,true,tokafor,Mobility Services NA,Request fulfilled via Tangoe,2026-06-30,tokafor,2026-06-27,International Travel,wei.rivera,2026-06-30,International roaming plan for upcoming travel for Wei Rivera (United States),Wei Rivera,Tom Okafor
RITM1045534,4 - Low,Closed Complete,North America,United States,Marco Bellini,Mobile device upgrade,sc_req_item,true,mbellini,Mobility Services NA,Request fulfilled via Tangoe,2024-02-15,mbellini,2024-02-11,Device Upgrade,carlos.adams,2024-02-15,Mobile device upgrade for Carlos Adams (United States),Carlos Adams,Marco Bellini
RITM1045535,3 - Moderate,Closed Complete,North America,United States,Dana Whitfield,Mobile device upgrade,sc_req_item,true,dwhitfield,Mobility Services NA,Request fulfilled via Tangoe,2026-07-10,dwhitfield,2026-07-03,Device Upgrade,mark.chen,2026-07-10,Mobile device upgrade for Mark Chen (United States),Mark Chen,Dana Whitfield
RITM1045536,4 - Low,Closed Complete,North America,United States,Victor Hale,Mobile device upgrade,sc_req_item,true,vhale,Mobility Services NA,Request fulfilled via Tangoe,2025-07-03,vhale,2025-06-30,Device Upgrade,steven.nelson,2025-07-03,Mobile device upgrade for Steven Nelson (United States),Steven Nelson,Victor Hale
RITM1045537,3 - Moderate,Closed Complete,North America,United States,Tom Okafor,New mobile device request,sc_req_item,true,tokafor,Mobility Services NA,Request fulfilled via Tangoe,2024-10-08,tokafor,2024-10-05,New Device,elizabeth.young,2024-10-08,New mobile device request for Elizabeth Young (United States),Elizabeth Young,Tom Okafor
RITM1045538,4 - Low,Closed Complete,North America,Canada,Dana Whitfield,Mobile device upgrade,sc_req_item,true,dwhitfield,Mobility Services NA,Request fulfilled via Tangoe,2025-12-16,dwhitfield,2025-12-09,Device Upgrade,andrew.lee,2025-12-16,Mobile device upgrade for Andrew Lee (Canada),Andrew Lee,Dana Whitfield
RITM1045539,4 - Low,Closed Complete,North America,United States,Marco Bellini,New mobile device request,sc_req_item,true,mbellini,Mobility Services NA,Request fulfilled via Tangoe,2026-02-24,mbellini,2026-02-13,New Device,anthony.smith,2026-02-24,New mobile device request for Anthony Smith (United States),Anthony Smith,Marco Bellini
RITM1045540,2 - High,Closed Complete,North America,United States,Victor Hale,Mobile device not working,sc_req_item,true,vhale,Mobility Services NA,Request fulfilled via Tangoe,2026-07-02,vhale,2026-07-01,Troubleshooting,brian.ramirez,2026-07-02,Mobile device not working for Brian Ramirez (United States),Brian Ramirez,Victor Hale
RITM1045541,4 - Low,Closed Complete,North America,Canada,Aisha Karim,Cancel mobile line - employee departure,sc_req_item,true,akarim,Mobility Services NA,Request fulfilled via Tangoe,2026-01-24,akarim,2026-01-24,Line Cancellation,priya.wright,2026-01-24,Cancel mobile line - employee departure for Priya Wright (Canada),Priya Wright,Aisha Karim
RITM1045542,4 - Low,Closed Complete,North America,United States,Tom Okafor,International roaming plan for upcoming travel,sc_req_item,true,tokafor,Mobility Services NA,Request fulfilled via Tangoe,2026-04-27,tokafor,2026-04-22,International Travel,zoe.young,2026-04-27,International roaming plan for upcoming travel for Zoe Young (United States),Zoe Young,Tom Okafor
RITM1045543,4 - Low,Closed Complete,North America,United States,Tom Okafor,Cancel mobile line - employee departure,sc_req_item,true,tokafor,Mobility Services NA,Request fulfilled via Tangoe,2024-09-09,tokafor,2024-09-07,Line Cancellation,priya.nguyen,2024-09-09,Cancel mobile line - employee departure for Priya Nguyen (United States),Priya Nguyen,Tom Okafor
RITM1045544,4 - Low,Closed Complete,North America,United States,Aisha Karim,New mobile device request,sc_req_item,true,akarim,Mobility Services NA,Request fulfilled via Tangoe,2026-03-11,akarim,2026-03-03,New Device,ethan.campbell,2026-03-11,New mobile device request for Ethan Campbell (United States),Ethan Campbell,Aisha Karim
RITM1045545,4 - Low,Closed Complete,North America,United States,Marco Bellini,Mobile device upgrade,sc_req_item,true,mbellini,Mobility Services NA,Request fulfilled via Tangoe,2026-05-30,mbellini,2026-05-30,Device Upgrade,betty.robinson,2026-05-30,Mobile device upgrade for Betty Robinson (United States),Betty Robinson,Marco Bellini
RITM1045546,4 - Low,Closed Complete,North America,United States,Marco Bellini,Port personal number to corporate account,sc_req_item,true,mbellini,Mobility Services NA,Request fulfilled via Tangoe,2024-02-14,mbellini,2024-02-07,Number Port,yuki.jones,2024-02-14,Port personal number to corporate account for Yuki Jones (United States),Yuki Jones,Marco Bellini
RITM1045547,2 - High,Closed Complete,North America,United States,Grace Lindqvist,International roaming plan for upcoming travel,sc_req_item,true,glindqvist,Mobility Services NA,Request fulfilled via Tangoe,2025-11-10,glindqvist,2025-11-04,International Travel,jessica.martin,2025-11-10,International roaming plan for upcoming travel for Jessica Martin (United States),Jessica Martin,Grace Lindqvist
RITM1045548,3 - Moderate,Closed Complete,North America,United States,Victor Hale,New mobile device request,sc_req_item,true,vhale,Mobility Services NA,Request fulfilled via Tangoe,2025-11-20,vhale,2025-11-17,New Device,yuki.campbell,2025-11-20,New mobile device request for Yuki Campbell (United States),Yuki Campbell,Victor Hale
RITM1045549,4 - Low,Closed Complete,North America,United States,Victor Hale,Mobile device not working,sc_req_item,true,vhale,Mobility Services NA,Request fulfilled via Tangoe,2025-04-18,vhale,2025-04-16,Troubleshooting,ana.walker,2025-04-18,Mobile device not working for Ana Walker (United States),Ana Walker,Victor Hale
RITM1045550,2 - High,Closed Complete,North America,United States,Grace Lindqvist,Mobile device upgrade,sc_req_item,true,glindqvist,Mobility Services NA,Request fulfilled via Tangoe,2024-01-19,glindqvist,2024-01-12,Device Upgrade,carlos.thompson,2024-01-19,Mobile device upgrade for Carlos Thompson (United States),Carlos Thompson,Grace Lindqvist
RITM1045551,3 - Moderate,Closed Incomplete,North America,United States,Victor Hale,Mobile device not working,sc_req_item,true,vhale,Mobility Services NA,Request fulfilled via Tangoe,2026-03-25,vhale,2026-03-22,Troubleshooting,jennifer.walker,2026-03-25,Mobile device not working for Jennifer Walker (United States),Jennifer Walker,Victor Hale
RITM1045552,4 - Low,Closed Complete,North America,United States,Marco Bellini,Mobile device upgrade,sc_req_item,true,mbellini,Mobility Services NA,Request fulfilled via Tangoe,2024-03-22,mbellini,2024-03-20,Device Upgrade,nancy.rodriguez,2024-03-22,Mobile device upgrade for Nancy Rodriguez (United States),Nancy Rodriguez,Marco Bellini
RITM1045553,4 - Low,Closed Complete,North America,Canada,Dana Whitfield,Mobile device upgrade,sc_req_item,true,dwhitfield,Mobility Services NA,Request fulfilled via Tangoe,2025-03-13,dwhitfield,2025-03-08,Device Upgrade,zoe.singh,2025-03-13,Mobile device upgrade for Zoe Singh (Canada),Zoe Singh,Dana Whitfield
RITM1045554,4 - Low,Work in Progress,North America,United States,Victor Hale,New mobile device request,sc_req_item,true,vhale,Mobility Services NA,Awaiting carrier confirmation,2026-08-30,vhale,2026-08-30,New Device,brian.wilson,,New mobile device request for Brian Wilson (United States),Brian Wilson,
RITM1045555,3 - Moderate,Closed Complete,North America,United States,Grace Lindqvist,New mobile device request,sc_req_item,true,glindqvist,Mobility Services NA,Request fulfilled via Tangoe,2024-11-08,glindqvist,2024-11-04,New Device,hiroshi.king,2024-11-08,New mobile device request for Hiroshi King (United States),Hiroshi King,Grace Lindqvist
RITM1045556,4 - Low,Closed Complete,North America,United States,Aisha Karim,Mobile device upgrade,sc_req_item,true,akarim,Mobility Services NA,Request fulfilled via Tangoe,2026-03-14,akarim,2026-03-14,Device Upgrade,ethan.martin,2026-03-14,Mobile device upgrade for Ethan Martin (United States),Ethan Martin,Aisha Karim
RITM1045557,3 - Moderate,Closed Complete,North America,United States,Tom Okafor,Cancel mobile line - employee departure,sc_req_item,true,tokafor,Mobility Services NA,Request fulfilled via Tangoe,2024-09-02,tokafor,2024-08-29,Line Cancellation,leila.garcia,2024-09-02,Cancel mobile line - employee departure for Leila Garcia (United States),Leila Garcia,Tom Okafor
RITM1045558,3 - Moderate,Closed Complete,North America,United States,Dana Whitfield,New mobile device request,sc_req_item,true,dwhitfield,Mobility Services NA,Request fulfilled via Tangoe,2024-08-08,dwhitfield,2024-08-08,New Device,anthony.harris,2024-08-08,New mobile device request for Anthony Harris (United States),Anthony Harris,Dana Whitfield
RITM1045559,4 - Low,Closed Complete,North America,United States,Grace Lindqvist,Mobile device upgrade,sc_req_item,true,glindqvist,Mobility Services NA,Request fulfilled via Tangoe,2025-09-18,glindqvist,2025-09-17,Device Upgrade,ahmed.novak,2025-09-18,Mobile device upgrade for Ahmed Novak (United States),Ahmed Novak,Grace Lindqvist
RITM1045560,4 - Low,Closed Complete,North America,Canada,Dana Whitfield,Mobile device upgrade,sc_req_item,true,dwhitfield,Mobility Services NA,Request fulfilled via Tangoe,2024-10-14,dwhitfield,2024-10-08,Device Upgrade,ava.young,2024-10-14,Mobile device upgrade for Ava Young (Canada),Ava Young,Dana Whitfield
RITM1045561,3 - Moderate,Closed Complete,North America,United States,Tom Okafor,Mobile device not working,sc_req_item,true,tokafor,Mobility Services NA,Request fulfilled via Tangoe,2024-01-17,tokafor,2024-01-12,Troubleshooting,raj.nelson,2024-01-17,Mobile device not working for Raj Nelson (United States),Raj Nelson,Tom Okafor
RITM1045562,4 - Low,Closed Complete,North America,United States,Aisha Karim,Mobile device upgrade,sc_req_item,true,akarim,Mobility Services NA,Request fulfilled via Tangoe,2026-01-12,akarim,2026-01-12,Device Upgrade,michelle.wright,2026-01-12,Mobile device upgrade for Michelle Wright (United States),Michelle Wright,Aisha Karim
RITM1045563,4 - Low,Closed Complete,North America,United States,Dana Whitfield,International roaming plan for upcoming travel,sc_req_item,true,dwhitfield,Mobility Services NA,Request fulfilled via Tangoe,2025-05-14,dwhitfield,2025-05-09,International Travel,barbara.roberts,2025-05-14,International roaming plan for upcoming travel for Barbara Roberts (United States),Barbara Roberts,Dana Whitfield
RITM1045564,2 - High,Closed Complete,North America,United States,Grace Lindqvist,Mobile device not working,sc_req_item,true,glindqvist,Mobility Services NA,Request fulfilled via Tangoe,2024-11-21,glindqvist,2024-11-11,Troubleshooting,joseph.rodriguez,2024-11-21,Mobile device not working for Joseph Rodriguez (United States),Joseph Rodriguez,Grace Lindqvist
RITM1045565,4 - Low,Closed Complete,North America,United States,Victor Hale,International roaming plan for upcoming travel,sc_req_item,true,vhale,Mobility Services NA,Request fulfilled via Tangoe,2024-03-13,vhale,2024-03-10,International Travel,hiroshi.lee,2024-03-13,International roaming plan for upcoming travel for Hiroshi Lee (United States),Hiroshi Lee,Victor Hale
RITM1045566,2 - High,Closed Complete,North America,United States,Grace Lindqvist,Mobile device upgrade,sc_req_item,true,glindqvist,Mobility Services NA,Request fulfilled via Tangoe,2024-05-06,glindqvist,2024-04-27,Device Upgrade,sandra.baker,2024-05-06,Mobile device upgrade for Sandra Baker (United States),Sandra Baker,Grace Lindqvist
RITM1045567,3 - Moderate,Closed Complete,North America,United States,Marco Bellini,International roaming plan for upcoming travel,sc_req_item,true,mbellini,Mobility Services NA,Request fulfilled via Tangoe,2024-04-02,mbellini,2024-03-28,International Travel,jessica.patel,2024-04-02,International roaming plan for upcoming travel for Jessica Patel (United States),Jessica Patel,Marco Bellini
RITM1045568,3 - Moderate,Closed Complete,North America,United States,Aisha Karim,Mobile device upgrade,sc_req_item,true,akarim,Mobility Services NA,Request fulfilled via Tangoe,2026-06-03,akarim,2026-05-31,Device Upgrade,noah.carter,2026-06-03,Mobile device upgrade for Noah Carter (United States),Noah Carter,Aisha Karim
RITM1045569,3 - Moderate,Closed Complete,North America,United States,Grace Lindqvist,International roaming plan for upcoming travel,sc_req_item,true,glindqvist,Mobility Services NA,Request fulfilled via Tangoe,2025-04-23,glindqvist,2025-04-23,International Travel,steven.young,2025-04-23,International roaming plan for upcoming travel for Steven Young (United States),Steven Young,Grace Lindqvist
RITM1045570,4 - Low,Closed Complete,North America,United States,Victor Hale,New mobile device request,sc_req_item,true,vhale,Mobility Services NA,Request fulfilled via Tangoe,2024-12-18,vhale,2024-12-15,New Device,linda.torres,2024-12-18,New mobile device request for Linda Torres (United States),Linda Torres,Victor Hale
RITM1045571,4 - Low,Closed Complete,North America,United States,Grace Lindqvist,New mobile device request,sc_req_item,true,glindqvist,Mobility Services NA,Request fulfilled via Tangoe,2024-06-13,glindqvist,2024-06-09,New Device,stephanie.tremblay,2024-06-13,New mobile device request for Stephanie Tremblay (United States),Stephanie Tremblay,Grace Lindqvist
RITM1045572,3 - Moderate,Closed Incomplete,North America,Canada,Marco Bellini,New mobile device request,sc_req_item,true,mbellini,Mobility Services NA,Request fulfilled via Tangoe,2024-04-18,mbellini,2024-04-15,New Device,melissa.garcia,2024-04-18,New mobile device request for Melissa Garcia (Canada),Melissa Garcia,Marco Bellini
RITM1045573,4 - Low,Closed Complete,North America,United States,Aisha Karim,Mobile device not working,sc_req_item,true,akarim,Mobility Services NA,Request fulfilled via Tangoe,2024-08-22,akarim,2024-08-18,Troubleshooting,thomas.anderson,2024-08-22,Mobile device not working for Thomas Anderson (United States),Thomas Anderson,Aisha Karim
RITM1045574,4 - Low,Work in Progress,North America,United States,Dana Whitfield,Mobile device upgrade,sc_req_item,true,dwhitfield,Mobility Services NA,Awaiting carrier confirmation,2026-09-03,dwhitfield,2026-09-03,Device Upgrade,charles.lewis,,Mobile device upgrade for Charles Lewis (United States),Charles Lewis,
RITM1045575,3 - Moderate,Closed Complete,North America,United States,Dana Whitfield,Mobile device not working,sc_req_item,true,dwhitfield,Mobility Services NA,Request fulfilled via Tangoe,2024-03-12,dwhitfield,2024-03-11,Troubleshooting,carlos.clark,2024-03-12,Mobile device not working for Carlos Clark (United States),Carlos Clark,Dana Whitfield
RITM1045576,4 - Low,Closed Complete,North America,United States,Aisha Karim,Mobile device upgrade,sc_req_item,true,akarim,Mobility Services NA,Request fulfilled via Tangoe,2026-06-22,akarim,2026-06-18,Device Upgrade,carlos.patel,2026-06-22,Mobile device upgrade for Carlos Patel (United States),Carlos Patel,Aisha Karim
RITM1045577,4 - Low,Closed Complete,North America,United States,Victor Hale,Mobile device not working,sc_req_item,true,vhale,Mobility Services NA,Request fulfilled via Tangoe,2026-08-06,vhale,2026-08-01,Troubleshooting,michelle.rivera,2026-08-06,Mobile device not working for Michelle Rivera (United States),Michelle Rivera,Victor Hale
RITM1045578,4 - Low,Closed Complete,North America,Canada,Marco Bellini,Mobile device upgrade,sc_req_item,true,mbellini,Mobility Services NA,Request fulfilled via Tangoe,2025-06-17,mbellini,2025-06-16,Device Upgrade,leila.davis,2025-06-17,Mobile device upgrade for Leila Davis (Canada),Leila Davis,Marco Bellini
RITM1045579,4 - Low,Closed Complete,North America,Canada,Tom Okafor,International roaming plan for upcoming travel,sc_req_item,true,tokafor,Mobility Services NA,Request fulfilled via Tangoe,2026-04-22,tokafor,2026-04-16,International Travel,mateo.white,2026-04-22,International roaming plan for upcoming travel for Mateo White (Canada),Mateo White,Tom Okafor
RITM1045580,3 - Moderate,Closed Complete,North America,United States,Dana Whitfield,Mobile device not working,sc_req_item,true,dwhitfield,Mobility Services NA,Request fulfilled via Tangoe,2024-10-17,dwhitfield,2024-10-10,Troubleshooting,yuki.lee,2024-10-17,Mobile device not working for Yuki Lee (United States),Yuki Lee,Dana Whitfield
RITM1045581,4 - Low,Open,North America,United States,Marco Bellini,International roaming plan for upcoming travel,sc_req_item,true,mbellini,Mobility Services NA,Awaiting carrier confirmation,2025-06-20,mbellini,2025-06-20,International Travel,ethan.roberts,,International roaming plan for upcoming travel for Ethan Roberts (United States),Ethan Roberts,
RITM1045582,4 - Low,Closed Complete,North America,United States,Victor Hale,Lost or stolen device - suspend line,sc_req_item,true,vhale,Mobility Services NA,Request fulfilled via Tangoe,2025-05-12,vhale,2025-05-11,Lost/Stolen,elizabeth.tremblay,2025-05-12,Lost or stolen device - suspend line for Elizabeth Tremblay (United States),Elizabeth Tremblay,Victor Hale
RITM1045583,4 - Low,Closed Complete,North America,United States,Aisha Karim,International roaming plan for upcoming travel,sc_req_item,true,akarim,Mobility Services NA,Request fulfilled via Tangoe,2026-02-27,akarim,2026-02-22,International Travel,mateo.white,2026-02-27,International roaming plan for upcoming travel for Mateo White (United States),Mateo White,Aisha Karim
RITM1045584,4 - Low,Closed Complete,North America,United States,Tom Okafor,Lost or stolen device - suspend line,sc_req_item,true,tokafor,Mobility Services NA,Request fulfilled via Tangoe,2025-07-01,tokafor,2025-06-28,Lost/Stolen,mark.nelson,2025-07-01,Lost or stolen device - suspend line for Mark Nelson (United States),Mark Nelson,Tom Okafor
RITM1045585,3 - Moderate,Closed Complete,North America,United States,Grace Lindqvist,Port personal number to corporate account,sc_req_item,true,glindqvist,Mobility Services NA,Request fulfilled via Tangoe,2024-03-29,glindqvist,2024-03-29,Number Port,elizabeth.gonzalez,2024-03-29,Port personal number to corporate account for Elizabeth Gonzalez (United States),Elizabeth Gonzalez,Grace Lindqvist
RITM1045586,3 - Moderate,Closed Complete,North America,United States,Tom Okafor,Lost or stolen device - suspend line,sc_req_item,true,tokafor,Mobility Services NA,Request fulfilled via Tangoe,2026-01-30,tokafor,2026-01-26,Lost/Stolen,omar.king,2026-01-30,Lost or stolen device - suspend line for Omar King (United States),Omar King,Tom Okafor
RITM1045587,3 - Moderate,Closed Complete,North America,United States,Marco Bellini,New mobile device request,sc_req_item,true,mbellini,Mobility Services NA,Request fulfilled via Tangoe,2024-09-17,mbellini,2024-09-15,New Device,noah.tremblay,2024-09-17,New mobile device request for Noah Tremblay (United States),Noah Tremblay,Marco Bellini
RITM1045588,4 - Low,Closed Complete,North America,United States,Victor Hale,Cancel mobile line - employee departure,sc_req_item,true,vhale,Mobility Services NA,Request fulfilled via Tangoe,2024-05-24,vhale,2024-05-23,Line Cancellation,ahmed.campbell,2024-05-24,Cancel mobile line - employee departure for Ahmed Campbell (United States),Ahmed Campbell,Victor Hale
RITM1045589,3 - Moderate,Work in Progress,North America,United States,Tom Okafor,New mobile device request,sc_req_item,true,tokafor,Mobility Services NA,Awaiting carrier confirmation,2026-03-17,tokafor,2026-03-17,New Device,wei.baker,,New mobile device request for Wei Baker (United States),Wei Baker,
RITM1045590,4 - Low,Closed Complete,North America,Canada,Tom Okafor,Mobile device upgrade,sc_req_item,true,tokafor,Mobility Services NA,Request fulfilled via Tangoe,2024-08-05,tokafor,2024-07-31,Device Upgrade,lisa.hall,2024-08-05,Mobile device upgrade for Lisa Hall (Canada),Lisa Hall,Tom Okafor
RITM1045591,4 - Low,Closed Complete,North America,United States,Aisha Karim,Mobile device upgrade,sc_req_item,true,akarim,Mobility Services NA,Request fulfilled via Tangoe,2025-09-02,akarim,2025-08-31,Device Upgrade,olga.taylor,2025-09-02,Mobile device upgrade for Olga Taylor (United States),Olga Taylor,Aisha Karim
RITM1045592,4 - Low,Closed Complete,North America,United States,Aisha Karim,New mobile device request,sc_req_item,true,akarim,Mobility Services NA,Request fulfilled via Tangoe,2026-09-15,akarim,2026-09-08,New Device,olga.hernandez,2026-09-15,New mobile device request for Olga Hernandez (United States),Olga Hernandez,Aisha Karim
RITM1045593,4 - Low,Closed Complete,North America,United States,Marco Bellini,International roaming plan for upcoming travel,sc_req_item,true,mbellini,Mobility Services NA,Request fulfilled via Tangoe,2025-09-22,mbellini,2025-09-21,International Travel,nancy.jackson,2025-09-22,International roaming plan for upcoming travel for Nancy Jackson (United States),Nancy Jackson,Marco Bellini
RITM1045594,4 - Low,Closed Complete,North America,United States,Dana Whitfield,Cancel mobile line - employee departure,sc_req_item,true,dwhitfield,Mobility Services NA,Request fulfilled via Tangoe,2025-08-28,dwhitfield,2025-08-26,Line Cancellation,jennifer.flores,2025-08-28,Cancel mobile line - employee departure for Jennifer Flores (United States),Jennifer Flores,Dana Whitfield
RITM1045595,4 - Low,Closed Complete,North America,United States,Marco Bellini,Port personal number to corporate account,sc_req_item,true,mbellini,Mobility Services NA,Request fulfilled via Tangoe,2025-07-28,mbellini,2025-07-28,Number Port,michael.king,2025-07-28,Port personal number to corporate account for Michael King (United States),Michael King,Marco Bellini
RITM1045596,2 - High,Closed Complete,North America,Canada,Aisha Karim,Lost or stolen device - suspend line,sc_req_item,true,akarim,Mobility Services NA,Request fulfilled via Tangoe,2024-03-05,akarim,2024-02-28,Lost/Stolen,mia.clark,2024-03-05,Lost or stolen device - suspend line for Mia Clark (Canada),Mia Clark,Aisha Karim
RITM1045597,4 - Low,Closed Complete,North America,United States,Tom Okafor,International roaming plan for upcoming travel,sc_req_item,true,tokafor,Mobility Services NA,Request fulfilled via Tangoe,2024-06-24,tokafor,2024-06-19,International Travel,james.thompson,2024-06-24,International roaming plan for upcoming travel for James Thompson (United States),James Thompson,Tom Okafor
RITM1045598,2 - High,Closed Complete,North America,United States,Grace Lindqvist,Mobile device upgrade,sc_req_item,true,glindqvist,Mobility Services NA,Request fulfilled via Tangoe,2024-03-29,glindqvist,2024-03-28,Device Upgrade,mark.chen,2024-03-29,Mobile device upgrade for Mark Chen (United States),Mark Chen,Grace Lindqvist
RITM1045599,4 - Low,Closed Complete,North America,United States,Dana Whitfield,Cancel mobile line - employee departure,sc_req_item,true,dwhitfield,Mobility Services NA,Request fulfilled via Tangoe,2026-04-09,dwhitfield,2026-04-04,Line Cancellation,brian.king,2026-04-09,Cancel mobile line - employee departure for Brian King (United States),Brian King,Dana Whitfield
RITM1045600,4 - Low,Closed Complete,North America,United States,Marco Bellini,New mobile device request,sc_req_item,true,mbellini,Mobility Services NA,Request fulfilled via Tangoe,2026-02-02,mbellini,2026-01-29,New Device,karen.nguyen,2026-02-02,New mobile device request for Karen Nguyen (United States),Karen Nguyen,Marco Bellini
RITM1045601,3 - Moderate,Closed Complete,North America,United States,Grace Lindqvist,New mobile device request,sc_req_item,true,glindqvist,Mobility Services NA,Request fulfilled via Tangoe,2025-02-17,glindqvist,2025-02-11,New Device,sofia.carter,2025-02-17,New mobile device request for Sofia Carter (United States),Sofia Carter,Grace Lindqvist
RITM1045602,4 - Low,Closed Complete,North America,United States,Grace Lindqvist,New mobile device request,sc_req_item,true,glindqvist,Mobility Services NA,Request fulfilled via Tangoe,2024-01-26,glindqvist,2024-01-21,New Device,sofia.wilson,2024-01-26,New mobile device request for Sofia Wilson (United States),Sofia Wilson,Grace Lindqvist
RITM1045603,3 - Moderate,Closed Complete,North America,United States,Dana Whitfield,Mobile device not working,sc_req_item,true,dwhitfield,Mobility Services NA,Request fulfilled via Tangoe,2024-08-22,dwhitfield,2024-08-18,Troubleshooting,jessica.thomas,2024-08-22,Mobile device not working for Jessica Thomas (United States),Jessica Thomas,Dana Whitfield
RITM1045604,4 - Low,Closed Complete,North America,United States,Grace Lindqvist,Mobile device upgrade,sc_req_item,true,glindqvist,Mobility Services NA,Request fulfilled via Tangoe,2025-09-17,glindqvist,2025-09-15,Device Upgrade,andrew.lewis,2025-09-17,Mobile device upgrade for Andrew Lewis (United States),Andrew Lewis,Grace Lindqvist
RITM1045605,4 - Low,Closed Incomplete,North America,United States,Victor Hale,Mobile device not working,sc_req_item,true,vhale,Mobility Services NA,Request fulfilled via Tangoe,2025-01-09,vhale,2025-01-01,Troubleshooting,brian.hill,2025-01-09,Mobile device not working for Brian Hill (United States),Brian Hill,Victor Hale
RITM1045606,4 - Low,Closed Complete,North America,United States,Tom Okafor,Mobile device upgrade,sc_req_item,true,tokafor,Mobility Services NA,Request fulfilled via Tangoe,2025-09-09,tokafor,2025-09-04,Device Upgrade,joshua.mitchell,2025-09-09,Mobile device upgrade for Joshua Mitchell (United States),Joshua Mitchell,Tom Okafor
RITM1045607,2 - High,Closed Complete,North America,United States,Grace Lindqvist,Mobile device not working,sc_req_item,true,glindqvist,Mobility Services NA,Request fulfilled via Tangoe,2025-08-01,glindqvist,2025-07-28,Troubleshooting,joseph.brown,2025-08-01,Mobile device not working for Joseph Brown (United States),Joseph Brown,Grace Lindqvist
RITM1045608,3 - Moderate,Closed Complete,North America,United States,Dana Whitfield,General mobility inquiry,sc_req_item,true,dwhitfield,Mobility Services NA,Request fulfilled via Tangoe,2025-03-20,dwhitfield,2025-03-12,N/A,ashley.flores,2025-03-20,General mobility inquiry for Ashley Flores (United States),Ashley Flores,Dana Whitfield
RITM1045609,2 - High,Closed Complete,North America,United States,Grace Lindqvist,International roaming plan for upcoming travel,sc_req_item,true,glindqvist,Mobility Services NA,Request fulfilled via Tangoe,2026-08-10,glindqvist,2026-08-10,International Travel,stephanie.baker,2026-08-10,International roaming plan for upcoming travel for Stephanie Baker (United States),Stephanie Baker,Grace Lindqvist
RITM1045610,4 - Low,Open,North America,United States,Aisha Karim,Cancel mobile line - employee departure,sc_req_item,true,akarim,Mobility Services NA,Awaiting carrier confirmation,2024-04-14,akarim,2024-04-14,Line Cancellation,anthony.miller,,Cancel mobile line - employee departure for Anthony Miller (United States),Anthony Miller,
RITM1045611,3 - Moderate,Closed Complete,North America,Canada,Marco Bellini,Port personal number to corporate account,sc_req_item,true,mbellini,Mobility Services NA,Request fulfilled via Tangoe,2024-04-17,mbellini,2024-04-09,Number Port,nancy.thomas,2024-04-17,Port personal number to corporate account for Nancy Thomas (Canada),Nancy Thomas,Marco Bellini
RITM1045612,3 - Moderate,Closed Complete,North America,United States,Victor Hale,Mobile device not working,sc_req_item,true,vhale,Mobility Services NA,Request fulfilled via Tangoe,2025-02-07,vhale,2025-02-02,Troubleshooting,daniel.lopez,2025-02-07,Mobile device not working for Daniel Lopez (United States),Daniel Lopez,Victor Hale
RITM1045613,4 - Low,Closed Complete,North America,Canada,Grace Lindqvist,New mobile device request,sc_req_item,true,glindqvist,Mobility Services NA,Request fulfilled via Tangoe,2025-05-27,glindqvist,2025-05-20,New Device,mia.lee,2025-05-27,New mobile device request for Mia Lee (Canada),Mia Lee,Grace Lindqvist
RITM1045614,4 - Low,Work in Progress,North America,United States,Tom Okafor,Mobile device upgrade,sc_req_item,true,tokafor,Mobility Services NA,Awaiting carrier confirmation,2025-01-12,tokafor,2025-01-12,Device Upgrade,susan.carter,,Mobile device upgrade for Susan Carter (United States),Susan Carter,
RITM1045615,3 - Moderate,Closed Complete,North America,United States,Tom Okafor,Mobile device upgrade,sc_req_item,true,tokafor,Mobility Services NA,Request fulfilled via Tangoe,2024-08-22,tokafor,2024-08-17,Device Upgrade,jennifer.allen,2024-08-22,Mobile device upgrade for Jennifer Allen (United States),Jennifer Allen,Tom Okafor
RITM1045616,3 - Moderate,Closed Complete,North America,United States,Marco Bellini,New mobile device request,sc_req_item,true,mbellini,Mobility Services NA,Request fulfilled via Tangoe,2025-09-03,mbellini,2025-08-28,New Device,daniel.nelson,2025-09-03,New mobile device request for Daniel Nelson (United States),Daniel Nelson,Marco Bellini
RITM1045617,4 - Low,Closed Complete,North America,United States,Marco Bellini,General mobility inquiry,sc_req_item,true,mbellini,Mobility Services NA,Request fulfilled via Tangoe,2024-06-06,mbellini,2024-05-31,N/A,sarah.clark,2024-06-06,General mobility inquiry for Sarah Clark (United States),Sarah Clark,Marco Bellini
RITM1045618,3 - Moderate,Closed Complete,North America,United States,Aisha Karim,Mobile device not working,sc_req_item,true,akarim,Mobility Services NA,Request fulfilled via Tangoe,2025-09-16,akarim,2025-09-13,Troubleshooting,ethan.nelson,2025-09-16,Mobile device not working for Ethan Nelson (United States),Ethan Nelson,Aisha Karim
RITM1045619,4 - Low,Closed Complete,North America,United States,Grace Lindqvist,New mobile device request,sc_req_item,true,glindqvist,Mobility Services NA,Request fulfilled via Tangoe,2025-12-26,glindqvist,2025-12-24,New Device,jennifer.sanchez,2025-12-26,New mobile device request for Jennifer Sanchez (United States),Jennifer Sanchez,Grace Lindqvist
RITM1045620,4 - Low,Closed Complete,North America,United States,Aisha Karim,Mobile device upgrade,sc_req_item,true,akarim,Mobility Services NA,Request fulfilled via Tangoe,2025-12-03,akarim,2025-12-03,Device Upgrade,daniel.hernandez,2025-12-03,Mobile device upgrade for Daniel Hernandez (United States),Daniel Hernandez,Aisha Karim
RITM1045621,3 - Moderate,Closed Complete,North America,United States,Grace Lindqvist,New mobile device request,sc_req_item,true,glindqvist,Mobility Services NA,Request fulfilled via Tangoe,2026-07-08,glindqvist,2026-07-08,New Device,john.thomas,2026-07-08,New mobile device request for John Thomas (United States),John Thomas,Grace Lindqvist
RITM1045622,4 - Low,Closed Complete,North America,United States,Aisha Karim,Mobile device upgrade,sc_req_item,true,akarim,Mobility Services NA,Request fulfilled via Tangoe,2024-08-05,akarim,2024-08-01,Device Upgrade,sarah.green,2024-08-05,Mobile device upgrade for Sarah Green (United States),Sarah Green,Aisha Karim
RITM1045623,4 - Low,Closed Complete,North America,United States,Marco Bellini,Mobile device upgrade,sc_req_item,true,mbellini,Mobility Services NA,Request fulfilled via Tangoe,2025-07-01,mbellini,2025-07-01,Device Upgrade,david.thompson,2025-07-01,Mobile device upgrade for David Thompson (United States),David Thompson,Marco Bellini
RITM1045624,2 - High,Closed Complete,North America,United States,Aisha Karim,Cancel mobile line - employee departure,sc_req_item,true,akarim,Mobility Services NA,Request fulfilled via Tangoe,2025-11-06,akarim,2025-11-04,Line Cancellation,karen.campbell,2025-11-06,Cancel mobile line - employee departure for Karen Campbell (United States),Karen Campbell,Aisha Karim
RITM1045625,4 - Low,Closed Complete,North America,United States,Marco Bellini,New mobile device request,sc_req_item,true,mbellini,Mobility Services NA,Request fulfilled via Tangoe,2025-11-11,mbellini,2025-11-06,New Device,noah.novak,2025-11-11,New mobile device request for Noah Novak (United States),Noah Novak,Marco Bellini
RITM1045626,4 - Low,Closed Incomplete,North America,United States,Aisha Karim,Mobile device upgrade,sc_req_item,true,akarim,Mobility Services NA,Request fulfilled via Tangoe,2026-01-19,akarim,2026-01-13,Device Upgrade,jennifer.moore,2026-01-19,Mobile device upgrade for Jennifer Moore (United States),Jennifer Moore,Aisha Karim
RITM1045627,3 - Moderate,Closed Complete,North America,Canada,Grace Lindqvist,New mobile device request,sc_req_item,true,glindqvist,Mobility Services NA,Request fulfilled via Tangoe,2025-12-26,glindqvist,2025-12-24,New Device,matthew.baker,2025-12-26,New mobile device request for Matthew Baker (Canada),Matthew Baker,Grace Lindqvist
RITM1045628,4 - Low,Closed Complete,North America,United States,Victor Hale,General mobility inquiry,sc_req_item,true,vhale,Mobility Services NA,Request fulfilled via Tangoe,2025-07-01,vhale,2025-06-26,N/A,mateo.torres,2025-07-01,General mobility inquiry for Mateo Torres (United States),Mateo Torres,Victor Hale
RITM1045629,3 - Moderate,Closed Complete,North America,United States,Marco Bellini,Mobile device not working,sc_req_item,true,mbellini,Mobility Services NA,Request fulfilled via Tangoe,2025-02-01,mbellini,2025-02-01,Troubleshooting,leila.moore,2025-02-01,Mobile device not working for Leila Moore (United States),Leila Moore,Marco Bellini
RITM1045630,4 - Low,Closed Complete,North America,United States,Marco Bellini,General mobility inquiry,sc_req_item,true,mbellini,Mobility Services NA,Request fulfilled via Tangoe,2025-07-28,mbellini,2025-07-21,N/A,ethan.flores,2025-07-28,General mobility inquiry for Ethan Flores (United States),Ethan Flores,Marco Bellini
RITM1045631,4 - Low,Closed Complete,North America,United States,Grace Lindqvist,International roaming plan for upcoming travel,sc_req_item,true,glindqvist,Mobility Services NA,Request fulfilled via Tangoe,2024-07-25,glindqvist,2024-07-22,International Travel,melissa.martinez,2024-07-25,International roaming plan for upcoming travel for Melissa Martinez (United States),Melissa Martinez,Grace Lindqvist
RITM1045632,2 - High,Closed Complete,North America,United States,Dana Whitfield,International roaming plan for upcoming travel,sc_req_item,true,dwhitfield,Mobility Services NA,Request fulfilled via Tangoe,2025-08-20,dwhitfield,2025-08-17,International Travel,jessica.mitchell,2025-08-20,International roaming plan for upcoming travel for Jessica Mitchell (United States),Jessica Mitchell,Dana Whitfield
RITM1045633,4 - Low,Closed Complete,North America,United States,Aisha Karim,New mobile device request,sc_req_item,true,akarim,Mobility Services NA,Request fulfilled via Tangoe,2025-12-02,akarim,2025-12-02,New Device,nancy.thomas,2025-12-02,New mobile device request for Nancy Thomas (United States),Nancy Thomas,Aisha Karim
RITM1045634,4 - Low,Closed Complete,North America,United States,Aisha Karim,New mobile device request,sc_req_item,true,akarim,Mobility Services NA,Request fulfilled via Tangoe,2024-02-29,akarim,2024-02-25,New Device,nancy.hernandez,2024-02-29,New mobile device request for Nancy Hernandez (United States),Nancy Hernandez,Aisha Karim
RITM1045635,4 - Low,Closed Complete,North America,Canada,Tom Okafor,Mobile device upgrade,sc_req_item,true,tokafor,Mobility Services NA,Request fulfilled via Tangoe,2025-05-27,tokafor,2025-05-22,Device Upgrade,robert.rivera,2025-05-27,Mobile device upgrade for Robert Rivera (Canada),Robert Rivera,Tom Okafor
RITM1045636,4 - Low,Closed Complete,North America,United States,Aisha Karim,Mobile device upgrade,sc_req_item,true,akarim,Mobility Services NA,Request fulfilled via Tangoe,2025-11-24,akarim,2025-11-23,Device Upgrade,elizabeth.jones,2025-11-24,Mobile device upgrade for Elizabeth Jones (United States),Elizabeth Jones,Aisha Karim
RITM1045637,3 - Moderate,Closed Complete,North America,United States,Aisha Karim,Mobile device upgrade,sc_req_item,true,akarim,Mobility Services NA,Request fulfilled via Tangoe,2025-01-09,akarim,2025-01-07,Device Upgrade,fatima.tremblay,2025-01-09,Mobile device upgrade for Fatima Tremblay (United States),Fatima Tremblay,Aisha Karim
RITM1045638,3 - Moderate,Closed Complete,North America,United States,Aisha Karim,International roaming plan for upcoming travel,sc_req_item,true,akarim,Mobility Services NA,Request fulfilled via Tangoe,2025-03-07,akarim,2025-03-06,International Travel,mia.davis,2025-03-07,International roaming plan for upcoming travel for Mia Davis (United States),Mia Davis,Aisha Karim
RITM1045639,4 - Low,Closed Complete,North America,United States,Marco Bellini,Mobile device upgrade,sc_req_item,true,mbellini,Mobility Services NA,Request fulfilled via Tangoe,2024-04-03,mbellini,2024-04-02,Device Upgrade,carlos.clark,2024-04-03,Mobile device upgrade for Carlos Clark (United States),Carlos Clark,Marco Bellini
RITM1045640,3 - Moderate,Closed Complete,North America,United States,Victor Hale,New mobile device request,sc_req_item,true,vhale,Mobility Services NA,Request fulfilled via Tangoe,2026-04-22,vhale,2026-04-20,New Device,andrew.garcia,2026-04-22,New mobile device request for Andrew Garcia (United States),Andrew Garcia,Victor Hale
RITM1045641,4 - Low,Closed Complete,North America,United States,Dana Whitfield,New mobile device request,sc_req_item,true,dwhitfield,Mobility Services NA,Request fulfilled via Tangoe,2024-09-09,dwhitfield,2024-09-04,New Device,charles.anderson,2024-09-09,New mobile device request for Charles Anderson (United States),Charles Anderson,Dana Whitfield
RITM1045642,4 - Low,Closed Complete,North America,United States,Tom Okafor,New mobile device request,sc_req_item,true,tokafor,Mobility Services NA,Request fulfilled via Tangoe,2025-02-24,tokafor,2025-02-21,New Device,sarah.kim,2025-02-24,New mobile device request for Sarah Kim (United States),Sarah Kim,Tom Okafor
RITM1045643,3 - Moderate,Closed Complete,North America,United States,Marco Bellini,Mobile device not working,sc_req_item,true,mbellini,Mobility Services NA,Request fulfilled via Tangoe,2026-04-23,mbellini,2026-04-17,Troubleshooting,patricia.scott,2026-04-23,Mobile device not working for Patricia Scott (United States),Patricia Scott,Marco Bellini
RITM1045644,4 - Low,Closed Complete,North America,Canada,Marco Bellini,Port personal number to corporate account,sc_req_item,true,mbellini,Mobility Services NA,Request fulfilled via Tangoe,2026-06-11,mbellini,2026-06-06,Number Port,ana.thompson,2026-06-11,Port personal number to corporate account for Ana Thompson (Canada),Ana Thompson,Marco Bellini
RITM1045645,3 - Moderate,Closed Complete,North America,United States,Dana Whitfield,Mobile device not working,sc_req_item,true,dwhitfield,Mobility Services NA,Request fulfilled via Tangoe,2025-12-09,dwhitfield,2025-12-07,Troubleshooting,mia.anderson,2025-12-09,Mobile device not working for Mia Anderson (United States),Mia Anderson,Dana Whitfield
RITM1045646,4 - Low,Closed Complete,North America,United States,Aisha Karim,New mobile device request,sc_req_item,true,akarim,Mobility Services NA,Request fulfilled via Tangoe,2024-06-25,akarim,2024-06-23,New Device,olga.anderson,2024-06-25,New mobile device request for Olga Anderson (United States),Olga Anderson,Aisha Karim
RITM1045647,4 - Low,Closed Incomplete,North America,United States,Aisha Karim,International roaming plan for upcoming travel,sc_req_item,true,akarim,Mobility Services NA,Request fulfilled via Tangoe,2025-04-02,akarim,2025-04-02,International Travel,priya.patel,2025-04-02,International roaming plan for upcoming travel for Priya Patel (United States),Priya Patel,Aisha Karim
RITM1045648,3 - Moderate,Closed Complete,North America,United States,Aisha Karim,International roaming plan for upcoming travel,sc_req_item,true,akarim,Mobility Services NA,Request fulfilled via Tangoe,2025-02-06,akarim,2025-02-03,International Travel,lisa.sanchez,2025-02-06,International roaming plan for upcoming travel for Lisa Sanchez (United States),Lisa Sanchez,Aisha Karim
RITM1045649,4 - Low,Closed Complete,North America,Canada,Grace Lindqvist,Cancel mobile line - employee departure,sc_req_item,true,glindqvist,Mobility Services NA,Request fulfilled via Tangoe,2025-01-02,glindqvist,2024-12-25,Line Cancellation,anthony.thomas,2025-01-02,Cancel mobile line - employee departure for Anthony Thomas (Canada),Anthony Thomas,Grace Lindqvist
RITM1045650,4 - Low,Closed Complete,North America,United States,Victor Hale,Port personal number to corporate account,sc_req_item,true,vhale,Mobility Services NA,Request fulfilled via Tangoe,2026-07-13,vhale,2026-07-13,Number Port,emily.anderson,2026-07-13,Port personal number to corporate account for Emily Anderson (United States),Emily Anderson,Victor Hale
RITM1045651,4 - Low,Closed Complete,North America,United States,Tom Okafor,New mobile device request,sc_req_item,true,tokafor,Mobility Services NA,Request fulfilled via Tangoe,2024-08-07,tokafor,2024-07-30,New Device,patricia.anderson,2024-08-07,New mobile device request for Patricia Anderson (United States),Patricia Anderson,Tom Okafor
RITM1045652,4 - Low,Closed Complete,North America,United States,Aisha Karim,Mobile device upgrade,sc_req_item,true,akarim,Mobility Services NA,Request fulfilled via Tangoe,2024-08-07,akarim,2024-08-02,Device Upgrade,noah.adams,2024-08-07,Mobile device upgrade for Noah Adams (United States),Noah Adams,Aisha Karim
RITM1045653,4 - Low,Closed Complete,North America,Canada,Grace Lindqvist,New mobile device request,sc_req_item,true,glindqvist,Mobility Services NA,Request fulfilled via Tangoe,2024-01-11,glindqvist,2024-01-05,New Device,david.thompson,2024-01-11,New mobile device request for David Thompson (Canada),David Thompson,Grace Lindqvist
RITM1045654,4 - Low,Closed Complete,North America,United States,Victor Hale,Cancel mobile line - employee departure,sc_req_item,true,vhale,Mobility Services NA,Request fulfilled via Tangoe,2025-01-21,vhale,2025-01-18,Line Cancellation,melissa.garcia,2025-01-21,Cancel mobile line - employee departure for Melissa Garcia (United States),Melissa Garcia,Victor Hale
RITM1045655,4 - Low,Closed Complete,North America,United States,Victor Hale,Mobile device not working,sc_req_item,true,vhale,Mobility Services NA,Request fulfilled via Tangoe,2025-07-29,vhale,2025-07-28,Troubleshooting,brian.hill,2025-07-29,Mobile device not working for Brian Hill (United States),Brian Hill,Victor Hale
RITM1045656,4 - Low,Closed Incomplete,North America,United States,Tom Okafor,International roaming plan for upcoming travel,sc_req_item,true,tokafor,Mobility Services NA,Request fulfilled via Tangoe,2026-05-19,tokafor,2026-05-17,International Travel,mateo.robinson,2026-05-19,International roaming plan for upcoming travel for Mateo Robinson (United States),Mateo Robinson,Tom Okafor
RITM1045657,4 - Low,Closed Complete,North America,United States,Tom Okafor,Lost or stolen device - suspend line,sc_req_item,true,tokafor,Mobility Services NA,Request fulfilled via Tangoe,2025-02-05,tokafor,2025-02-02,Lost/Stolen,chloe.cohen,2025-02-05,Lost or stolen device - suspend line for Chloe Cohen (United States),Chloe Cohen,Tom Okafor
RITM1045658,3 - Moderate,Closed Complete,North America,Canada,Victor Hale,Lost or stolen device - suspend line,sc_req_item,true,vhale,Mobility Services NA,Request fulfilled via Tangoe,2024-02-06,vhale,2024-02-05,Lost/Stolen,mary.walker,2024-02-06,Lost or stolen device - suspend line for Mary Walker (Canada),Mary Walker,Victor Hale
RITM1045659,3 - Moderate,Closed Complete,North America,United States,Grace Lindqvist,Mobile device upgrade,sc_req_item,true,glindqvist,Mobility Services NA,Request fulfilled via Tangoe,2025-09-09,glindqvist,2025-09-05,Device Upgrade,john.sanchez,2025-09-09,Mobile device upgrade for John Sanchez (United States),John Sanchez,Grace Lindqvist
RITM1045660,4 - Low,Closed Complete,North America,United States,Tom Okafor,Mobile device upgrade,sc_req_item,true,tokafor,Mobility Services NA,Request fulfilled via Tangoe,2026-01-02,tokafor,2025-12-31,Device Upgrade,brian.hill,2026-01-02,Mobile device upgrade for Brian Hill (United States),Brian Hill,Tom Okafor
RITM1045661,4 - Low,Closed Complete,North America,United States,Aisha Karim,Lost or stolen device - suspend line,sc_req_item,true,akarim,Mobility Services NA,Request fulfilled via Tangoe,2026-02-20,akarim,2026-02-15,Lost/Stolen,william.wright,2026-02-20,Lost or stolen device - suspend line for William Wright (United States),William Wright,Aisha Karim
RITM1045662,4 - Low,Closed Incomplete,North America,United States,Tom Okafor,Mobile device upgrade,sc_req_item,true,tokafor,Mobility Services NA,Request fulfilled via Tangoe,2025-05-02,tokafor,2025-04-28,Device Upgrade,karen.williams,2025-05-02,Mobile device upgrade for Karen Williams (United States),Karen Williams,Tom Okafor
RITM1045663,4 - Low,Closed Complete,North America,United States,Tom Okafor,New mobile device request,sc_req_item,true,tokafor,Mobility Services NA,Request fulfilled via Tangoe,2025-05-05,tokafor,2025-05-05,New Device,joshua.taylor,2025-05-05,New mobile device request for Joshua Taylor (United States),Joshua Taylor,Tom Okafor
RITM1045664,4 - Low,Closed Complete,North America,United States,Grace Lindqvist,New mobile device request,sc_req_item,true,glindqvist,Mobility Services NA,Request fulfilled via Tangoe,2024-05-14,glindqvist,2024-05-10,New Device,noah.johnson,2024-05-14,New mobile device request for Noah Johnson (United States),Noah Johnson,Grace Lindqvist
RITM1045665,4 - Low,Closed Complete,North America,United States,Tom Okafor,New mobile device request,sc_req_item,true,tokafor,Mobility Services NA,Request fulfilled via Tangoe,2025-09-29,tokafor,2025-09-25,New Device,mary.lee,2025-09-29,New mobile device request for Mary Lee (United States),Mary Lee,Tom Okafor
RITM1045666,3 - Moderate,Closed Complete,North America,United States,Victor Hale,International roaming plan for upcoming travel,sc_req_item,true,vhale,Mobility Services NA,Request fulfilled via Tangoe,2026-02-06,vhale,2026-02-02,International Travel,steven.young,2026-02-06,International roaming plan for upcoming travel for Steven Young (United States),Steven Young,Victor Hale
RITM1045667,4 - Low,Open,North America,United States,Tom Okafor,International roaming plan for upcoming travel,sc_req_item,true,tokafor,Mobility Services NA,Awaiting carrier confirmation,2024-09-13,tokafor,2024-09-13,International Travel,sarah.thompson,,International roaming plan for upcoming travel for Sarah Thompson (United States),Sarah Thompson,
RITM1045668,3 - Moderate,Closed Complete,North America,United States,Grace Lindqvist,Mobile device not working,sc_req_item,true,glindqvist,Mobility Services NA,Request fulfilled via Tangoe,2024-02-14,glindqvist,2024-02-11,Troubleshooting,robert.lewis,2024-02-14,Mobile device not working for Robert Lewis (United States),Robert Lewis,Grace Lindqvist
RITM1045669,4 - Low,Closed Incomplete,North America,United States,Tom Okafor,Port personal number to corporate account,sc_req_item,true,tokafor,Mobility Services NA,Request fulfilled via Tangoe,2026-06-25,tokafor,2026-06-25,Number Port,ethan.tremblay,2026-06-25,Port personal number to corporate account for Ethan Tremblay (United States),Ethan Tremblay,Tom Okafor
RITM1045670,3 - Moderate,Closed Complete,North America,Canada,Aisha Karim,Lost or stolen device - suspend line,sc_req_item,true,akarim,Mobility Services NA,Request fulfilled via Tangoe,2026-02-12,akarim,2026-02-06,Lost/Stolen,sarah.green,2026-02-12,Lost or stolen device - suspend line for Sarah Green (Canada),Sarah Green,Aisha Karim
RITM1045671,3 - Moderate,Closed Complete,North America,United States,Dana Whitfield,Mobile device upgrade,sc_req_item,true,dwhitfield,Mobility Services NA,Request fulfilled via Tangoe,2026-05-06,dwhitfield,2026-04-28,Device Upgrade,john.rodriguez,2026-05-06,Mobile device upgrade for John Rodriguez (United States),John Rodriguez,Dana Whitfield
RITM1045672,4 - Low,Closed Complete,North America,United States,Dana Whitfield,International roaming plan for upcoming travel,sc_req_item,true,dwhitfield,Mobility Services NA,Request fulfilled via Tangoe,2024-05-03,dwhitfield,2024-04-30,International Travel,mark.lopez,2024-05-03,International roaming plan for upcoming travel for Mark Lopez (United States),Mark Lopez,Dana Whitfield
RITM1045673,3 - Moderate,Closed Complete,North America,United States,Victor Hale,International roaming plan for upcoming travel,sc_req_item,true,vhale,Mobility Services NA,Request fulfilled via Tangoe,2026-07-16,vhale,2026-07-12,International Travel,william.lewis,2026-07-16,International roaming plan for upcoming travel for William Lewis (United States),William Lewis,Victor Hale
RITM1045674,3 - Moderate,Closed Complete,North America,United States,Tom Okafor,Mobile device upgrade,sc_req_item,true,tokafor,Mobility Services NA,Request fulfilled via Tangoe,2025-11-18,tokafor,2025-11-14,Device Upgrade,mateo.flores,2025-11-18,Mobile device upgrade for Mateo Flores (United States),Mateo Flores,Tom Okafor
RITM1045675,3 - Moderate,Closed Complete,North America,United States,Grace Lindqvist,Cancel mobile line - employee departure,sc_req_item,true,glindqvist,Mobility Services NA,Request fulfilled via Tangoe,2026-05-04,glindqvist,2026-05-04,Line Cancellation,mark.harris,2026-05-04,Cancel mobile line - employee departure for Mark Harris (United States),Mark Harris,Grace Lindqvist
RITM1045676,4 - Low,Closed Complete,North America,United States,Tom Okafor,Cancel mobile line - employee departure,sc_req_item,true,tokafor,Mobility Services NA,Request fulfilled via Tangoe,2024-12-09,tokafor,2024-12-08,Line Cancellation,carlos.martin,2024-12-09,Cancel mobile line - employee departure for Carlos Martin (United States),Carlos Martin,Tom Okafor
RITM1045677,3 - Moderate,Closed Complete,North America,United States,Grace Lindqvist,Cancel mobile line - employee departure,sc_req_item,true,glindqvist,Mobility Services NA,Request fulfilled via Tangoe,2025-06-24,glindqvist,2025-06-22,Line Cancellation,ava.scott,2025-06-24,Cancel mobile line - employee departure for Ava Scott (United States),Ava Scott,Grace Lindqvist
RITM1045678,3 - Moderate,Closed Complete,North America,United States,Victor Hale,New mobile device request,sc_req_item,true,vhale,Mobility Services NA,Request fulfilled via Tangoe,2026-03-31,vhale,2026-03-27,New Device,olga.lopez,2026-03-31,New mobile device request for Olga Lopez (United States),Olga Lopez,Victor Hale
RITM1045679,2 - High,Closed Complete,North America,United States,Grace Lindqvist,Mobile device not working,sc_req_item,true,glindqvist,Mobility Services NA,Request fulfilled via Tangoe,2026-04-22,glindqvist,2026-04-18,Troubleshooting,ana.nguyen,2026-04-22,Mobile device not working for Ana Nguyen (United States),Ana Nguyen,Grace Lindqvist
RITM1045680,3 - Moderate,Closed Complete,North America,United States,Dana Whitfield,Mobile device not working,sc_req_item,true,dwhitfield,Mobility Services NA,Request fulfilled via Tangoe,2025-06-05,dwhitfield,2025-06-03,Troubleshooting,michael.ramirez,2025-06-05,Mobile device not working for Michael Ramirez (United States),Michael Ramirez,Dana Whitfield
RITM1045681,2 - High,Closed Complete,North America,United States,Tom Okafor,New mobile device request,sc_req_item,true,tokafor,Mobility Services NA,Request fulfilled via Tangoe,2025-11-05,tokafor,2025-10-31,New Device,ashley.miller,2025-11-05,New mobile device request for Ashley Miller (United States),Ashley Miller,Tom Okafor
RITM1045682,4 - Low,Closed Complete,North America,United States,Grace Lindqvist,Mobile device not working,sc_req_item,true,glindqvist,Mobility Services NA,Request fulfilled via Tangoe,2024-12-10,glindqvist,2024-12-06,Troubleshooting,ethan.roberts,2024-12-10,Mobile device not working for Ethan Roberts (United States),Ethan Roberts,Grace Lindqvist
RITM1045683,3 - Moderate,Closed Complete,North America,United States,Dana Whitfield,Mobile device upgrade,sc_req_item,true,dwhitfield,Mobility Services NA,Request fulfilled via Tangoe,2024-09-12,dwhitfield,2024-09-09,Device Upgrade,linda.moore,2024-09-12,Mobile device upgrade for Linda Moore (United States),Linda Moore,Dana Whitfield
RITM1045684,4 - Low,Closed Complete,North America,United States,Victor Hale,International roaming plan for upcoming travel,sc_req_item,true,vhale,Mobility Services NA,Request fulfilled via Tangoe,2024-03-05,vhale,2024-03-04,International Travel,elizabeth.harris,2024-03-05,International roaming plan for upcoming travel for Elizabeth Harris (United States),Elizabeth Harris,Victor Hale
RITM1045685,3 - Moderate,Open,North America,United States,Aisha Karim,Mobile device upgrade,sc_req_item,true,akarim,Mobility Services NA,Awaiting carrier confirmation,2026-09-07,akarim,2026-09-07,Device Upgrade,andrew.davis,,Mobile device upgrade for Andrew Davis (United States),Andrew Davis,
RITM1045686,3 - Moderate,Closed Complete,North America,United States,Grace Lindqvist,International roaming plan for upcoming travel,sc_req_item,true,glindqvist,Mobility Services NA,Request fulfilled via Tangoe,2024-06-06,glindqvist,2024-06-04,International Travel,anthony.roy,2024-06-06,International roaming plan for upcoming travel for Anthony Roy (United States),Anthony Roy,Grace Lindqvist
RITM1045687,4 - Low,Open,North America,United States,Grace Lindqvist,General mobility inquiry,sc_req_item,true,glindqvist,Mobility Services NA,Awaiting carrier confirmation,2026-02-26,glindqvist,2026-02-26,N/A,olga.anderson,,General mobility inquiry for Olga Anderson (United States),Olga Anderson,
RITM1045688,3 - Moderate,Closed Complete,North America,United States,Tom Okafor,Lost or stolen device - suspend line,sc_req_item,true,tokafor,Mobility Services NA,Request fulfilled via Tangoe,2026-04-14,tokafor,2026-04-11,Lost/Stolen,ashley.tremblay,2026-04-14,Lost or stolen device - suspend line for Ashley Tremblay (United States),Ashley Tremblay,Tom Okafor
RITM1045689,4 - Low,Closed Complete,North America,United States,Victor Hale,Mobile device not working,sc_req_item,true,vhale,Mobility Services NA,Request fulfilled via Tangoe,2024-03-21,vhale,2024-03-19,Troubleshooting,mark.chen,2024-03-21,Mobile device not working for Mark Chen (United States),Mark Chen,Victor Hale
RITM1045690,4 - Low,Closed Complete,North America,United States,Grace Lindqvist,Mobile device upgrade,sc_req_item,true,glindqvist,Mobility Services NA,Request fulfilled via Tangoe,2024-05-09,glindqvist,2024-05-07,Device Upgrade,jennifer.sanchez,2024-05-09,Mobile device upgrade for Jennifer Sanchez (United States),Jennifer Sanchez,Grace Lindqvist
RITM1045691,4 - Low,Closed Complete,North America,United States,Tom Okafor,General mobility inquiry,sc_req_item,true,tokafor,Mobility Services NA,Request fulfilled via Tangoe,2025-01-08,tokafor,2025-01-03,N/A,susan.roy,2025-01-08,General mobility inquiry for Susan Roy (United States),Susan Roy,Tom Okafor
RITM1045692,4 - Low,Closed Complete,North America,United States,Marco Bellini,International roaming plan for upcoming travel,sc_req_item,true,mbellini,Mobility Services NA,Request fulfilled via Tangoe,2025-06-23,mbellini,2025-06-19,International Travel,yuki.flores,2025-06-23,International roaming plan for upcoming travel for Yuki Flores (United States),Yuki Flores,Marco Bellini
RITM1045693,3 - Moderate,Closed Complete,North America,United States,Tom Okafor,International roaming plan for upcoming travel,sc_req_item,true,tokafor,Mobility Services NA,Request fulfilled via Tangoe,2026-04-25,tokafor,2026-04-25,International Travel,karen.tremblay,2026-04-25,International roaming plan for upcoming travel for Karen Tremblay (United States),Karen Tremblay,Tom Okafor
RITM1045694,4 - Low,Closed Complete,North America,United States,Aisha Karim,Mobile device not working,sc_req_item,true,akarim,Mobility Services NA,Request fulfilled via Tangoe,2025-10-28,akarim,2025-10-24,Troubleshooting,amanda.martinez,2025-10-28,Mobile device not working for Amanda Martinez (United States),Amanda Martinez,Aisha Karim
RITM1045695,4 - Low,Closed Complete,North America,United States,Tom Okafor,Mobile device not working,sc_req_item,true,tokafor,Mobility Services NA,Request fulfilled via Tangoe,2026-09-03,tokafor,2026-09-01,Troubleshooting,matthew.perez,2026-09-03,Mobile device not working for Matthew Perez (United States),Matthew Perez,Tom Okafor
RITM1045696,4 - Low,Closed Complete,North America,United States,Grace Lindqvist,General mobility inquiry,sc_req_item,true,glindqvist,Mobility Services NA,Request fulfilled via Tangoe,2026-04-27,glindqvist,2026-04-24,N/A,sandra.moore,2026-04-27,General mobility inquiry for Sandra Moore (United States),Sandra Moore,Grace Lindqvist
RITM1045697,4 - Low,Open,North America,United States,Dana Whitfield,New mobile device request,sc_req_item,true,dwhitfield,Mobility Services NA,Awaiting carrier confirmation,2026-07-31,dwhitfield,2026-07-31,New Device,noah.adams,,New mobile device request for Noah Adams (United States),Noah Adams,
RITM1045698,4 - Low,Closed Complete,North America,United States,Marco Bellini,International roaming plan for upcoming travel,sc_req_item,true,mbellini,Mobility Services NA,Request fulfilled via Tangoe,2025-12-03,mbellini,2025-11-27,International Travel,sandra.moore,2025-12-03,International roaming plan for upcoming travel for Sandra Moore (United States),Sandra Moore,Marco Bellini
RITM1045699,4 - Low,Closed Complete,North America,United States,Grace Lindqvist,Mobile device upgrade,sc_req_item,true,glindqvist,Mobility Services NA,Request fulfilled via Tangoe,2026-07-09,glindqvist,2026-07-08,Device Upgrade,stephanie.lee,2026-07-09,Mobile device upgrade for Stephanie Lee (United States),Stephanie Lee,Grace Lindqvist
RITM1045700,4 - Low,Closed Complete,North America,United States,Aisha Karim,Port personal number to corporate account,sc_req_item,true,akarim,Mobility Services NA,Request fulfilled via Tangoe,2024-08-09,akarim,2024-08-08,Number Port,ahmed.sanchez,2024-08-09,Port personal number to corporate account for Ahmed Sanchez (United States),Ahmed Sanchez,Aisha Karim
RITM1045701,4 - Low,Closed Complete,North America,United States,Victor Hale,Mobile device not working,sc_req_item,true,vhale,Mobility Services NA,Request fulfilled via Tangoe,2024-02-22,vhale,2024-02-21,Troubleshooting,david.nelson,2024-02-22,Mobile device not working for David Nelson (United States),David Nelson,Victor Hale
RITM1045702,4 - Low,Closed Complete,North America,Canada,Aisha Karim,Mobile device upgrade,sc_req_item,true,akarim,Mobility Services NA,Request fulfilled via Tangoe,2026-05-21,akarim,2026-05-17,Device Upgrade,amanda.martinez,2026-05-21,Mobile device upgrade for Amanda Martinez (Canada),Amanda Martinez,Aisha Karim
RITM1045703,2 - High,Closed Complete,North America,Canada,Aisha Karim,Port personal number to corporate account,sc_req_item,true,akarim,Mobility Services NA,Request fulfilled via Tangoe,2026-04-03,akarim,2026-04-01,Number Port,susan.harris,2026-04-03,Port personal number to corporate account for Susan Harris (Canada),Susan Harris,Aisha Karim
RITM1045704,3 - Moderate,Closed Complete,North America,United States,Dana Whitfield,New mobile device request,sc_req_item,true,dwhitfield,Mobility Services NA,Request fulfilled via Tangoe,2026-08-31,dwhitfield,2026-08-25,New Device,karen.walker,2026-08-31,New mobile device request for Karen Walker (United States),Karen Walker,Dana Whitfield
RITM1045705,4 - Low,Closed Complete,North America,United States,Marco Bellini,International roaming plan for upcoming travel,sc_req_item,true,mbellini,Mobility Services NA,Request fulfilled via Tangoe,2026-02-03,mbellini,2026-01-30,International Travel,raj.flores,2026-02-03,International roaming plan for upcoming travel for Raj Flores (United States),Raj Flores,Marco Bellini
RITM1045706,3 - Moderate,Closed Complete,North America,United States,Aisha Karim,International roaming plan for upcoming travel,sc_req_item,true,akarim,Mobility Services NA,Request fulfilled via Tangoe,2025-03-14,akarim,2025-03-10,International Travel,matthew.hernandez,2025-03-14,International roaming plan for upcoming travel for Matthew Hernandez (United States),Matthew Hernandez,Aisha Karim
RITM1045707,4 - Low,Closed Complete,North America,United States,Grace Lindqvist,New mobile device request,sc_req_item,true,glindqvist,Mobility Services NA,Request fulfilled via Tangoe,2025-08-19,glindqvist,2025-08-16,New Device,michael.nelson,2025-08-19,New mobile device request for Michael Nelson (United States),Michael Nelson,Grace Lindqvist
RITM1045708,4 - Low,Closed Complete,North America,United States,Tom Okafor,Mobile device not working,sc_req_item,true,tokafor,Mobility Services NA,Request fulfilled via Tangoe,2025-11-17,tokafor,2025-11-14,Troubleshooting,ashley.flores,2025-11-17,Mobile device not working for Ashley Flores (United States),Ashley Flores,Tom Okafor
RITM1045709,3 - Moderate,Closed Complete,North America,United States,Marco Bellini,Mobile device upgrade,sc_req_item,true,mbellini,Mobility Services NA,Request fulfilled via Tangoe,2024-07-10,mbellini,2024-07-09,Device Upgrade,mia.davis,2024-07-10,Mobile device upgrade for Mia Davis (United States),Mia Davis,Marco Bellini
RITM1045710,4 - Low,Closed Complete,North America,United States,Tom Okafor,Mobile device upgrade,sc_req_item,true,tokafor,Mobility Services NA,Request fulfilled via Tangoe,2025-09-23,tokafor,2025-09-16,Device Upgrade,karen.moore,2025-09-23,Mobile device upgrade for Karen Moore (United States),Karen Moore,Tom Okafor
RITM1045711,3 - Moderate,Closed Complete,North America,United States,Marco Bellini,Lost or stolen device - suspend line,sc_req_item,true,mbellini,Mobility Services NA,Request fulfilled via Tangoe,2025-05-16,mbellini,2025-05-07,Lost/Stolen,liam.hall,2025-05-16,Lost or stolen device - suspend line for Liam Hall (United States),Liam Hall,Marco Bellini
RITM1045712,3 - Moderate,Closed Complete,North America,United States,Victor Hale,Mobile device upgrade,sc_req_item,true,vhale,Mobility Services NA,Request fulfilled via Tangoe,2024-04-04,vhale,2024-03-29,Device Upgrade,emily.gonzalez,2024-04-04,Mobile device upgrade for Emily Gonzalez (United States),Emily Gonzalez,Victor Hale
RITM1045713,3 - Moderate,Closed Complete,North America,United States,Grace Lindqvist,General mobility inquiry,sc_req_item,true,glindqvist,Mobility Services NA,Request fulfilled via Tangoe,2026-07-14,glindqvist,2026-07-09,N/A,fatima.green,2026-07-14,General mobility inquiry for Fatima Green (United States),Fatima Green,Grace Lindqvist
RITM1045714,4 - Low,Closed Complete,North America,United States,Aisha Karim,General mobility inquiry,sc_req_item,true,akarim,Mobility Services NA,Request fulfilled via Tangoe,2026-03-20,akarim,2026-03-19,N/A,james.wilson,2026-03-20,General mobility inquiry for James Wilson (United States),James Wilson,Aisha Karim
RITM1045715,4 - Low,Closed Complete,North America,United States,Victor Hale,Mobile device not working,sc_req_item,true,vhale,Mobility Services NA,Request fulfilled via Tangoe,2024-06-28,vhale,2024-06-26,Troubleshooting,mia.davis,2024-06-28,Mobile device not working for Mia Davis (United States),Mia Davis,Victor Hale
RITM1045716,3 - Moderate,Closed Complete,North America,United States,Dana Whitfield,New mobile device request,sc_req_item,true,dwhitfield,Mobility Services NA,Request fulfilled via Tangoe,2024-07-23,dwhitfield,2024-07-19,New Device,ava.roberts,2024-07-23,New mobile device request for Ava Roberts (United States),Ava Roberts,Dana Whitfield
RITM1045717,4 - Low,Work in Progress,North America,United States,Tom Okafor,Cancel mobile line - employee departure,sc_req_item,true,tokafor,Mobility Services NA,Awaiting carrier confirmation,2026-09-13,tokafor,2026-09-13,Line Cancellation,andrew.robinson,,Cancel mobile line - employee departure for Andrew Robinson (United States),Andrew Robinson,
RITM1045718,3 - Moderate,Closed Complete,North America,United States,Victor Hale,Mobile device upgrade,sc_req_item,true,vhale,Mobility Services NA,Request fulfilled via Tangoe,2025-05-21,vhale,2025-05-14,Device Upgrade,ahmed.rodriguez,2025-05-21,Mobile device upgrade for Ahmed Rodriguez (United States),Ahmed Rodriguez,Victor Hale
RITM1045719,3 - Moderate,Closed Complete,North America,United States,Tom Okafor,Mobile device upgrade,sc_req_item,true,tokafor,Mobility Services NA,Request fulfilled via Tangoe,2024-12-12,tokafor,2024-12-09,Device Upgrade,thomas.lopez,2024-12-12,Mobile device upgrade for Thomas Lopez (United States),Thomas Lopez,Tom Okafor
RITM1045720,2 - High,Open,North America,Canada,Victor Hale,New mobile device request,sc_req_item,true,vhale,Mobility Services NA,Awaiting carrier confirmation,2026-02-03,vhale,2026-02-03,New Device,priya.patel,,New mobile device request for Priya Patel (Canada),Priya Patel,
RITM1045721,4 - Low,Closed Complete,North America,Canada,Tom Okafor,Port personal number to corporate account,sc_req_item,true,tokafor,Mobility Services NA,Request fulfilled via Tangoe,2026-08-04,tokafor,2026-08-02,Number Port,nancy.jackson,2026-08-04,Port personal number to corporate account for Nancy Jackson (Canada),Nancy Jackson,Tom Okafor
RITM1045722,3 - Moderate,Work in Progress,North America,Canada,Victor Hale,Port personal number to corporate account,sc_req_item,true,vhale,Mobility Services NA,Awaiting carrier confirmation,2025-11-08,vhale,2025-11-08,Number Port,david.campbell,,Port personal number to corporate account for David Campbell (Canada),David Campbell,
RITM1045723,4 - Low,Closed Complete,North America,United States,Tom Okafor,International roaming plan for upcoming travel,sc_req_item,true,tokafor,Mobility Services NA,Request fulfilled via Tangoe,2025-09-07,tokafor,2025-09-07,International Travel,olga.lopez,2025-09-07,International roaming plan for upcoming travel for Olga Lopez (United States),Olga Lopez,Tom Okafor
RITM1045724,3 - Moderate,Closed Complete,North America,United States,Tom Okafor,Mobile device upgrade,sc_req_item,true,tokafor,Mobility Services NA,Request fulfilled via Tangoe,2026-08-19,tokafor,2026-08-17,Device Upgrade,sarah.gonzalez,2026-08-19,Mobile device upgrade for Sarah Gonzalez (United States),Sarah Gonzalez,Tom Okafor
RITM1045725,4 - Low,Work in Progress,North America,United States,Grace Lindqvist,New mobile device request,sc_req_item,true,glindqvist,Mobility Services NA,Awaiting carrier confirmation,2026-06-10,glindqvist,2026-06-10,New Device,zoe.brown,,New mobile device request for Zoe Brown (United States),Zoe Brown,
RITM1045726,3 - Moderate,Closed Complete,North America,United States,Marco Bellini,Mobile device not working,sc_req_item,true,mbellini,Mobility Services NA,Request fulfilled via Tangoe,2024-01-30,mbellini,2024-01-30,Troubleshooting,mark.rodriguez,2024-01-30,Mobile device not working for Mark Rodriguez (United States),Mark Rodriguez,Marco Bellini
RITM1045727,4 - Low,Closed Complete,North America,United States,Aisha Karim,International roaming plan for upcoming travel,sc_req_item,true,akarim,Mobility Services NA,Request fulfilled via Tangoe,2025-08-28,akarim,2025-08-22,International Travel,mateo.adams,2025-08-28,International roaming plan for upcoming travel for Mateo Adams (United States),Mateo Adams,Aisha Karim
RITM1045728,3 - Moderate,Closed Complete,North America,United States,Marco Bellini,Lost or stolen device - suspend line,sc_req_item,true,mbellini,Mobility Services NA,Request fulfilled via Tangoe,2024-04-05,mbellini,2024-04-03,Lost/Stolen,lisa.allen,2024-04-05,Lost or stolen device - suspend line for Lisa Allen (United States),Lisa Allen,Marco Bellini
RITM1045729,4 - Low,Closed Complete,North America,United States,Dana Whitfield,Mobile device not working,sc_req_item,true,dwhitfield,Mobility Services NA,Request fulfilled via Tangoe,2024-06-18,dwhitfield,2024-06-17,Troubleshooting,mateo.kim,2024-06-18,Mobile device not working for Mateo Kim (United States),Mateo Kim,Dana Whitfield
RITM1045730,4 - Low,Closed Complete,North America,Canada,Aisha Karim,New mobile device request,sc_req_item,true,akarim,Mobility Services NA,Request fulfilled via Tangoe,2024-05-09,akarim,2024-05-03,New Device,mary.flores,2024-05-09,New mobile device request for Mary Flores (Canada),Mary Flores,Aisha Karim
RITM1045731,4 - Low,Closed Complete,North America,United States,Grace Lindqvist,New mobile device request,sc_req_item,true,glindqvist,Mobility Services NA,Request fulfilled via Tangoe,2024-07-10,glindqvist,2024-07-02,New Device,mia.allen,2024-07-10,New mobile device request for Mia Allen (United States),Mia Allen,Grace Lindqvist
RITM1045732,3 - Moderate,Closed Complete,North America,United States,Grace Lindqvist,International roaming plan for upcoming travel,sc_req_item,true,glindqvist,Mobility Services NA,Request fulfilled via Tangoe,2025-11-25,glindqvist,2025-11-23,International Travel,carlos.martin,2025-11-25,International roaming plan for upcoming travel for Carlos Martin (United States),Carlos Martin,Grace Lindqvist
RITM1045733,3 - Moderate,Closed Complete,North America,United States,Victor Hale,Cancel mobile line - employee departure,sc_req_item,true,vhale,Mobility Services NA,Request fulfilled via Tangoe,2024-12-05,vhale,2024-11-29,Line Cancellation,brian.ramirez,2024-12-05,Cancel mobile line - employee departure for Brian Ramirez (United States),Brian Ramirez,Victor Hale
RITM1045734,4 - Low,Closed Complete,North America,United States,Aisha Karim,Port personal number to corporate account,sc_req_item,true,akarim,Mobility Services NA,Request fulfilled via Tangoe,2025-09-18,akarim,2025-09-11,Number Port,priya.kim,2025-09-18,Port personal number to corporate account for Priya Kim (United States),Priya Kim,Aisha Karim
RITM1045735,4 - Low,Closed Complete,North America,United States,Victor Hale,Cancel mobile line - employee departure,sc_req_item,true,vhale,Mobility Services NA,Request fulfilled via Tangoe,2024-09-10,vhale,2024-09-10,Line Cancellation,leila.tremblay,2024-09-10,Cancel mobile line - employee departure for Leila Tremblay (United States),Leila Tremblay,Victor Hale
RITM1045736,3 - Moderate,Closed Complete,North America,United States,Dana Whitfield,Mobile device upgrade,sc_req_item,true,dwhitfield,Mobility Services NA,Request fulfilled via Tangoe,2026-01-30,dwhitfield,2026-01-22,Device Upgrade,barbara.wilson,2026-01-30,Mobile device upgrade for Barbara Wilson (United States),Barbara Wilson,Dana Whitfield
RITM1045737,3 - Moderate,Closed Complete,North America,United States,Dana Whitfield,New mobile device request,sc_req_item,true,dwhitfield,Mobility Services NA,Request fulfilled via Tangoe,2026-07-22,dwhitfield,2026-07-20,New Device,michael.scott,2026-07-22,New mobile device request for Michael Scott (United States),Michael Scott,Dana Whitfield
RITM1045738,3 - Moderate,Closed Complete,North America,United States,Dana Whitfield,New mobile device request,sc_req_item,true,dwhitfield,Mobility Services NA,Request fulfilled via Tangoe,2026-05-27,dwhitfield,2026-05-25,New Device,olga.nguyen,2026-05-27,New mobile device request for Olga Nguyen (United States),Olga Nguyen,Dana Whitfield
RITM1045739,3 - Moderate,Closed Complete,North America,United States,Dana Whitfield,Cancel mobile line - employee departure,sc_req_item,true,dwhitfield,Mobility Services NA,Request fulfilled via Tangoe,2024-09-17,dwhitfield,2024-09-10,Line Cancellation,matthew.brown,2024-09-17,Cancel mobile line - employee departure for Matthew Brown (United States),Matthew Brown,Dana Whitfield
RITM1045740,4 - Low,Closed Complete,North America,United States,Marco Bellini,International roaming plan for upcoming travel,sc_req_item,true,mbellini,Mobility Services NA,Request fulfilled via Tangoe,2025-06-16,mbellini,2025-06-14,International Travel,lisa.lewis,2025-06-16,International roaming plan for upcoming travel for Lisa Lewis (United States),Lisa Lewis,Marco Bellini
RITM1045741,3 - Moderate,Closed Complete,North America,United States,Marco Bellini,General mobility inquiry,sc_req_item,true,mbellini,Mobility Services NA,Request fulfilled via Tangoe,2024-05-22,mbellini,2024-05-21,N/A,james.thompson,2024-05-22,General mobility inquiry for James Thompson (United States),James Thompson,Marco Bellini
RITM1045742,3 - Moderate,Closed Complete,North America,United States,Tom Okafor,Mobile device upgrade,sc_req_item,true,tokafor,Mobility Services NA,Request fulfilled via Tangoe,2026-04-22,tokafor,2026-04-21,Device Upgrade,sarah.patel,2026-04-22,Mobile device upgrade for Sarah Patel (United States),Sarah Patel,Tom Okafor
RITM1045743,3 - Moderate,Closed Complete,North America,United States,Dana Whitfield,New mobile device request,sc_req_item,true,dwhitfield,Mobility Services NA,Request fulfilled via Tangoe,2024-09-17,dwhitfield,2024-09-14,New Device,nancy.hernandez,2024-09-17,New mobile device request for Nancy Hernandez (United States),Nancy Hernandez,Dana Whitfield
RITM1045744,3 - Moderate,Closed Complete,North America,United States,Tom Okafor,Mobile device not working,sc_req_item,true,tokafor,Mobility Services NA,Request fulfilled via Tangoe,2024-06-25,tokafor,2024-06-21,Troubleshooting,liam.robinson,2024-06-25,Mobile device not working for Liam Robinson (United States),Liam Robinson,Tom Okafor
RITM1045745,2 - High,Closed Complete,North America,United States,Grace Lindqvist,New mobile device request,sc_req_item,true,glindqvist,Mobility Services NA,Request fulfilled via Tangoe,2024-08-22,glindqvist,2024-08-17,New Device,ahmed.campbell,2024-08-22,New mobile device request for Ahmed Campbell (United States),Ahmed Campbell,Grace Lindqvist
RITM1045746,4 - Low,Closed Complete,North America,United States,Grace Lindqvist,International roaming plan for upcoming travel,sc_req_item,true,glindqvist,Mobility Services NA,Request fulfilled via Tangoe,2025-03-08,glindqvist,2025-03-08,International Travel,ashley.baker,2025-03-08,International roaming plan for upcoming travel for Ashley Baker (United States),Ashley Baker,Grace Lindqvist
RITM1045747,4 - Low,Closed Complete,North America,Canada,Dana Whitfield,Mobile device not working,sc_req_item,true,dwhitfield,Mobility Services NA,Request fulfilled via Tangoe,2024-05-15,dwhitfield,2024-05-10,Troubleshooting,james.nelson,2024-05-15,Mobile device not working for James Nelson (Canada),James Nelson,Dana Whitfield
RITM1045748,4 - Low,Closed Complete,North America,United States,Marco Bellini,Port personal number to corporate account,sc_req_item,true,mbellini,Mobility Services NA,Request fulfilled via Tangoe,2025-12-10,mbellini,2025-12-06,Number Port,betty.taylor,2025-12-10,Port personal number to corporate account for Betty Taylor (United States),Betty Taylor,Marco Bellini
RITM1045749,4 - Low,Closed Complete,North America,United States,Dana Whitfield,Port personal number to corporate account,sc_req_item,true,dwhitfield,Mobility Services NA,Request fulfilled via Tangoe,2025-09-29,dwhitfield,2025-09-26,Number Port,olga.gonzalez,2025-09-29,Port personal number to corporate account for Olga Gonzalez (United States),Olga Gonzalez,Dana Whitfield
RITM1045750,2 - High,Closed Complete,North America,United States,Aisha Karim,Mobile device upgrade,sc_req_item,true,akarim,Mobility Services NA,Request fulfilled via Tangoe,2026-07-15,akarim,2026-07-15,Device Upgrade,mary.walker,2026-07-15,Mobile device upgrade for Mary Walker (United States),Mary Walker,Aisha Karim
RITM1045751,4 - Low,Closed Complete,North America,United States,Victor Hale,Port personal number to corporate account,sc_req_item,true,vhale,Mobility Services NA,Request fulfilled via Tangoe,2024-03-08,vhale,2024-03-06,Number Port,sandra.kim,2024-03-08,Port personal number to corporate account for Sandra Kim (United States),Sandra Kim,Victor Hale
RITM1045752,2 - High,Closed Complete,North America,United States,Grace Lindqvist,International roaming plan for upcoming travel,sc_req_item,true,glindqvist,Mobility Services NA,Request fulfilled via Tangoe,2024-04-16,glindqvist,2024-04-16,International Travel,olga.baker,2024-04-16,International roaming plan for upcoming travel for Olga Baker (United States),Olga Baker,Grace Lindqvist
RITM1045753,3 - Moderate,Closed Complete,North America,United States,Tom Okafor,International roaming plan for upcoming travel,sc_req_item,true,tokafor,Mobility Services NA,Request fulfilled via Tangoe,2025-11-12,tokafor,2025-11-07,International Travel,mark.scott,2025-11-12,International roaming plan for upcoming travel for Mark Scott (United States),Mark Scott,Tom Okafor
RITM1045754,4 - Low,Closed Complete,North America,United States,Aisha Karim,International roaming plan for upcoming travel,sc_req_item,true,akarim,Mobility Services NA,Request fulfilled via Tangoe,2025-09-02,akarim,2025-09-02,International Travel,karen.thomas,2025-09-02,International roaming plan for upcoming travel for Karen Thomas (United States),Karen Thomas,Aisha Karim
RITM1045755,4 - Low,Closed Complete,North America,United States,Marco Bellini,Cancel mobile line - employee departure,sc_req_item,true,mbellini,Mobility Services NA,Request fulfilled via Tangoe,2026-01-07,mbellini,2025-12-26,Line Cancellation,omar.green,2026-01-07,Cancel mobile line - employee departure for Omar Green (United States),Omar Green,Marco Bellini
RITM1045756,3 - Moderate,Closed Complete,North America,United States,Aisha Karim,International roaming plan for upcoming travel,sc_req_item,true,akarim,Mobility Services NA,Request fulfilled via Tangoe,2024-04-17,akarim,2024-04-10,International Travel,david.allen,2024-04-17,International roaming plan for upcoming travel for David Allen (United States),David Allen,Aisha Karim
RITM1045757,4 - Low,Closed Incomplete,North America,United States,Grace Lindqvist,Port personal number to corporate account,sc_req_item,true,glindqvist,Mobility Services NA,Request fulfilled via Tangoe,2026-04-24,glindqvist,2026-04-24,Number Port,zoe.young,2026-04-24,Port personal number to corporate account for Zoe Young (United States),Zoe Young,Grace Lindqvist
RITM1045758,4 - Low,Closed Complete,North America,United States,Tom Okafor,Mobile device not working,sc_req_item,true,tokafor,Mobility Services NA,Request fulfilled via Tangoe,2026-01-23,tokafor,2026-01-22,Troubleshooting,stephanie.tremblay,2026-01-23,Mobile device not working for Stephanie Tremblay (United States),Stephanie Tremblay,Tom Okafor
RITM1045759,4 - Low,Closed Complete,North America,United States,Grace Lindqvist,New mobile device request,sc_req_item,true,glindqvist,Mobility Services NA,Request fulfilled via Tangoe,2025-02-25,glindqvist,2025-02-21,New Device,priya.wright,2025-02-25,New mobile device request for Priya Wright (United States),Priya Wright,Grace Lindqvist
RITM1045760,3 - Moderate,Closed Complete,North America,United States,Tom Okafor,International roaming plan for upcoming travel,sc_req_item,true,tokafor,Mobility Services NA,Request fulfilled via Tangoe,2024-11-11,tokafor,2024-11-07,International Travel,ana.torres,2024-11-11,International roaming plan for upcoming travel for Ana Torres (United States),Ana Torres,Tom Okafor
RITM1045761,3 - Moderate,Closed Complete,North America,United States,Marco Bellini,Lost or stolen device - suspend line,sc_req_item,true,mbellini,Mobility Services NA,Request fulfilled via Tangoe,2024-08-03,mbellini,2024-08-03,Lost/Stolen,fatima.martinez,2024-08-03,Lost or stolen device - suspend line for Fatima Martinez (United States),Fatima Martinez,Marco Bellini
RITM1045762,4 - Low,Closed Incomplete,North America,United States,Marco Bellini,New mobile device request,sc_req_item,true,mbellini,Mobility Services NA,Request fulfilled via Tangoe,2026-06-04,mbellini,2026-05-31,New Device,jessica.patel,2026-06-04,New mobile device request for Jessica Patel (United States),Jessica Patel,Marco Bellini
RITM1045763,3 - Moderate,Closed Complete,North America,Canada,Victor Hale,International roaming plan for upcoming travel,sc_req_item,true,vhale,Mobility Services NA,Request fulfilled via Tangoe,2024-09-24,vhale,2024-09-22,International Travel,noah.adams,2024-09-24,International roaming plan for upcoming travel for Noah Adams (Canada),Noah Adams,Victor Hale
RITM1045764,3 - Moderate,Closed Complete,North America,United States,Victor Hale,New mobile device request,sc_req_item,true,vhale,Mobility Services NA,Request fulfilled via Tangoe,2024-01-18,vhale,2024-01-13,New Device,robert.nguyen,2024-01-18,New mobile device request for Robert Nguyen (United States),Robert Nguyen,Victor Hale
RITM1045765,4 - Low,Closed Complete,North America,United States,Victor Hale,International roaming plan for upcoming travel,sc_req_item,true,vhale,Mobility Services NA,Request fulfilled via Tangoe,2024-09-21,vhale,2024-09-21,International Travel,david.nelson,2024-09-21,International roaming plan for upcoming travel for David Nelson (United States),David Nelson,Victor Hale
RITM1045766,4 - Low,Closed Complete,North America,United States,Grace Lindqvist,New mobile device request,sc_req_item,true,glindqvist,Mobility Services NA,Request fulfilled via Tangoe,2025-04-22,glindqvist,2025-04-17,New Device,anthony.smith,2025-04-22,New mobile device request for Anthony Smith (United States),Anthony Smith,Grace Lindqvist
RITM1045767,3 - Moderate,Closed Complete,North America,United States,Tom Okafor,New mobile device request,sc_req_item,true,tokafor,Mobility Services NA,Request fulfilled via Tangoe,2025-06-03,tokafor,2025-05-26,New Device,robert.martin,2025-06-03,New mobile device request for Robert Martin (United States),Robert Martin,Tom Okafor
RITM1045768,4 - Low,Closed Complete,North America,United States,Tom Okafor,Lost or stolen device - suspend line,sc_req_item,true,tokafor,Mobility Services NA,Request fulfilled via Tangoe,2025-01-30,tokafor,2025-01-29,Lost/Stolen,carlos.clark,2025-01-30,Lost or stolen device - suspend line for Carlos Clark (United States),Carlos Clark,Tom Okafor
RITM1045769,2 - High,Closed Complete,North America,United States,Tom Okafor,International roaming plan for upcoming travel,sc_req_item,true,tokafor,Mobility Services NA,Request fulfilled via Tangoe,2025-08-06,tokafor,2025-08-03,International Travel,yuki.gagnon,2025-08-06,International roaming plan for upcoming travel for Yuki Gagnon (United States),Yuki Gagnon,Tom Okafor
RITM1045770,3 - Moderate,Closed Complete,North America,United States,Marco Bellini,International roaming plan for upcoming travel,sc_req_item,true,mbellini,Mobility Services NA,Request fulfilled via Tangoe,2026-03-31,mbellini,2026-03-27,International Travel,olga.sanchez,2026-03-31,International roaming plan for upcoming travel for Olga Sanchez (United States),Olga Sanchez,Marco Bellini
RITM1045771,2 - High,Closed Complete,North America,United States,Victor Hale,Mobile device upgrade,sc_req_item,true,vhale,Mobility Services NA,Request fulfilled via Tangoe,2025-02-18,vhale,2025-02-13,Device Upgrade,leila.garcia,2025-02-18,Mobile device upgrade for Leila Garcia (United States),Leila Garcia,Victor Hale
RITM1045772,2 - High,Closed Complete,North America,United States,Victor Hale,New mobile device request,sc_req_item,true,vhale,Mobility Services NA,Request fulfilled via Tangoe,2025-03-18,vhale,2025-03-18,New Device,yuki.jones,2025-03-18,New mobile device request for Yuki Jones (United States),Yuki Jones,Victor Hale
RITM1045773,4 - Low,Closed Incomplete,North America,Canada,Aisha Karim,Mobile device upgrade,sc_req_item,true,akarim,Mobility Services NA,Request fulfilled via Tangoe,2025-06-09,akarim,2025-06-07,Device Upgrade,linda.chen,2025-06-09,Mobile device upgrade for Linda Chen (Canada),Linda Chen,Aisha Karim
RITM1045774,4 - Low,Closed Complete,North America,United States,Aisha Karim,Mobile device not working,sc_req_item,true,akarim,Mobility Services NA,Request fulfilled via Tangoe,2025-09-30,akarim,2025-09-25,Troubleshooting,barbara.sanchez,2025-09-30,Mobile device not working for Barbara Sanchez (United States),Barbara Sanchez,Aisha Karim
RITM1045775,3 - Moderate,Closed Complete,North America,United States,Aisha Karim,New mobile device request,sc_req_item,true,akarim,Mobility Services NA,Request fulfilled via Tangoe,2025-10-17,akarim,2025-10-06,New Device,raj.nelson,2025-10-17,New mobile device request for Raj Nelson (United States),Raj Nelson,Aisha Karim
RITM1045776,4 - Low,Closed Complete,North America,United States,Victor Hale,International roaming plan for upcoming travel,sc_req_item,true,vhale,Mobility Services NA,Request fulfilled via Tangoe,2025-11-17,vhale,2025-11-11,International Travel,susan.ramirez,2025-11-17,International roaming plan for upcoming travel for Susan Ramirez (United States),Susan Ramirez,Victor Hale
RITM1045777,2 - High,Closed Incomplete,North America,United States,Grace Lindqvist,New mobile device request,sc_req_item,true,glindqvist,Mobility Services NA,Request fulfilled via Tangoe,2025-06-25,glindqvist,2025-06-25,New Device,robert.smith,2025-06-25,New mobile device request for Robert Smith (United States),Robert Smith,Grace Lindqvist
RITM1045778,3 - Moderate,Closed Complete,North America,United States,Aisha Karim,Port personal number to corporate account,sc_req_item,true,akarim,Mobility Services NA,Request fulfilled via Tangoe,2025-12-30,akarim,2025-12-26,Number Port,jennifer.thomas,2025-12-30,Port personal number to corporate account for Jennifer Thomas (United States),Jennifer Thomas,Aisha Karim
RITM1045779,3 - Moderate,Closed Complete,North America,Canada,Grace Lindqvist,New mobile device request,sc_req_item,true,glindqvist,Mobility Services NA,Request fulfilled via Tangoe,2026-01-08,glindqvist,2026-01-01,New Device,amanda.gagnon,2026-01-08,New mobile device request for Amanda Gagnon (Canada),Amanda Gagnon,Grace Lindqvist
RITM1045780,4 - Low,Closed Complete,North America,United States,Victor Hale,International roaming plan for upcoming travel,sc_req_item,true,vhale,Mobility Services NA,Request fulfilled via Tangoe,2025-08-28,vhale,2025-08-23,International Travel,mia.thomas,2025-08-28,International roaming plan for upcoming travel for Mia Thomas (United States),Mia Thomas,Victor Hale
RITM1045781,3 - Moderate,Closed Complete,North America,United States,Marco Bellini,New mobile device request,sc_req_item,true,mbellini,Mobility Services NA,Request fulfilled via Tangoe,2024-12-23,mbellini,2024-12-13,New Device,liam.williams,2024-12-23,New mobile device request for Liam Williams (United States),Liam Williams,Marco Bellini
RITM1045782,4 - Low,Closed Complete,North America,United States,Dana Whitfield,Cancel mobile line - employee departure,sc_req_item,true,dwhitfield,Mobility Services NA,Request fulfilled via Tangoe,2024-05-24,dwhitfield,2024-05-20,Line Cancellation,james.mitchell,2024-05-24,Cancel mobile line - employee departure for James Mitchell (United States),James Mitchell,Dana Whitfield
RITM1045783,4 - Low,Closed Complete,North America,United States,Aisha Karim,International roaming plan for upcoming travel,sc_req_item,true,akarim,Mobility Services NA,Request fulfilled via Tangoe,2024-12-03,akarim,2024-11-29,International Travel,lisa.allen,2024-12-03,International roaming plan for upcoming travel for Lisa Allen (United States),Lisa Allen,Aisha Karim
RITM1045784,2 - High,Closed Complete,North America,United States,Victor Hale,New mobile device request,sc_req_item,true,vhale,Mobility Services NA,Request fulfilled via Tangoe,2025-10-21,vhale,2025-10-19,New Device,thomas.lopez,2025-10-21,New mobile device request for Thomas Lopez (United States),Thomas Lopez,Victor Hale
RITM1045785,4 - Low,Closed Complete,North America,United States,Victor Hale,New mobile device request,sc_req_item,true,vhale,Mobility Services NA,Request fulfilled via Tangoe,2024-10-04,vhale,2024-10-04,New Device,david.thomas,2024-10-04,New mobile device request for David Thomas (United States),David Thomas,Victor Hale
RITM1045786,3 - Moderate,Closed Complete,North America,United States,Victor Hale,New mobile device request,sc_req_item,true,vhale,Mobility Services NA,Request fulfilled via Tangoe,2025-10-14,vhale,2025-10-14,New Device,joseph.allen,2025-10-14,New mobile device request for Joseph Allen (United States),Joseph Allen,Victor Hale
RITM1045787,4 - Low,Closed Complete,North America,United States,Tom Okafor,Mobile device upgrade,sc_req_item,true,tokafor,Mobility Services NA,Request fulfilled via Tangoe,2026-02-10,tokafor,2026-02-06,Device Upgrade,jessica.torres,2026-02-10,Mobile device upgrade for Jessica Torres (United States),Jessica Torres,Tom Okafor
RITM1045788,3 - Moderate,Closed Complete,North America,United States,Marco Bellini,Mobile device not working,sc_req_item,true,mbellini,Mobility Services NA,Request fulfilled via Tangoe,2026-03-16,mbellini,2026-03-09,Troubleshooting,steven.young,2026-03-16,Mobile device not working for Steven Young (United States),Steven Young,Marco Bellini
RITM1045789,3 - Moderate,Work in Progress,North America,United States,Tom Okafor,Cancel mobile line - employee departure,sc_req_item,true,tokafor,Mobility Services NA,Awaiting carrier confirmation,2025-11-15,tokafor,2025-11-15,Line Cancellation,sofia.wilson,,Cancel mobile line - employee departure for Sofia Wilson (United States),Sofia Wilson,
RITM1045790,4 - Low,Closed Complete,North America,United States,Tom Okafor,Mobile device upgrade,sc_req_item,true,tokafor,Mobility Services NA,Request fulfilled via Tangoe,2025-10-21,tokafor,2025-10-21,Device Upgrade,david.carter,2025-10-21,Mobile device upgrade for David Carter (United States),David Carter,Tom Okafor
RITM1045791,4 - Low,Closed Complete,North America,United States,Tom Okafor,General mobility inquiry,sc_req_item,true,tokafor,Mobility Services NA,Request fulfilled via Tangoe,2024-09-08,tokafor,2024-09-08,N/A,jessica.thomas,2024-09-08,General mobility inquiry for Jessica Thomas (United States),Jessica Thomas,Tom Okafor
RITM1045792,4 - Low,Work in Progress,North America,United States,Victor Hale,Cancel mobile line - employee departure,sc_req_item,true,vhale,Mobility Services NA,Awaiting carrier confirmation,2024-05-20,vhale,2024-05-20,Line Cancellation,hiroshi.clark,,Cancel mobile line - employee departure for Hiroshi Clark (United States),Hiroshi Clark,
RITM1045793,4 - Low,Closed Complete,North America,United States,Tom Okafor,New mobile device request,sc_req_item,true,tokafor,Mobility Services NA,Request fulfilled via Tangoe,2024-02-05,tokafor,2024-01-30,New Device,wei.hall,2024-02-05,New mobile device request for Wei Hall (United States),Wei Hall,Tom Okafor
RITM1045794,3 - Moderate,Closed Complete,North America,United States,Dana Whitfield,New mobile device request,sc_req_item,true,dwhitfield,Mobility Services NA,Request fulfilled via Tangoe,2024-12-17,dwhitfield,2024-12-13,New Device,zoe.harris,2024-12-17,New mobile device request for Zoe Harris (United States),Zoe Harris,Dana Whitfield
RITM1045795,4 - Low,Closed Complete,North America,United States,Aisha Karim,Mobile device not working,sc_req_item,true,akarim,Mobility Services NA,Request fulfilled via Tangoe,2026-03-04,akarim,2026-03-03,Troubleshooting,mateo.white,2026-03-04,Mobile device not working for Mateo White (United States),Mateo White,Aisha Karim
RITM1045796,4 - Low,Closed Complete,North America,United States,Dana Whitfield,New mobile device request,sc_req_item,true,dwhitfield,Mobility Services NA,Request fulfilled via Tangoe,2025-02-24,dwhitfield,2025-02-24,New Device,daniel.hill,2025-02-24,New mobile device request for Daniel Hill (United States),Daniel Hill,Dana Whitfield
RITM1045797,4 - Low,Closed Incomplete,North America,United States,Victor Hale,Mobile device upgrade,sc_req_item,true,vhale,Mobility Services NA,Request fulfilled via Tangoe,2026-05-13,vhale,2026-05-12,Device Upgrade,karen.roberts,2026-05-13,Mobile device upgrade for Karen Roberts (United States),Karen Roberts,Victor Hale
RITM1045798,3 - Moderate,Closed Complete,North America,United States,Victor Hale,Mobile device not working,sc_req_item,true,vhale,Mobility Services NA,Request fulfilled via Tangoe,2025-06-10,vhale,2025-06-06,Troubleshooting,emily.clark,2025-06-10,Mobile device not working for Emily Clark (United States),Emily Clark,Victor Hale
RITM1045799,4 - Low,Closed Complete,North America,United States,Victor Hale,New mobile device request,sc_req_item,true,vhale,Mobility Services NA,Request fulfilled via Tangoe,2026-02-25,vhale,2026-02-22,New Device,ana.king,2026-02-25,New mobile device request for Ana King (United States),Ana King,Victor Hale
RITM1045800,2 - High,Closed Complete,North America,United States,Aisha Karim,International roaming plan for upcoming travel,sc_req_item,true,akarim,Mobility Services NA,Request fulfilled via Tangoe,2024-05-06,akarim,2024-05-02,International Travel,yuki.king,2024-05-06,International roaming plan for upcoming travel for Yuki King (United States),Yuki King,Aisha Karim
RITM1045801,4 - Low,Closed Complete,North America,United States,Grace Lindqvist,Mobile device upgrade,sc_req_item,true,glindqvist,Mobility Services NA,Request fulfilled via Tangoe,2025-06-23,glindqvist,2025-06-18,Device Upgrade,mia.nelson,2025-06-23,Mobile device upgrade for Mia Nelson (United States),Mia Nelson,Grace Lindqvist
RITM1045802,3 - Moderate,Closed Complete,North America,United States,Grace Lindqvist,Cancel mobile line - employee departure,sc_req_item,true,glindqvist,Mobility Services NA,Request fulfilled via Tangoe,2026-07-25,glindqvist,2026-07-25,Line Cancellation,steven.young,2026-07-25,Cancel mobile line - employee departure for Steven Young (United States),Steven Young,Grace Lindqvist
RITM1045803,4 - Low,Closed Complete,North America,Canada,Tom Okafor,Mobile device not working,sc_req_item,true,tokafor,Mobility Services NA,Request fulfilled via Tangoe,2025-07-21,tokafor,2025-07-17,Troubleshooting,william.lewis,2025-07-21,Mobile device not working for William Lewis (Canada),William Lewis,Tom Okafor
RITM1045804,4 - Low,Closed Complete,North America,United States,Grace Lindqvist,Mobile device not working,sc_req_item,true,glindqvist,Mobility Services NA,Request fulfilled via Tangoe,2025-03-28,glindqvist,2025-03-28,Troubleshooting,brian.patel,2025-03-28,Mobile device not working for Brian Patel (United States),Brian Patel,Grace Lindqvist
RITM1045805,4 - Low,Closed Complete,North America,Canada,Victor Hale,International roaming plan for upcoming travel,sc_req_item,true,vhale,Mobility Services NA,Request fulfilled via Tangoe,2026-04-07,vhale,2026-04-05,International Travel,michael.patel,2026-04-07,International roaming plan for upcoming travel for Michael Patel (Canada),Michael Patel,Victor Hale
RITM1045806,3 - Moderate,Closed Complete,North America,Canada,Marco Bellini,New mobile device request,sc_req_item,true,mbellini,Mobility Services NA,Request fulfilled via Tangoe,2026-03-17,mbellini,2026-03-13,New Device,ethan.flores,2026-03-17,New mobile device request for Ethan Flores (Canada),Ethan Flores,Marco Bellini
RITM1045807,4 - Low,Closed Complete,North America,United States,Dana Whitfield,Mobile device not working,sc_req_item,true,dwhitfield,Mobility Services NA,Request fulfilled via Tangoe,2024-10-22,dwhitfield,2024-10-17,Troubleshooting,karen.harris,2024-10-22,Mobile device not working for Karen Harris (United States),Karen Harris,Dana Whitfield
RITM1045808,4 - Low,Closed Complete,North America,United States,Aisha Karim,Cancel mobile line - employee departure,sc_req_item,true,akarim,Mobility Services NA,Request fulfilled via Tangoe,2024-05-15,akarim,2024-05-12,Line Cancellation,mia.thomas,2024-05-15,Cancel mobile line - employee departure for Mia Thomas (United States),Mia Thomas,Aisha Karim
RITM1045809,4 - Low,Closed Incomplete,North America,United States,Dana Whitfield,International roaming plan for upcoming travel,sc_req_item,true,dwhitfield,Mobility Services NA,Request fulfilled via Tangoe,2024-05-07,dwhitfield,2024-05-06,International Travel,omar.harris,2024-05-07,International roaming plan for upcoming travel for Omar Harris (United States),Omar Harris,Dana Whitfield
RITM1045810,4 - Low,Closed Complete,North America,United States,Victor Hale,Mobile device upgrade,sc_req_item,true,vhale,Mobility Services NA,Request fulfilled via Tangoe,2025-04-30,vhale,2025-04-27,Device Upgrade,fatima.davis,2025-04-30,Mobile device upgrade for Fatima Davis (United States),Fatima Davis,Victor Hale
RITM1045811,4 - Low,Closed Complete,North America,United States,Tom Okafor,Lost or stolen device - suspend line,sc_req_item,true,tokafor,Mobility Services NA,Request fulfilled via Tangoe,2024-10-16,tokafor,2024-10-13,Lost/Stolen,steven.young,2024-10-16,Lost or stolen device - suspend line for Steven Young (United States),Steven Young,Tom Okafor
RITM1045812,4 - Low,Closed Complete,North America,United States,Tom Okafor,International roaming plan for upcoming travel,sc_req_item,true,tokafor,Mobility Services NA,Request fulfilled via Tangoe,2026-03-17,tokafor,2026-03-17,International Travel,ashley.flores,2026-03-17,International roaming plan for upcoming travel for Ashley Flores (United States),Ashley Flores,Tom Okafor
RITM1045813,4 - Low,Closed Complete,North America,United States,Marco Bellini,Mobile device not working,sc_req_item,true,mbellini,Mobility Services NA,Request fulfilled via Tangoe,2024-06-13,mbellini,2024-06-12,Troubleshooting,lisa.wilson,2024-06-13,Mobile device not working for Lisa Wilson (United States),Lisa Wilson,Marco Bellini
RITM1045814,3 - Moderate,Closed Complete,North America,Canada,Marco Bellini,Mobile device not working,sc_req_item,true,mbellini,Mobility Services NA,Request fulfilled via Tangoe,2025-11-11,mbellini,2025-11-11,Troubleshooting,elizabeth.young,2025-11-11,Mobile device not working for Elizabeth Young (Canada),Elizabeth Young,Marco Bellini
RITM1045815,4 - Low,Closed Complete,North America,United States,Dana Whitfield,Mobile device upgrade,sc_req_item,true,dwhitfield,Mobility Services NA,Request fulfilled via Tangoe,2026-04-27,dwhitfield,2026-04-17,Device Upgrade,jessica.campbell,2026-04-27,Mobile device upgrade for Jessica Campbell (United States),Jessica Campbell,Dana Whitfield
RITM1045816,4 - Low,Closed Complete,North America,United States,Tom Okafor,Mobile device upgrade,sc_req_item,true,tokafor,Mobility Services NA,Request fulfilled via Tangoe,2025-08-23,tokafor,2025-08-23,Device Upgrade,sofia.roy,2025-08-23,Mobile device upgrade for Sofia Roy (United States),Sofia Roy,Tom Okafor
RITM1045817,3 - Moderate,Closed Complete,North America,United States,Dana Whitfield,New mobile device request,sc_req_item,true,dwhitfield,Mobility Services NA,Request fulfilled via Tangoe,2025-11-21,dwhitfield,2025-11-18,New Device,sarah.lewis,2025-11-21,New mobile device request for Sarah Lewis (United States),Sarah Lewis,Dana Whitfield
RITM1045818,4 - Low,Open,North America,Canada,Marco Bellini,Port personal number to corporate account,sc_req_item,true,mbellini,Mobility Services NA,Awaiting carrier confirmation,2024-05-11,mbellini,2024-05-11,Number Port,joseph.tremblay,,Port personal number to corporate account for Joseph Tremblay (Canada),Joseph Tremblay,
RITM1045819,4 - Low,Closed Complete,North America,United States,Victor Hale,International roaming plan for upcoming travel,sc_req_item,true,vhale,Mobility Services NA,Request fulfilled via Tangoe,2024-01-10,vhale,2024-01-09,International Travel,joshua.taylor,2024-01-10,International roaming plan for upcoming travel for Joshua Taylor (United States),Joshua Taylor,Victor Hale
RITM1045820,3 - Moderate,Closed Complete,North America,United States,Victor Hale,Mobile device upgrade,sc_req_item,true,vhale,Mobility Services NA,Request fulfilled via Tangoe,2026-03-19,vhale,2026-03-14,Device Upgrade,mia.lee,2026-03-19,Mobile device upgrade for Mia Lee (United States),Mia Lee,Victor Hale
RITM1045821,3 - Moderate,Closed Complete,North America,United States,Aisha Karim,International roaming plan for upcoming travel,sc_req_item,true,akarim,Mobility Services NA,Request fulfilled via Tangoe,2026-03-04,akarim,2026-03-01,International Travel,joseph.sanchez,2026-03-04,International roaming plan for upcoming travel for Joseph Sanchez (United States),Joseph Sanchez,Aisha Karim
RITM1045822,3 - Moderate,Closed Complete,North America,United States,Victor Hale,Port personal number to corporate account,sc_req_item,true,vhale,Mobility Services NA,Request fulfilled via Tangoe,2026-03-09,vhale,2026-03-07,Number Port,zoe.brown,2026-03-09,Port personal number to corporate account for Zoe Brown (United States),Zoe Brown,Victor Hale
RITM1045823,3 - Moderate,Work in Progress,North America,United States,Aisha Karim,International roaming plan for upcoming travel,sc_req_item,true,akarim,Mobility Services NA,Awaiting carrier confirmation,2025-06-18,akarim,2025-06-18,International Travel,joshua.harris,,International roaming plan for upcoming travel for Joshua Harris (United States),Joshua Harris,
RITM1045824,4 - Low,Closed Complete,North America,United States,Marco Bellini,Mobile device not working,sc_req_item,true,mbellini,Mobility Services NA,Request fulfilled via Tangoe,2025-04-09,mbellini,2025-04-07,Troubleshooting,mark.rodriguez,2025-04-09,Mobile device not working for Mark Rodriguez (United States),Mark Rodriguez,Marco Bellini
RITM1045825,4 - Low,Closed Complete,North America,United States,Aisha Karim,New mobile device request,sc_req_item,true,akarim,Mobility Services NA,Request fulfilled via Tangoe,2024-10-08,akarim,2024-09-30,New Device,thomas.hernandez,2024-10-08,New mobile device request for Thomas Hernandez (United States),Thomas Hernandez,Aisha Karim
RITM1045826,2 - High,Closed Complete,North America,Canada,Tom Okafor,Mobile device upgrade,sc_req_item,true,tokafor,Mobility Services NA,Request fulfilled via Tangoe,2025-06-06,tokafor,2025-06-04,Device Upgrade,hiroshi.carter,2025-06-06,Mobile device upgrade for Hiroshi Carter (Canada),Hiroshi Carter,Tom Okafor
RITM1045827,3 - Moderate,Closed Complete,North America,United States,Victor Hale,Cancel mobile line - employee departure,sc_req_item,true,vhale,Mobility Services NA,Request fulfilled via Tangoe,2024-12-09,vhale,2024-12-08,Line Cancellation,michael.hill,2024-12-09,Cancel mobile line - employee departure for Michael Hill (United States),Michael Hill,Victor Hale
RITM1045828,4 - Low,Closed Complete,North America,United States,Dana Whitfield,New mobile device request,sc_req_item,true,dwhitfield,Mobility Services NA,Request fulfilled via Tangoe,2024-12-24,dwhitfield,2024-12-20,New Device,liam.adams,2024-12-24,New mobile device request for Liam Adams (United States),Liam Adams,Dana Whitfield
RITM1045829,4 - Low,Closed Complete,North America,United States,Dana Whitfield,New mobile device request,sc_req_item,true,dwhitfield,Mobility Services NA,Request fulfilled via Tangoe,2026-03-03,dwhitfield,2026-02-28,New Device,priya.young,2026-03-03,New mobile device request for Priya Young (United States),Priya Young,Dana Whitfield
RITM1045830,4 - Low,Closed Complete,North America,United States,Victor Hale,Mobile device upgrade,sc_req_item,true,vhale,Mobility Services NA,Request fulfilled via Tangoe,2026-02-17,vhale,2026-02-12,Device Upgrade,elizabeth.tremblay,2026-02-17,Mobile device upgrade for Elizabeth Tremblay (United States),Elizabeth Tremblay,Victor Hale
RITM1045831,3 - Moderate,Closed Complete,North America,United States,Tom Okafor,New mobile device request,sc_req_item,true,tokafor,Mobility Services NA,Request fulfilled via Tangoe,2026-01-13,tokafor,2026-01-11,New Device,jennifer.allen,2026-01-13,New mobile device request for Jennifer Allen (United States),Jennifer Allen,Tom Okafor
RITM1045832,3 - Moderate,Open,North America,United States,Tom Okafor,Port personal number to corporate account,sc_req_item,true,tokafor,Mobility Services NA,Awaiting carrier confirmation,2026-08-27,tokafor,2026-08-27,Number Port,jennifer.campbell,,Port personal number to corporate account for Jennifer Campbell (United States),Jennifer Campbell,
RITM1045833,4 - Low,Closed Complete,North America,United States,Marco Bellini,Cancel mobile line - employee departure,sc_req_item,true,mbellini,Mobility Services NA,Request fulfilled via Tangoe,2024-10-18,mbellini,2024-10-16,Line Cancellation,ava.white,2024-10-18,Cancel mobile line - employee departure for Ava White (United States),Ava White,Marco Bellini
RITM1045834,4 - Low,Closed Complete,North America,United States,Marco Bellini,International roaming plan for upcoming travel,sc_req_item,true,mbellini,Mobility Services NA,Request fulfilled via Tangoe,2025-02-21,mbellini,2025-02-17,International Travel,ava.young,2025-02-21,International roaming plan for upcoming travel for Ava Young (United States),Ava Young,Marco Bellini
RITM1045835,2 - High,Closed Complete,North America,United States,Victor Hale,Port personal number to corporate account,sc_req_item,true,vhale,Mobility Services NA,Request fulfilled via Tangoe,2026-06-06,vhale,2026-06-06,Number Port,thomas.kim,2026-06-06,Port personal number to corporate account for Thomas Kim (United States),Thomas Kim,Victor Hale
RITM1045836,3 - Moderate,Closed Complete,North America,United States,Marco Bellini,Mobile device upgrade,sc_req_item,true,mbellini,Mobility Services NA,Request fulfilled via Tangoe,2024-11-25,mbellini,2024-11-24,Device Upgrade,karen.moore,2024-11-25,Mobile device upgrade for Karen Moore (United States),Karen Moore,Marco Bellini
RITM1045837,4 - Low,Closed Complete,North America,United States,Victor Hale,New mobile device request,sc_req_item,true,vhale,Mobility Services NA,Request fulfilled via Tangoe,2024-05-01,vhale,2024-04-29,New Device,amanda.gonzalez,2024-05-01,New mobile device request for Amanda Gonzalez (United States),Amanda Gonzalez,Victor Hale
RITM1045838,3 - Moderate,Closed Complete,North America,United States,Victor Hale,Lost or stolen device - suspend line,sc_req_item,true,vhale,Mobility Services NA,Request fulfilled via Tangoe,2025-11-18,vhale,2025-11-14,Lost/Stolen,karen.walker,2025-11-18,Lost or stolen device - suspend line for Karen Walker (United States),Karen Walker,Victor Hale
RITM1045839,4 - Low,Closed Complete,North America,United States,Aisha Karim,New mobile device request,sc_req_item,true,akarim,Mobility Services NA,Request fulfilled via Tangoe,2024-10-07,akarim,2024-10-03,New Device,linda.chen,2024-10-07,New mobile device request for Linda Chen (United States),Linda Chen,Aisha Karim
RITM1045840,2 - High,Closed Complete,North America,United States,Victor Hale,Mobile device upgrade,sc_req_item,true,vhale,Mobility Services NA,Request fulfilled via Tangoe,2024-12-31,vhale,2024-12-30,Device Upgrade,fatima.chen,2024-12-31,Mobile device upgrade for Fatima Chen (United States),Fatima Chen,Victor Hale
RITM1045841,2 - High,Closed Complete,North America,United States,Dana Whitfield,Mobile device not working,sc_req_item,true,dwhitfield,Mobility Services NA,Request fulfilled via Tangoe,2025-11-24,dwhitfield,2025-11-20,Troubleshooting,noah.green,2025-11-24,Mobile device not working for Noah Green (United States),Noah Green,Dana Whitfield
RITM1045842,3 - Moderate,Closed Complete,North America,United States,Aisha Karim,Mobile device upgrade,sc_req_item,true,akarim,Mobility Services NA,Request fulfilled via Tangoe,2026-09-13,akarim,2026-09-13,Device Upgrade,susan.gonzalez,2026-09-13,Mobile device upgrade for Susan Gonzalez (United States),Susan Gonzalez,Aisha Karim
RITM1045843,4 - Low,Closed Complete,North America,United States,Grace Lindqvist,Lost or stolen device - suspend line,sc_req_item,true,glindqvist,Mobility Services NA,Request fulfilled via Tangoe,2026-05-27,glindqvist,2026-05-26,Lost/Stolen,ethan.harris,2026-05-27,Lost or stolen device - suspend line for Ethan Harris (United States),Ethan Harris,Grace Lindqvist
RITM1045844,4 - Low,Closed Complete,North America,Canada,Tom Okafor,Lost or stolen device - suspend line,sc_req_item,true,tokafor,Mobility Services NA,Request fulfilled via Tangoe,2026-08-03,tokafor,2026-07-30,Lost/Stolen,susan.harris,2026-08-03,Lost or stolen device - suspend line for Susan Harris (Canada),Susan Harris,Tom Okafor
RITM1045845,3 - Moderate,Closed Complete,North America,Canada,Marco Bellini,Cancel mobile line - employee departure,sc_req_item,true,mbellini,Mobility Services NA,Request fulfilled via Tangoe,2025-07-22,mbellini,2025-07-21,Line Cancellation,noah.carter,2025-07-22,Cancel mobile line - employee departure for Noah Carter (Canada),Noah Carter,Marco Bellini
RITM1045846,3 - Moderate,Closed Complete,North America,United States,Victor Hale,New mobile device request,sc_req_item,true,vhale,Mobility Services NA,Request fulfilled via Tangoe,2024-12-04,vhale,2024-11-26,New Device,wei.baker,2024-12-04,New mobile device request for Wei Baker (United States),Wei Baker,Victor Hale
RITM1045847,3 - Moderate,Closed Incomplete,North America,United States,Grace Lindqvist,Mobile device upgrade,sc_req_item,true,glindqvist,Mobility Services NA,Request fulfilled via Tangoe,2026-02-06,glindqvist,2026-01-30,Device Upgrade,ahmed.moore,2026-02-06,Mobile device upgrade for Ahmed Moore (United States),Ahmed Moore,Grace Lindqvist
RITM1045848,3 - Moderate,Closed Complete,North America,United States,Tom Okafor,General mobility inquiry,sc_req_item,true,tokafor,Mobility Services NA,Request fulfilled via Tangoe,2026-05-15,tokafor,2026-05-11,N/A,jennifer.martin,2026-05-15,General mobility inquiry for Jennifer Martin (United States),Jennifer Martin,Tom Okafor
RITM1045849,3 - Moderate,Closed Complete,North America,United States,Dana Whitfield,International roaming plan for upcoming travel,sc_req_item,true,dwhitfield,Mobility Services NA,Request fulfilled via Tangoe,2025-04-23,dwhitfield,2025-04-19,International Travel,robert.carter,2025-04-23,International roaming plan for upcoming travel for Robert Carter (United States),Robert Carter,Dana Whitfield
RITM1045850,4 - Low,Closed Complete,North America,United States,Aisha Karim,New mobile device request,sc_req_item,true,akarim,Mobility Services NA,Request fulfilled via Tangoe,2024-01-10,akarim,2024-01-03,New Device,ahmed.novak,2024-01-10,New mobile device request for Ahmed Novak (United States),Ahmed Novak,Aisha Karim
RITM1045851,4 - Low,Closed Complete,North America,United States,Marco Bellini,Mobile device upgrade,sc_req_item,true,mbellini,Mobility Services NA,Request fulfilled via Tangoe,2025-04-12,mbellini,2025-04-12,Device Upgrade,fatima.martinez,2025-04-12,Mobile device upgrade for Fatima Martinez (United States),Fatima Martinez,Marco Bellini
RITM1045852,4 - Low,Closed Complete,North America,United States,Grace Lindqvist,Lost or stolen device - suspend line,sc_req_item,true,glindqvist,Mobility Services NA,Request fulfilled via Tangoe,2026-07-22,glindqvist,2026-07-16,Lost/Stolen,carlos.king,2026-07-22,Lost or stolen device - suspend line for Carlos King (United States),Carlos King,Grace Lindqvist
RITM1045853,4 - Low,Closed Complete,North America,Canada,Marco Bellini,Mobile device upgrade,sc_req_item,true,mbellini,Mobility Services NA,Request fulfilled via Tangoe,2024-02-01,mbellini,2024-01-23,Device Upgrade,omar.harris,2024-02-01,Mobile device upgrade for Omar Harris (Canada),Omar Harris,Marco Bellini
RITM1045854,4 - Low,Closed Complete,North America,United States,Dana Whitfield,Lost or stolen device - suspend line,sc_req_item,true,dwhitfield,Mobility Services NA,Request fulfilled via Tangoe,2024-02-05,dwhitfield,2024-02-04,Lost/Stolen,sarah.wright,2024-02-05,Lost or stolen device - suspend line for Sarah Wright (United States),Sarah Wright,Dana Whitfield
RITM1045855,3 - Moderate,Closed Complete,North America,United States,Victor Hale,Mobile device upgrade,sc_req_item,true,vhale,Mobility Services NA,Request fulfilled via Tangoe,2025-11-06,vhale,2025-11-05,Device Upgrade,chloe.flores,2025-11-06,Mobile device upgrade for Chloe Flores (United States),Chloe Flores,Victor Hale
RITM1045856,3 - Moderate,Closed Complete,North America,United States,Marco Bellini,International roaming plan for upcoming travel,sc_req_item,true,mbellini,Mobility Services NA,Request fulfilled via Tangoe,2026-04-10,mbellini,2026-04-10,International Travel,mateo.flores,2026-04-10,International roaming plan for upcoming travel for Mateo Flores (United States),Mateo Flores,Marco Bellini
RITM1045857,4 - Low,Closed Complete,North America,United States,Tom Okafor,New mobile device request,sc_req_item,true,tokafor,Mobility Services NA,Request fulfilled via Tangoe,2024-07-22,tokafor,2024-07-14,New Device,betty.taylor,2024-07-22,New mobile device request for Betty Taylor (United States),Betty Taylor,Tom Okafor
RITM1045858,4 - Low,Closed Complete,North America,United States,Victor Hale,Mobile device upgrade,sc_req_item,true,vhale,Mobility Services NA,Request fulfilled via Tangoe,2025-03-19,vhale,2025-03-12,Device Upgrade,mia.anderson,2025-03-19,Mobile device upgrade for Mia Anderson (United States),Mia Anderson,Victor Hale
RITM1045859,4 - Low,Closed Complete,North America,United States,Marco Bellini,New mobile device request,sc_req_item,true,mbellini,Mobility Services NA,Request fulfilled via Tangoe,2024-11-14,mbellini,2024-11-11,New Device,william.king,2024-11-14,New mobile device request for William King (United States),William King,Marco Bellini
RITM1045860,4 - Low,Closed Incomplete,North America,United States,Tom Okafor,Port personal number to corporate account,sc_req_item,true,tokafor,Mobility Services NA,Request fulfilled via Tangoe,2025-03-25,tokafor,2025-03-20,Number Port,mateo.kim,2025-03-25,Port personal number to corporate account for Mateo Kim (United States),Mateo Kim,Tom Okafor
RITM1045861,3 - Moderate,Work in Progress,North America,United States,Tom Okafor,Mobile device upgrade,sc_req_item,true,tokafor,Mobility Services NA,Awaiting carrier confirmation,2026-06-09,tokafor,2026-06-09,Device Upgrade,matthew.brown,,Mobile device upgrade for Matthew Brown (United States),Matthew Brown,
RITM1045862,4 - Low,Closed Complete,North America,United States,Tom Okafor,Lost or stolen device - suspend line,sc_req_item,true,tokafor,Mobility Services NA,Request fulfilled via Tangoe,2025-06-17,tokafor,2025-06-16,Lost/Stolen,yuki.rodriguez,2025-06-17,Lost or stolen device - suspend line for Yuki Rodriguez (United States),Yuki Rodriguez,Tom Okafor
RITM1045863,4 - Low,Closed Incomplete,North America,United States,Dana Whitfield,New mobile device request,sc_req_item,true,dwhitfield,Mobility Services NA,Request fulfilled via Tangoe,2026-08-13,dwhitfield,2026-08-12,New Device,richard.carter,2026-08-13,New mobile device request for Richard Carter (United States),Richard Carter,Dana Whitfield
RITM1045864,4 - Low,Closed Incomplete,North America,United States,Marco Bellini,International roaming plan for upcoming travel,sc_req_item,true,mbellini,Mobility Services NA,Request fulfilled via Tangoe,2026-01-01,mbellini,2025-12-30,International Travel,james.nelson,2026-01-01,International roaming plan for upcoming travel for James Nelson (United States),James Nelson,Marco Bellini
RITM1045865,2 - High,Closed Complete,North America,United States,Grace Lindqvist,International roaming plan for upcoming travel,sc_req_item,true,glindqvist,Mobility Services NA,Request fulfilled via Tangoe,2025-07-08,glindqvist,2025-07-08,International Travel,linda.moore,2025-07-08,International roaming plan for upcoming travel for Linda Moore (United States),Linda Moore,Grace Lindqvist
RITM1045866,3 - Moderate,Closed Incomplete,North America,United States,Dana Whitfield,Cancel mobile line - employee departure,sc_req_item,true,dwhitfield,Mobility Services NA,Request fulfilled via Tangoe,2025-04-29,dwhitfield,2025-04-29,Line Cancellation,amanda.roy,2025-04-29,Cancel mobile line - employee departure for Amanda Roy (United States),Amanda Roy,Dana Whitfield
RITM1045867,3 - Moderate,Closed Complete,North America,United States,Dana Whitfield,Cancel mobile line - employee departure,sc_req_item,true,dwhitfield,Mobility Services NA,Request fulfilled via Tangoe,2024-10-09,dwhitfield,2024-10-04,Line Cancellation,kevin.carter,2024-10-09,Cancel mobile line - employee departure for Kevin Carter (United States),Kevin Carter,Dana Whitfield
RITM1045868,4 - Low,Closed Complete,North America,United States,Grace Lindqvist,New mobile device request,sc_req_item,true,glindqvist,Mobility Services NA,Request fulfilled via Tangoe,2024-02-08,glindqvist,2024-02-04,New Device,raj.torres,2024-02-08,New mobile device request for Raj Torres (United States),Raj Torres,Grace Lindqvist
RITM1045869,3 - Moderate,Closed Complete,North America,Canada,Aisha Karim,Mobile device not working,sc_req_item,true,akarim,Mobility Services NA,Request fulfilled via Tangoe,2024-10-02,akarim,2024-09-30,Troubleshooting,nancy.adams,2024-10-02,Mobile device not working for Nancy Adams (Canada),Nancy Adams,Aisha Karim
RITM1045870,4 - Low,Closed Complete,North America,United States,Tom Okafor,Mobile device not working,sc_req_item,true,tokafor,Mobility Services NA,Request fulfilled via Tangoe,2024-04-18,tokafor,2024-04-15,Troubleshooting,karen.harris,2024-04-18,Mobile device not working for Karen Harris (United States),Karen Harris,Tom Okafor
RITM1045871,3 - Moderate,Closed Complete,North America,United States,Marco Bellini,Cancel mobile line - employee departure,sc_req_item,true,mbellini,Mobility Services NA,Request fulfilled via Tangoe,2024-02-09,mbellini,2024-02-06,Line Cancellation,mark.martinez,2024-02-09,Cancel mobile line - employee departure for Mark Martinez (United States),Mark Martinez,Marco Bellini
RITM1045872,4 - Low,Closed Complete,North America,United States,Victor Hale,Mobile device not working,sc_req_item,true,vhale,Mobility Services NA,Request fulfilled via Tangoe,2024-05-27,vhale,2024-05-25,Troubleshooting,lisa.chen,2024-05-27,Mobile device not working for Lisa Chen (United States),Lisa Chen,Victor Hale
RITM1045873,3 - Moderate,Closed Complete,North America,United States,Aisha Karim,Mobile device not working,sc_req_item,true,akarim,Mobility Services NA,Request fulfilled via Tangoe,2026-05-19,akarim,2026-05-08,Troubleshooting,jessica.patel,2026-05-19,Mobile device not working for Jessica Patel (United States),Jessica Patel,Aisha Karim
RITM1045874,3 - Moderate,Closed Complete,North America,United States,Tom Okafor,Port personal number to corporate account,sc_req_item,true,tokafor,Mobility Services NA,Request fulfilled via Tangoe,2024-08-27,tokafor,2024-08-18,Number Port,carlos.clark,2024-08-27,Port personal number to corporate account for Carlos Clark (United States),Carlos Clark,Tom Okafor
RITM1045875,2 - High,Closed Incomplete,North America,United States,Aisha Karim,Port personal number to corporate account,sc_req_item,true,akarim,Mobility Services NA,Request fulfilled via Tangoe,2026-07-09,akarim,2026-07-09,Number Port,leila.gagnon,2026-07-09,Port personal number to corporate account for Leila Gagnon (United States),Leila Gagnon,Aisha Karim
RITM1045876,4 - Low,Closed Complete,North America,United States,Aisha Karim,Mobile device not working,sc_req_item,true,akarim,Mobility Services NA,Request fulfilled via Tangoe,2026-07-31,akarim,2026-07-24,Troubleshooting,robert.lewis,2026-07-31,Mobile device not working for Robert Lewis (United States),Robert Lewis,Aisha Karim
RITM1045877,3 - Moderate,Closed Complete,North America,United States,Tom Okafor,Mobile device not working,sc_req_item,true,tokafor,Mobility Services NA,Request fulfilled via Tangoe,2025-09-29,tokafor,2025-09-20,Troubleshooting,olga.sanchez,2025-09-29,Mobile device not working for Olga Sanchez (United States),Olga Sanchez,Tom Okafor
RITM1045878,2 - High,Closed Complete,North America,United States,Marco Bellini,International roaming plan for upcoming travel,sc_req_item,true,mbellini,Mobility Services NA,Request fulfilled via Tangoe,2026-03-20,mbellini,2026-03-14,International Travel,olga.walker,2026-03-20,International roaming plan for upcoming travel for Olga Walker (United States),Olga Walker,Marco Bellini
RITM1045879,2 - High,Closed Complete,North America,United States,Victor Hale,Cancel mobile line - employee departure,sc_req_item,true,vhale,Mobility Services NA,Request fulfilled via Tangoe,2024-03-12,vhale,2024-03-05,Line Cancellation,mateo.adams,2024-03-12,Cancel mobile line - employee departure for Mateo Adams (United States),Mateo Adams,Victor Hale
RITM1045880,3 - Moderate,Closed Complete,North America,United States,Tom Okafor,Cancel mobile line - employee departure,sc_req_item,true,tokafor,Mobility Services NA,Request fulfilled via Tangoe,2024-03-22,tokafor,2024-03-19,Line Cancellation,olga.hernandez,2024-03-22,Cancel mobile line - employee departure for Olga Hernandez (United States),Olga Hernandez,Tom Okafor
RITM1045881,3 - Moderate,Open,North America,United States,Grace Lindqvist,New mobile device request,sc_req_item,true,glindqvist,Mobility Services NA,Awaiting carrier confirmation,2024-10-28,glindqvist,2024-10-28,New Device,joseph.gonzalez,,New mobile device request for Joseph Gonzalez (United States),Joseph Gonzalez,
RITM1045882,3 - Moderate,Closed Complete,North America,Canada,Aisha Karim,New mobile device request,sc_req_item,true,akarim,Mobility Services NA,Request fulfilled via Tangoe,2024-09-30,akarim,2024-09-23,New Device,joseph.sanchez,2024-09-30,New mobile device request for Joseph Sanchez (Canada),Joseph Sanchez,Aisha Karim
RITM1045883,3 - Moderate,Closed Complete,North America,United States,Grace Lindqvist,Cancel mobile line - employee departure,sc_req_item,true,glindqvist,Mobility Services NA,Request fulfilled via Tangoe,2025-04-08,glindqvist,2025-04-04,Line Cancellation,amanda.roy,2025-04-08,Cancel mobile line - employee departure for Amanda Roy (United States),Amanda Roy,Grace Lindqvist
RITM1045884,4 - Low,Closed Complete,North America,United States,Dana Whitfield,Cancel mobile line - employee departure,sc_req_item,true,dwhitfield,Mobility Services NA,Request fulfilled via Tangoe,2026-09-14,dwhitfield,2026-09-12,Line Cancellation,fatima.campbell,2026-09-14,Cancel mobile line - employee departure for Fatima Campbell (United States),Fatima Campbell,Dana Whitfield
RITM1045885,2 - High,Closed Complete,North America,United States,Grace Lindqvist,New mobile device request,sc_req_item,true,glindqvist,Mobility Services NA,Request fulfilled via Tangoe,2025-05-06,glindqvist,2025-05-01,New Device,olga.sanchez,2025-05-06,New mobile device request for Olga Sanchez (United States),Olga Sanchez,Grace Lindqvist
RITM1045886,4 - Low,Closed Complete,North America,United States,Dana Whitfield,New mobile device request,sc_req_item,true,dwhitfield,Mobility Services NA,Request fulfilled via Tangoe,2026-08-27,dwhitfield,2026-08-25,New Device,mia.taylor,2026-08-27,New mobile device request for Mia Taylor (United States),Mia Taylor,Dana Whitfield
RITM1045887,3 - Moderate,Closed Complete,North America,United States,Dana Whitfield,General mobility inquiry,sc_req_item,true,dwhitfield,Mobility Services NA,Request fulfilled via Tangoe,2026-08-04,dwhitfield,2026-08-04,N/A,ava.tremblay,2026-08-04,General mobility inquiry for Ava Tremblay (United States),Ava Tremblay,Dana Whitfield
RITM1045888,4 - Low,Closed Complete,North America,United States,Dana Whitfield,Mobile device upgrade,sc_req_item,true,dwhitfield,Mobility Services NA,Request fulfilled via Tangoe,2025-10-20,dwhitfield,2025-10-11,Device Upgrade,chloe.wright,2025-10-20,Mobile device upgrade for Chloe Wright (United States),Chloe Wright,Dana Whitfield
RITM1045889,3 - Moderate,Closed Complete,North America,Canada,Victor Hale,Cancel mobile line - employee departure,sc_req_item,true,vhale,Mobility Services NA,Request fulfilled via Tangoe,2026-02-19,vhale,2026-02-17,Line Cancellation,mia.brown,2026-02-19,Cancel mobile line - employee departure for Mia Brown (Canada),Mia Brown,Victor Hale
RITM1045890,4 - Low,Closed Complete,North America,United States,Dana Whitfield,Mobile device not working,sc_req_item,true,dwhitfield,Mobility Services NA,Request fulfilled via Tangoe,2025-03-28,dwhitfield,2025-03-25,Troubleshooting,sandra.baker,2025-03-28,Mobile device not working for Sandra Baker (United States),Sandra Baker,Dana Whitfield
RITM1045891,3 - Moderate,Closed Complete,North America,Canada,Tom Okafor,Mobile device not working,sc_req_item,true,tokafor,Mobility Services NA,Request fulfilled via Tangoe,2026-08-13,tokafor,2026-08-12,Troubleshooting,liam.torres,2026-08-13,Mobile device not working for Liam Torres (Canada),Liam Torres,Tom Okafor
RITM1045892,4 - Low,Closed Complete,North America,United States,Tom Okafor,Mobile device upgrade,sc_req_item,true,tokafor,Mobility Services NA,Request fulfilled via Tangoe,2024-08-13,tokafor,2024-08-09,Device Upgrade,kevin.thomas,2024-08-13,Mobile device upgrade for Kevin Thomas (United States),Kevin Thomas,Tom Okafor
RITM1045893,3 - Moderate,Closed Complete,North America,United States,Victor Hale,Mobile device upgrade,sc_req_item,true,vhale,Mobility Services NA,Request fulfilled via Tangoe,2025-09-24,vhale,2025-09-18,Device Upgrade,andrew.lewis,2025-09-24,Mobile device upgrade for Andrew Lewis (United States),Andrew Lewis,Victor Hale
RITM1045894,3 - Moderate,Closed Complete,North America,Canada,Dana Whitfield,Port personal number to corporate account,sc_req_item,true,dwhitfield,Mobility Services NA,Request fulfilled via Tangoe,2026-05-06,dwhitfield,2026-04-30,Number Port,susan.nguyen,2026-05-06,Port personal number to corporate account for Susan Nguyen (Canada),Susan Nguyen,Dana Whitfield
RITM1045895,4 - Low,Closed Complete,North America,United States,Marco Bellini,Cancel mobile line - employee departure,sc_req_item,true,mbellini,Mobility Services NA,Request fulfilled via Tangoe,2025-11-14,mbellini,2025-11-11,Line Cancellation,ethan.mitchell,2025-11-14,Cancel mobile line - employee departure for Ethan Mitchell (United States),Ethan Mitchell,Marco Bellini
RITM1045896,3 - Moderate,Closed Complete,North America,United States,Grace Lindqvist,New mobile device request,sc_req_item,true,glindqvist,Mobility Services NA,Request fulfilled via Tangoe,2024-10-11,glindqvist,2024-10-06,New Device,elizabeth.harris,2024-10-11,New mobile device request for Elizabeth Harris (United States),Elizabeth Harris,Grace Lindqvist
RITM1045897,4 - Low,Closed Complete,North America,United States,Grace Lindqvist,New mobile device request,sc_req_item,true,glindqvist,Mobility Services NA,Request fulfilled via Tangoe,2026-03-03,glindqvist,2026-02-28,New Device,sandra.miller,2026-03-03,New mobile device request for Sandra Miller (United States),Sandra Miller,Grace Lindqvist
RITM1045898,4 - Low,Closed Complete,North America,United States,Aisha Karim,Lost or stolen device - suspend line,sc_req_item,true,akarim,Mobility Services NA,Request fulfilled via Tangoe,2024-02-12,akarim,2024-02-07,Lost/Stolen,melissa.mitchell,2024-02-12,Lost or stolen device - suspend line for Melissa Mitchell (United States),Melissa Mitchell,Aisha Karim
RITM1045899,2 - High,Work in Progress,North America,United States,Victor Hale,New mobile device request,sc_req_item,true,vhale,Mobility Services NA,Awaiting carrier confirmation,2026-09-14,vhale,2026-09-14,New Device,priya.cohen,,New mobile device request for Priya Cohen (United States),Priya Cohen,
RITM1045900,3 - Moderate,Closed Complete,North America,United States,Grace Lindqvist,Cancel mobile line - employee departure,sc_req_item,true,glindqvist,Mobility Services NA,Request fulfilled via Tangoe,2025-10-30,glindqvist,2025-10-26,Line Cancellation,joseph.singh,2025-10-30,Cancel mobile line - employee departure for Joseph Singh (United States),Joseph Singh,Grace Lindqvist
RITM1045901,4 - Low,Closed Complete,North America,United States,Dana Whitfield,Mobile device upgrade,sc_req_item,true,dwhitfield,Mobility Services NA,Request fulfilled via Tangoe,2025-05-07,dwhitfield,2025-05-06,Device Upgrade,omar.lopez,2025-05-07,Mobile device upgrade for Omar Lopez (United States),Omar Lopez,Dana Whitfield
RITM1045902,4 - Low,Closed Complete,North America,United States,Tom Okafor,Port personal number to corporate account,sc_req_item,true,tokafor,Mobility Services NA,Request fulfilled via Tangoe,2026-04-24,tokafor,2026-04-23,Number Port,karen.walker,2026-04-24,Port personal number to corporate account for Karen Walker (United States),Karen Walker,Tom Okafor
RITM1045903,4 - Low,Closed Complete,North America,United States,Aisha Karim,International roaming plan for upcoming travel,sc_req_item,true,akarim,Mobility Services NA,Request fulfilled via Tangoe,2024-03-13,akarim,2024-03-06,International Travel,jessica.martin,2024-03-13,International roaming plan for upcoming travel for Jessica Martin (United States),Jessica Martin,Aisha Karim
RITM1045904,3 - Moderate,Closed Complete,North America,United States,Aisha Karim,Mobile device upgrade,sc_req_item,true,akarim,Mobility Services NA,Request fulfilled via Tangoe,2025-05-17,akarim,2025-05-17,Device Upgrade,sarah.roberts,2025-05-17,Mobile device upgrade for Sarah Roberts (United States),Sarah Roberts,Aisha Karim
RITM1045905,4 - Low,Closed Complete,North America,United States,Dana Whitfield,Cancel mobile line - employee departure,sc_req_item,true,dwhitfield,Mobility Services NA,Request fulfilled via Tangoe,2024-09-15,dwhitfield,2024-09-15,Line Cancellation,elizabeth.smith,2024-09-15,Cancel mobile line - employee departure for Elizabeth Smith (United States),Elizabeth Smith,Dana Whitfield
RITM1045906,3 - Moderate,Closed Complete,North America,Canada,Aisha Karim,Cancel mobile line - employee departure,sc_req_item,true,akarim,Mobility Services NA,Request fulfilled via Tangoe,2025-10-06,akarim,2025-10-02,Line Cancellation,ana.king,2025-10-06,Cancel mobile line - employee departure for Ana King (Canada),Ana King,Aisha Karim
RITM1045907,3 - Moderate,Closed Complete,North America,United States,Grace Lindqvist,Mobile device not working,sc_req_item,true,glindqvist,Mobility Services NA,Request fulfilled via Tangoe,2025-02-04,glindqvist,2025-02-03,Troubleshooting,nancy.robinson,2025-02-04,Mobile device not working for Nancy Robinson (United States),Nancy Robinson,Grace Lindqvist
RITM1045908,2 - High,Closed Complete,North America,United States,Grace Lindqvist,International roaming plan for upcoming travel,sc_req_item,true,glindqvist,Mobility Services NA,Request fulfilled via Tangoe,2024-09-02,glindqvist,2024-08-28,International Travel,mark.scott,2024-09-02,International roaming plan for upcoming travel for Mark Scott (United States),Mark Scott,Grace Lindqvist
RITM1045909,4 - Low,Closed Complete,North America,United States,Tom Okafor,International roaming plan for upcoming travel,sc_req_item,true,tokafor,Mobility Services NA,Request fulfilled via Tangoe,2026-04-03,tokafor,2026-03-27,International Travel,jennifer.roberts,2026-04-03,International roaming plan for upcoming travel for Jennifer Roberts (United States),Jennifer Roberts,Tom Okafor
RITM1045910,3 - Moderate,Work in Progress,North America,United States,Dana Whitfield,New mobile device request,sc_req_item,true,dwhitfield,Mobility Services NA,Awaiting carrier confirmation,2026-09-17,dwhitfield,2026-09-17,New Device,anthony.baker,,New mobile device request for Anthony Baker (United States),Anthony Baker,
RITM1045911,4 - Low,Closed Complete,North America,United States,Grace Lindqvist,Mobile device upgrade,sc_req_item,true,glindqvist,Mobility Services NA,Request fulfilled via Tangoe,2024-12-25,glindqvist,2024-12-19,Device Upgrade,thomas.adams,2024-12-25,Mobile device upgrade for Thomas Adams (United States),Thomas Adams,Grace Lindqvist
RITM1045912,4 - Low,Closed Complete,North America,United States,Marco Bellini,Mobile device upgrade,sc_req_item,true,mbellini,Mobility Services NA,Request fulfilled via Tangoe,2025-11-10,mbellini,2025-11-09,Device Upgrade,ashley.white,2025-11-10,Mobile device upgrade for Ashley White (United States),Ashley White,Marco Bellini
RITM1045913,3 - Moderate,Closed Complete,North America,United States,Marco Bellini,Mobile device upgrade,sc_req_item,true,mbellini,Mobility Services NA,Request fulfilled via Tangoe,2024-08-30,mbellini,2024-08-25,Device Upgrade,mateo.rodriguez,2024-08-30,Mobile device upgrade for Mateo Rodriguez (United States),Mateo Rodriguez,Marco Bellini
RITM1045914,4 - Low,Closed Complete,North America,United States,Aisha Karim,Mobile device upgrade,sc_req_item,true,akarim,Mobility Services NA,Request fulfilled via Tangoe,2025-04-09,akarim,2025-04-04,Device Upgrade,ana.walker,2025-04-09,Mobile device upgrade for Ana Walker (United States),Ana Walker,Aisha Karim
RITM1045915,3 - Moderate,Closed Complete,North America,United States,Grace Lindqvist,New mobile device request,sc_req_item,true,glindqvist,Mobility Services NA,Request fulfilled via Tangoe,2024-04-23,glindqvist,2024-04-20,New Device,leila.garcia,2024-04-23,New mobile device request for Leila Garcia (United States),Leila Garcia,Grace Lindqvist
RITM1045916,2 - High,Closed Complete,North America,United States,Marco Bellini,New mobile device request,sc_req_item,true,mbellini,Mobility Services NA,Request fulfilled via Tangoe,2025-06-04,mbellini,2025-06-03,New Device,sandra.miller,2025-06-04,New mobile device request for Sandra Miller (United States),Sandra Miller,Marco Bellini
RITM1045917,4 - Low,Closed Complete,North America,United States,Grace Lindqvist,New mobile device request,sc_req_item,true,glindqvist,Mobility Services NA,Request fulfilled via Tangoe,2025-01-13,glindqvist,2025-01-07,New Device,elizabeth.jones,2025-01-13,New mobile device request for Elizabeth Jones (United States),Elizabeth Jones,Grace Lindqvist
RITM1045918,4 - Low,Closed Complete,North America,United States,Marco Bellini,New mobile device request,sc_req_item,true,mbellini,Mobility Services NA,Request fulfilled via Tangoe,2024-03-12,mbellini,2024-03-08,New Device,amanda.patel,2024-03-12,New mobile device request for Amanda Patel (United States),Amanda Patel,Marco Bellini
RITM1045919,3 - Moderate,Closed Complete,North America,United States,Tom Okafor,Mobile device not working,sc_req_item,true,tokafor,Mobility Services NA,Request fulfilled via Tangoe,2026-02-20,tokafor,2026-02-17,Troubleshooting,joshua.taylor,2026-02-20,Mobile device not working for Joshua Taylor (United States),Joshua Taylor,Tom Okafor
RITM1045920,4 - Low,Closed Complete,North America,United States,Tom Okafor,Mobile device not working,sc_req_item,true,tokafor,Mobility Services NA,Request fulfilled via Tangoe,2024-12-19,tokafor,2024-12-19,Troubleshooting,david.walker,2024-12-19,Mobile device not working for David Walker (United States),David Walker,Tom Okafor
RITM1045921,4 - Low,Open,North America,United States,Grace Lindqvist,New mobile device request,sc_req_item,true,glindqvist,Mobility Services NA,Awaiting carrier confirmation,2026-08-29,glindqvist,2026-08-29,New Device,brian.patel,,New mobile device request for Brian Patel (United States),Brian Patel,
RITM1045922,3 - Moderate,Closed Complete,North America,United States,Aisha Karim,Mobile device not working,sc_req_item,true,akarim,Mobility Services NA,Request fulfilled via Tangoe,2026-08-18,akarim,2026-08-14,Troubleshooting,nancy.garcia,2026-08-18,Mobile device not working for Nancy Garcia (United States),Nancy Garcia,Aisha Karim
RITM1045923,4 - Low,Closed Complete,North America,United States,Grace Lindqvist,International roaming plan for upcoming travel,sc_req_item,true,glindqvist,Mobility Services NA,Request fulfilled via Tangoe,2025-07-18,glindqvist,2025-07-15,International Travel,ashley.white,2025-07-18,International roaming plan for upcoming travel for Ashley White (United States),Ashley White,Grace Lindqvist
RITM1045924,2 - High,Closed Complete,North America,United States,Tom Okafor,Mobile device upgrade,sc_req_item,true,tokafor,Mobility Services NA,Request fulfilled via Tangoe,2024-07-15,tokafor,2024-07-15,Device Upgrade,anthony.martinez,2024-07-15,Mobile device upgrade for Anthony Martinez (United States),Anthony Martinez,Tom Okafor
RITM1045925,3 - Moderate,Open,North America,United States,Marco Bellini,Lost or stolen device - suspend line,sc_req_item,true,mbellini,Mobility Services NA,Awaiting carrier confirmation,2026-08-29,mbellini,2026-08-29,Lost/Stolen,robert.ramirez,,Lost or stolen device - suspend line for Robert Ramirez (United States),Robert Ramirez,
RITM1045926,2 - High,Closed Complete,North America,United States,Tom Okafor,International roaming plan for upcoming travel,sc_req_item,true,tokafor,Mobility Services NA,Request fulfilled via Tangoe,2024-07-19,tokafor,2024-07-16,International Travel,ahmed.brown,2024-07-19,International roaming plan for upcoming travel for Ahmed Brown (United States),Ahmed Brown,Tom Okafor
RITM1045927,3 - Moderate,Closed Complete,North America,United States,Aisha Karim,Cancel mobile line - employee departure,sc_req_item,true,akarim,Mobility Services NA,Request fulfilled via Tangoe,2024-08-08,akarim,2024-08-06,Line Cancellation,john.thomas,2024-08-08,Cancel mobile line - employee departure for John Thomas (United States),John Thomas,Aisha Karim
RITM1045928,4 - Low,Closed Complete,North America,United States,Marco Bellini,Mobile device upgrade,sc_req_item,true,mbellini,Mobility Services NA,Request fulfilled via Tangoe,2025-07-31,mbellini,2025-07-26,Device Upgrade,thomas.kim,2025-07-31,Mobile device upgrade for Thomas Kim (United States),Thomas Kim,Marco Bellini
RITM1045929,3 - Moderate,Closed Complete,North America,United States,Tom Okafor,International roaming plan for upcoming travel,sc_req_item,true,tokafor,Mobility Services NA,Request fulfilled via Tangoe,2024-10-17,tokafor,2024-10-13,International Travel,betty.rodriguez,2024-10-17,International roaming plan for upcoming travel for Betty Rodriguez (United States),Betty Rodriguez,Tom Okafor
RITM1045930,4 - Low,Closed Complete,North America,United States,Tom Okafor,Mobile device not working,sc_req_item,true,tokafor,Mobility Services NA,Request fulfilled via Tangoe,2025-12-26,tokafor,2025-12-24,Troubleshooting,yuki.flores,2025-12-26,Mobile device not working for Yuki Flores (United States),Yuki Flores,Tom Okafor
RITM1045931,3 - Moderate,Closed Complete,North America,Canada,Marco Bellini,Mobile device upgrade,sc_req_item,true,mbellini,Mobility Services NA,Request fulfilled via Tangoe,2024-12-18,mbellini,2024-12-14,Device Upgrade,daniel.hernandez,2024-12-18,Mobile device upgrade for Daniel Hernandez (Canada),Daniel Hernandez,Marco Bellini
RITM1045932,3 - Moderate,Work in Progress,North America,Canada,Tom Okafor,New mobile device request,sc_req_item,true,tokafor,Mobility Services NA,Awaiting carrier confirmation,2024-10-05,tokafor,2024-10-05,New Device,james.jackson,,New mobile device request for James Jackson (Canada),James Jackson,
RITM1045933,4 - Low,Closed Complete,North America,United States,Aisha Karim,Mobile device upgrade,sc_req_item,true,akarim,Mobility Services NA,Request fulfilled via Tangoe,2025-07-22,akarim,2025-07-22,Device Upgrade,sandra.baker,2025-07-22,Mobile device upgrade for Sandra Baker (United States),Sandra Baker,Aisha Karim
RITM1045934,4 - Low,Closed Complete,North America,United States,Tom Okafor,Mobile device upgrade,sc_req_item,true,tokafor,Mobility Services NA,Request fulfilled via Tangoe,2025-03-06,tokafor,2025-02-28,Device Upgrade,anthony.roy,2025-03-06,Mobile device upgrade for Anthony Roy (United States),Anthony Roy,Tom Okafor
RITM1045935,3 - Moderate,Closed Complete,North America,United States,Marco Bellini,New mobile device request,sc_req_item,true,mbellini,Mobility Services NA,Request fulfilled via Tangoe,2026-06-11,mbellini,2026-06-08,New Device,james.jackson,2026-06-11,New mobile device request for James Jackson (United States),James Jackson,Marco Bellini
RITM1045936,4 - Low,Closed Complete,North America,United States,Grace Lindqvist,Mobile device upgrade,sc_req_item,true,glindqvist,Mobility Services NA,Request fulfilled via Tangoe,2025-01-27,glindqvist,2025-01-27,Device Upgrade,joseph.brown,2025-01-27,Mobile device upgrade for Joseph Brown (United States),Joseph Brown,Grace Lindqvist
RITM1045937,3 - Moderate,Closed Complete,North America,Canada,Dana Whitfield,Mobile device not working,sc_req_item,true,dwhitfield,Mobility Services NA,Request fulfilled via Tangoe,2025-08-22,dwhitfield,2025-08-21,Troubleshooting,elizabeth.harris,2025-08-22,Mobile device not working for Elizabeth Harris (Canada),Elizabeth Harris,Dana Whitfield
RITM1045938,4 - Low,Closed Complete,North America,United States,Dana Whitfield,Mobile device not working,sc_req_item,true,dwhitfield,Mobility Services NA,Request fulfilled via Tangoe,2024-01-03,dwhitfield,2024-01-01,Troubleshooting,noah.jones,2024-01-03,Mobile device not working for Noah Jones (United States),Noah Jones,Dana Whitfield
RITM1045939,4 - Low,Closed Complete,North America,United States,Dana Whitfield,Mobile device not working,sc_req_item,true,dwhitfield,Mobility Services NA,Request fulfilled via Tangoe,2024-10-17,dwhitfield,2024-10-11,Troubleshooting,jennifer.campbell,2024-10-17,Mobile device not working for Jennifer Campbell (United States),Jennifer Campbell,Dana Whitfield
RITM1045940,4 - Low,Closed Complete,North America,United States,Tom Okafor,General mobility inquiry,sc_req_item,true,tokafor,Mobility Services NA,Request fulfilled via Tangoe,2024-11-05,tokafor,2024-10-24,N/A,richard.cohen,2024-11-05,General mobility inquiry for Richard Cohen (United States),Richard Cohen,Tom Okafor
RITM1045941,3 - Moderate,Closed Complete,North America,Canada,Tom Okafor,International roaming plan for upcoming travel,sc_req_item,true,tokafor,Mobility Services NA,Request fulfilled via Tangoe,2024-01-17,tokafor,2024-01-11,International Travel,wei.williams,2024-01-17,International roaming plan for upcoming travel for Wei Williams (Canada),Wei Williams,Tom Okafor
RITM1045942,3 - Moderate,Closed Complete,North America,United States,Aisha Karim,Mobile device upgrade,sc_req_item,true,akarim,Mobility Services NA,Request fulfilled via Tangoe,2025-09-11,akarim,2025-09-09,Device Upgrade,omar.johnson,2025-09-11,Mobile device upgrade for Omar Johnson (United States),Omar Johnson,Aisha Karim
RITM1045943,3 - Moderate,Closed Complete,North America,Canada,Dana Whitfield,Mobile device not working,sc_req_item,true,dwhitfield,Mobility Services NA,Request fulfilled via Tangoe,2026-04-15,dwhitfield,2026-04-11,Troubleshooting,jessica.mitchell,2026-04-15,Mobile device not working for Jessica Mitchell (Canada),Jessica Mitchell,Dana Whitfield
RITM1045944,4 - Low,Closed Complete,North America,United States,Grace Lindqvist,New mobile device request,sc_req_item,true,glindqvist,Mobility Services NA,Request fulfilled via Tangoe,2025-05-30,glindqvist,2025-05-26,New Device,jessica.mitchell,2025-05-30,New mobile device request for Jessica Mitchell (United States),Jessica Mitchell,Grace Lindqvist
RITM1045945,4 - Low,Closed Complete,North America,United States,Grace Lindqvist,International roaming plan for upcoming travel,sc_req_item,true,glindqvist,Mobility Services NA,Request fulfilled via Tangoe,2025-08-19,glindqvist,2025-08-14,International Travel,betty.novak,2025-08-19,International roaming plan for upcoming travel for Betty Novak (United States),Betty Novak,Grace Lindqvist
RITM1045946,4 - Low,Closed Complete,North America,United States,Victor Hale,New mobile device request,sc_req_item,true,vhale,Mobility Services NA,Request fulfilled via Tangoe,2025-08-21,vhale,2025-08-17,New Device,liam.adams,2025-08-21,New mobile device request for Liam Adams (United States),Liam Adams,Victor Hale
RITM1045947,4 - Low,Closed Complete,North America,United States,Victor Hale,International roaming plan for upcoming travel,sc_req_item,true,vhale,Mobility Services NA,Request fulfilled via Tangoe,2024-12-23,vhale,2024-12-16,International Travel,elizabeth.tremblay,2024-12-23,International roaming plan for upcoming travel for Elizabeth Tremblay (United States),Elizabeth Tremblay,Victor Hale
RITM1045948,2 - High,Closed Incomplete,North America,United States,Aisha Karim,New mobile device request,sc_req_item,true,akarim,Mobility Services NA,Request fulfilled via Tangoe,2026-08-24,akarim,2026-08-17,New Device,mia.taylor,2026-08-24,New mobile device request for Mia Taylor (United States),Mia Taylor,Aisha Karim
RITM1045949,3 - Moderate,Closed Complete,North America,United States,Marco Bellini,International roaming plan for upcoming travel,sc_req_item,true,mbellini,Mobility Services NA,Request fulfilled via Tangoe,2025-08-25,mbellini,2025-08-25,International Travel,priya.wright,2025-08-25,International roaming plan for upcoming travel for Priya Wright (United States),Priya Wright,Marco Bellini
RITM1045950,3 - Moderate,Closed Complete,North America,United States,Marco Bellini,General mobility inquiry,sc_req_item,true,mbellini,Mobility Services NA,Request fulfilled via Tangoe,2026-04-24,mbellini,2026-04-19,N/A,mary.walker,2026-04-24,General mobility inquiry for Mary Walker (United States),Mary Walker,Marco Bellini
RITM1045951,4 - Low,Closed Incomplete,North America,United States,Dana Whitfield,International roaming plan for upcoming travel,sc_req_item,true,dwhitfield,Mobility Services NA,Request fulfilled via Tangoe,2024-10-14,dwhitfield,2024-10-14,International Travel,amanda.patel,2024-10-14,International roaming plan for upcoming travel for Amanda Patel (United States),Amanda Patel,Dana Whitfield
RITM1045952,4 - Low,Closed Complete,North America,United States,Grace Lindqvist,Mobile device upgrade,sc_req_item,true,glindqvist,Mobility Services NA,Request fulfilled via Tangoe,2024-08-18,glindqvist,2024-08-18,Device Upgrade,chloe.harris,2024-08-18,Mobile device upgrade for Chloe Harris (United States),Chloe Harris,Grace Lindqvist
RITM1045953,4 - Low,Closed Complete,North America,United States,Grace Lindqvist,International roaming plan for upcoming travel,sc_req_item,true,glindqvist,Mobility Services NA,Request fulfilled via Tangoe,2024-10-20,glindqvist,2024-10-20,International Travel,ava.tremblay,2024-10-20,International roaming plan for upcoming travel for Ava Tremblay (United States),Ava Tremblay,Grace Lindqvist
RITM1045954,4 - Low,Closed Complete,North America,Canada,Grace Lindqvist,Mobile device not working,sc_req_item,true,glindqvist,Mobility Services NA,Request fulfilled via Tangoe,2024-05-15,glindqvist,2024-05-10,Troubleshooting,ava.garcia,2024-05-15,Mobile device not working for Ava Garcia (Canada),Ava Garcia,Grace Lindqvist
RITM1045955,3 - Moderate,Closed Complete,North America,United States,Aisha Karim,Mobile device upgrade,sc_req_item,true,akarim,Mobility Services NA,Request fulfilled via Tangoe,2024-03-05,akarim,2024-03-01,Device Upgrade,ethan.hall,2024-03-05,Mobile device upgrade for Ethan Hall (United States),Ethan Hall,Aisha Karim
RITM1045956,4 - Low,Closed Complete,North America,United States,Aisha Karim,Cancel mobile line - employee departure,sc_req_item,true,akarim,Mobility Services NA,Request fulfilled via Tangoe,2024-03-13,akarim,2024-03-05,Line Cancellation,david.williams,2024-03-13,Cancel mobile line - employee departure for David Williams (United States),David Williams,Aisha Karim
RITM1045957,4 - Low,Closed Complete,North America,United States,Grace Lindqvist,Lost or stolen device - suspend line,sc_req_item,true,glindqvist,Mobility Services NA,Request fulfilled via Tangoe,2024-11-14,glindqvist,2024-11-12,Lost/Stolen,yuki.green,2024-11-14,Lost or stolen device - suspend line for Yuki Green (United States),Yuki Green,Grace Lindqvist
RITM1045958,4 - Low,Closed Complete,North America,United States,Marco Bellini,Port personal number to corporate account,sc_req_item,true,mbellini,Mobility Services NA,Request fulfilled via Tangoe,2024-12-26,mbellini,2024-12-17,Number Port,sarah.hall,2024-12-26,Port personal number to corporate account for Sarah Hall (United States),Sarah Hall,Marco Bellini
RITM1045959,4 - Low,Closed Complete,North America,United States,Grace Lindqvist,Mobile device not working,sc_req_item,true,glindqvist,Mobility Services NA,Request fulfilled via Tangoe,2024-09-14,glindqvist,2024-09-14,Troubleshooting,michelle.rivera,2024-09-14,Mobile device not working for Michelle Rivera (United States),Michelle Rivera,Grace Lindqvist
RITM1045960,4 - Low,Closed Complete,North America,Canada,Aisha Karim,Lost or stolen device - suspend line,sc_req_item,true,akarim,Mobility Services NA,Request fulfilled via Tangoe,2026-01-09,akarim,2026-01-04,Lost/Stolen,ana.torres,2026-01-09,Lost or stolen device - suspend line for Ana Torres (Canada),Ana Torres,Aisha Karim
RITM1045961,3 - Moderate,Closed Complete,North America,United States,Grace Lindqvist,Lost or stolen device - suspend line,sc_req_item,true,glindqvist,Mobility Services NA,Request fulfilled via Tangoe,2024-05-07,glindqvist,2024-05-03,Lost/Stolen,ashley.flores,2024-05-07,Lost or stolen device - suspend line for Ashley Flores (United States),Ashley Flores,Grace Lindqvist
RITM1045962,4 - Low,Closed Complete,North America,Canada,Dana Whitfield,International roaming plan for upcoming travel,sc_req_item,true,dwhitfield,Mobility Services NA,Request fulfilled via Tangoe,2025-10-14,dwhitfield,2025-10-11,International Travel,hiroshi.nelson,2025-10-14,International roaming plan for upcoming travel for Hiroshi Nelson (Canada),Hiroshi Nelson,Dana Whitfield
RITM1045963,4 - Low,Closed Complete,North America,United States,Tom Okafor,Mobile device upgrade,sc_req_item,true,tokafor,Mobility Services NA,Request fulfilled via Tangoe,2026-01-23,tokafor,2026-01-19,Device Upgrade,sarah.lewis,2026-01-23,Mobile device upgrade for Sarah Lewis (United States),Sarah Lewis,Tom Okafor
RITM1045964,4 - Low,Closed Complete,North America,Canada,Marco Bellini,International roaming plan for upcoming travel,sc_req_item,true,mbellini,Mobility Services NA,Request fulfilled via Tangoe,2026-04-16,mbellini,2026-04-12,International Travel,thomas.adams,2026-04-16,International roaming plan for upcoming travel for Thomas Adams (Canada),Thomas Adams,Marco Bellini
RITM1045965,3 - Moderate,Closed Complete,North America,Canada,Grace Lindqvist,International roaming plan for upcoming travel,sc_req_item,true,glindqvist,Mobility Services NA,Request fulfilled via Tangoe,2026-05-06,glindqvist,2026-05-05,International Travel,patricia.anderson,2026-05-06,International roaming plan for upcoming travel for Patricia Anderson (Canada),Patricia Anderson,Grace Lindqvist
RITM1045966,2 - High,Closed Complete,North America,United States,Aisha Karim,New mobile device request,sc_req_item,true,akarim,Mobility Services NA,Request fulfilled via Tangoe,2026-02-11,akarim,2026-02-08,New Device,steven.young,2026-02-11,New mobile device request for Steven Young (United States),Steven Young,Aisha Karim
RITM1045967,3 - Moderate,Closed Incomplete,North America,United States,Marco Bellini,New mobile device request,sc_req_item,true,mbellini,Mobility Services NA,Request fulfilled via Tangoe,2025-03-07,mbellini,2025-03-05,New Device,james.torres,2025-03-07,New mobile device request for James Torres (United States),James Torres,Marco Bellini
RITM1045968,4 - Low,Closed Complete,North America,United States,Marco Bellini,New mobile device request,sc_req_item,true,mbellini,Mobility Services NA,Request fulfilled via Tangoe,2026-01-29,mbellini,2026-01-23,New Device,amanda.walker,2026-01-29,New mobile device request for Amanda Walker (United States),Amanda Walker,Marco Bellini
RITM1045969,4 - Low,Closed Incomplete,North America,United States,Tom Okafor,Mobile device upgrade,sc_req_item,true,tokafor,Mobility Services NA,Request fulfilled via Tangoe,2024-09-30,tokafor,2024-09-26,Device Upgrade,mateo.white,2024-09-30,Mobile device upgrade for Mateo White (United States),Mateo White,Tom Okafor
RITM1045970,3 - Moderate,Closed Complete,North America,United States,Grace Lindqvist,Mobile device not working,sc_req_item,true,glindqvist,Mobility Services NA,Request fulfilled via Tangoe,2026-07-03,glindqvist,2026-06-28,Troubleshooting,daniel.hill,2026-07-03,Mobile device not working for Daniel Hill (United States),Daniel Hill,Grace Lindqvist
RITM1045971,3 - Moderate,Closed Complete,North America,United States,Victor Hale,Mobile device not working,sc_req_item,true,vhale,Mobility Services NA,Request fulfilled via Tangoe,2024-10-18,vhale,2024-10-12,Troubleshooting,yuki.scott,2024-10-18,Mobile device not working for Yuki Scott (United States),Yuki Scott,Victor Hale
RITM1045972,3 - Moderate,Closed Complete,North America,United States,Aisha Karim,International roaming plan for upcoming travel,sc_req_item,true,akarim,Mobility Services NA,Request fulfilled via Tangoe,2025-06-13,akarim,2025-06-05,International Travel,leila.lewis,2025-06-13,International roaming plan for upcoming travel for Leila Lewis (United States),Leila Lewis,Aisha Karim
RITM1045973,4 - Low,Closed Complete,North America,United States,Aisha Karim,New mobile device request,sc_req_item,true,akarim,Mobility Services NA,Request fulfilled via Tangoe,2026-02-02,akarim,2026-01-31,New Device,brian.lee,2026-02-02,New mobile device request for Brian Lee (United States),Brian Lee,Aisha Karim
RITM1045974,3 - Moderate,Closed Complete,North America,United States,Aisha Karim,Mobile device not working,sc_req_item,true,akarim,Mobility Services NA,Request fulfilled via Tangoe,2024-10-17,akarim,2024-10-09,Troubleshooting,carlos.roy,2024-10-17,Mobile device not working for Carlos Roy (United States),Carlos Roy,Aisha Karim
RITM1045975,4 - Low,Closed Complete,North America,Canada,Victor Hale,Port personal number to corporate account,sc_req_item,true,vhale,Mobility Services NA,Request fulfilled via Tangoe,2026-03-06,vhale,2026-03-04,Number Port,brian.lee,2026-03-06,Port personal number to corporate account for Brian Lee (Canada),Brian Lee,Victor Hale
RITM1045976,4 - Low,Closed Complete,North America,United States,Aisha Karim,New mobile device request,sc_req_item,true,akarim,Mobility Services NA,Request fulfilled via Tangoe,2026-02-07,akarim,2026-02-07,New Device,jennifer.davis,2026-02-07,New mobile device request for Jennifer Davis (United States),Jennifer Davis,Aisha Karim
RITM1045977,4 - Low,Open,North America,United States,Victor Hale,International roaming plan for upcoming travel,sc_req_item,true,vhale,Mobility Services NA,Awaiting carrier confirmation,2025-05-27,vhale,2025-05-27,International Travel,karen.torres,,International roaming plan for upcoming travel for Karen Torres (United States),Karen Torres,
RITM1045978,3 - Moderate,Closed Complete,North America,United States,Marco Bellini,Lost or stolen device - suspend line,sc_req_item,true,mbellini,Mobility Services NA,Request fulfilled via Tangoe,2024-06-11,mbellini,2024-06-08,Lost/Stolen,stephanie.rodriguez,2024-06-11,Lost or stolen device - suspend line for Stephanie Rodriguez (United States),Stephanie Rodriguez,Marco Bellini
RITM1045979,3 - Moderate,Closed Complete,North America,United States,Aisha Karim,Mobile device not working,sc_req_item,true,akarim,Mobility Services NA,Request fulfilled via Tangoe,2025-06-10,akarim,2025-06-08,Troubleshooting,paul.rivera,2025-06-10,Mobile device not working for Paul Rivera (United States),Paul Rivera,Aisha Karim
RITM1045980,4 - Low,Work in Progress,North America,Canada,Dana Whitfield,Port personal number to corporate account,sc_req_item,true,dwhitfield,Mobility Services NA,Awaiting carrier confirmation,2024-04-26,dwhitfield,2024-04-26,Number Port,robert.ramirez,,Port personal number to corporate account for Robert Ramirez (Canada),Robert Ramirez,
RITM1045981,4 - Low,Closed Complete,North America,United States,Victor Hale,International roaming plan for upcoming travel,sc_req_item,true,vhale,Mobility Services NA,Request fulfilled via Tangoe,2025-09-12,vhale,2025-09-12,International Travel,matthew.baker,2025-09-12,International roaming plan for upcoming travel for Matthew Baker (United States),Matthew Baker,Victor Hale
RITM1045982,4 - Low,Closed Complete,North America,United States,Tom Okafor,Mobile device upgrade,sc_req_item,true,tokafor,Mobility Services NA,Request fulfilled via Tangoe,2025-03-20,tokafor,2025-03-20,Device Upgrade,michael.torres,2025-03-20,Mobile device upgrade for Michael Torres (United States),Michael Torres,Tom Okafor
RITM1045983,3 - Moderate,Closed Complete,North America,United States,Victor Hale,New mobile device request,sc_req_item,true,vhale,Mobility Services NA,Request fulfilled via Tangoe,2025-05-26,vhale,2025-05-24,New Device,daniel.white,2025-05-26,New mobile device request for Daniel White (United States),Daniel White,Victor Hale
RITM1045984,4 - Low,Closed Complete,North America,Canada,Aisha Karim,International roaming plan for upcoming travel,sc_req_item,true,akarim,Mobility Services NA,Request fulfilled via Tangoe,2025-05-23,akarim,2025-05-23,International Travel,lisa.jones,2025-05-23,International roaming plan for upcoming travel for Lisa Jones (Canada),Lisa Jones,Aisha Karim
RITM1045985,4 - Low,Closed Complete,North America,United States,Dana Whitfield,Port personal number to corporate account,sc_req_item,true,dwhitfield,Mobility Services NA,Request fulfilled via Tangoe,2026-03-24,dwhitfield,2026-03-19,Number Port,yuki.scott,2026-03-24,Port personal number to corporate account for Yuki Scott (United States),Yuki Scott,Dana Whitfield
RITM1045986,4 - Low,Closed Complete,North America,United States,Dana Whitfield,Mobile device upgrade,sc_req_item,true,dwhitfield,Mobility Services NA,Request fulfilled via Tangoe,2025-11-16,dwhitfield,2025-11-16,Device Upgrade,ana.thompson,2025-11-16,Mobile device upgrade for Ana Thompson (United States),Ana Thompson,Dana Whitfield
RITM1045987,4 - Low,Closed Complete,North America,United States,Tom Okafor,Mobile device upgrade,sc_req_item,true,tokafor,Mobility Services NA,Request fulfilled via Tangoe,2026-01-02,tokafor,2026-01-01,Device Upgrade,carlos.young,2026-01-02,Mobile device upgrade for Carlos Young (United States),Carlos Young,Tom Okafor
RITM1045988,4 - Low,Closed Complete,North America,United States,Tom Okafor,International roaming plan for upcoming travel,sc_req_item,true,tokafor,Mobility Services NA,Request fulfilled via Tangoe,2026-07-16,tokafor,2026-07-14,International Travel,sofia.nelson,2026-07-16,International roaming plan for upcoming travel for Sofia Nelson (United States),Sofia Nelson,Tom Okafor
RITM1045989,3 - Moderate,Closed Complete,North America,United States,Aisha Karim,Lost or stolen device - suspend line,sc_req_item,true,akarim,Mobility Services NA,Request fulfilled via Tangoe,2024-05-02,akarim,2024-04-26,Lost/Stolen,john.williams,2024-05-02,Lost or stolen device - suspend line for John Williams (United States),John Williams,Aisha Karim
RITM1045990,3 - Moderate,Closed Complete,North America,United States,Grace Lindqvist,Mobile device not working,sc_req_item,true,glindqvist,Mobility Services NA,Request fulfilled via Tangoe,2026-06-05,glindqvist,2026-06-01,Troubleshooting,linda.johnson,2026-06-05,Mobile device not working for Linda Johnson (United States),Linda Johnson,Grace Lindqvist
RITM1045991,3 - Moderate,Closed Complete,North America,United States,Tom Okafor,Mobile device upgrade,sc_req_item,true,tokafor,Mobility Services NA,Request fulfilled via Tangoe,2026-08-27,tokafor,2026-08-21,Device Upgrade,mary.tremblay,2026-08-27,Mobile device upgrade for Mary Tremblay (United States),Mary Tremblay,Tom Okafor
RITM1045992,2 - High,Closed Complete,North America,United States,Dana Whitfield,Mobile device not working,sc_req_item,true,dwhitfield,Mobility Services NA,Request fulfilled via Tangoe,2025-06-26,dwhitfield,2025-06-22,Troubleshooting,nancy.anderson,2025-06-26,Mobile device not working for Nancy Anderson (United States),Nancy Anderson,Dana Whitfield
RITM1045993,4 - Low,Closed Complete,North America,United States,Dana Whitfield,Lost or stolen device - suspend line,sc_req_item,true,dwhitfield,Mobility Services NA,Request fulfilled via Tangoe,2025-07-07,dwhitfield,2025-07-01,Lost/Stolen,ashley.thomas,2025-07-07,Lost or stolen device - suspend line for Ashley Thomas (United States),Ashley Thomas,Dana Whitfield
RITM1045994,4 - Low,Closed Complete,North America,United States,Victor Hale,Mobile device upgrade,sc_req_item,true,vhale,Mobility Services NA,Request fulfilled via Tangoe,2025-05-14,vhale,2025-05-10,Device Upgrade,susan.baker,2025-05-14,Mobile device upgrade for Susan Baker (United States),Susan Baker,Victor Hale
RITM1045995,4 - Low,Closed Complete,North America,United States,Aisha Karim,Mobile device upgrade,sc_req_item,true,akarim,Mobility Services NA,Request fulfilled via Tangoe,2024-11-04,akarim,2024-10-31,Device Upgrade,robert.williams,2024-11-04,Mobile device upgrade for Robert Williams (United States),Robert Williams,Aisha Karim
RITM1045996,3 - Moderate,Closed Incomplete,North America,United States,Aisha Karim,Cancel mobile line - employee departure,sc_req_item,true,akarim,Mobility Services NA,Request fulfilled via Tangoe,2024-08-14,akarim,2024-08-09,Line Cancellation,sofia.carter,2024-08-14,Cancel mobile line - employee departure for Sofia Carter (United States),Sofia Carter,Aisha Karim
RITM1045997,4 - Low,Closed Complete,North America,United States,Dana Whitfield,New mobile device request,sc_req_item,true,dwhitfield,Mobility Services NA,Request fulfilled via Tangoe,2024-02-14,dwhitfield,2024-02-12,New Device,zoe.brown,2024-02-14,New mobile device request for Zoe Brown (United States),Zoe Brown,Dana Whitfield
RITM1045998,4 - Low,Closed Complete,North America,United States,Dana Whitfield,General mobility inquiry,sc_req_item,true,dwhitfield,Mobility Services NA,Request fulfilled via Tangoe,2024-01-24,dwhitfield,2024-01-23,N/A,omar.johnson,2024-01-24,General mobility inquiry for Omar Johnson (United States),Omar Johnson,Dana Whitfield
RITM1045999,4 - Low,Closed Complete,North America,United States,Dana Whitfield,Mobile device not working,sc_req_item,true,dwhitfield,Mobility Services NA,Request fulfilled via Tangoe,2025-11-18,dwhitfield,2025-11-15,Troubleshooting,yuki.ramirez,2025-11-18,Mobile device not working for Yuki Ramirez (United States),Yuki Ramirez,Dana Whitfield
RITM1046000,4 - Low,Closed Complete,North America,United States,Aisha Karim,International roaming plan for upcoming travel,sc_req_item,true,akarim,Mobility Services NA,Request fulfilled via Tangoe,2025-01-23,akarim,2025-01-15,International Travel,ana.nguyen,2025-01-23,International roaming plan for upcoming travel for Ana Nguyen (United States),Ana Nguyen,Aisha Karim
RITM1046001,3 - Moderate,Closed Complete,North America,Canada,Aisha Karim,Mobile device not working,sc_req_item,true,akarim,Mobility Services NA,Request fulfilled via Tangoe,2026-04-06,akarim,2026-04-05,Troubleshooting,raj.lee,2026-04-06,Mobile device not working for Raj Lee (Canada),Raj Lee,Aisha Karim
RITM1046002,3 - Moderate,Closed Complete,North America,United States,Tom Okafor,Mobile device not working,sc_req_item,true,tokafor,Mobility Services NA,Request fulfilled via Tangoe,2025-11-02,tokafor,2025-11-02,Troubleshooting,carlos.harris,2025-11-02,Mobile device not working for Carlos Harris (United States),Carlos Harris,Tom Okafor
RITM1046003,4 - Low,Closed Complete,North America,United States,Tom Okafor,General mobility inquiry,sc_req_item,true,tokafor,Mobility Services NA,Request fulfilled via Tangoe,2025-10-30,tokafor,2025-10-28,N/A,matthew.brown,2025-10-30,General mobility inquiry for Matthew Brown (United States),Matthew Brown,Tom Okafor
RITM1046004,4 - Low,Closed Complete,North America,United States,Marco Bellini,New mobile device request,sc_req_item,true,mbellini,Mobility Services NA,Request fulfilled via Tangoe,2025-11-07,mbellini,2025-11-06,New Device,karen.thomas,2025-11-07,New mobile device request for Karen Thomas (United States),Karen Thomas,Marco Bellini
RITM1046005,4 - Low,Closed Complete,North America,United States,Dana Whitfield,New mobile device request,sc_req_item,true,dwhitfield,Mobility Services NA,Request fulfilled via Tangoe,2025-03-05,dwhitfield,2025-02-27,New Device,sandra.baker,2025-03-05,New mobile device request for Sandra Baker (United States),Sandra Baker,Dana Whitfield
RITM1046006,3 - Moderate,Closed Incomplete,North America,United States,Victor Hale,New mobile device request,sc_req_item,true,vhale,Mobility Services NA,Request fulfilled via Tangoe,2026-08-07,vhale,2026-08-04,New Device,karen.harris,2026-08-07,New mobile device request for Karen Harris (United States),Karen Harris,Victor Hale
RITM1046007,2 - High,Closed Complete,North America,United States,Dana Whitfield,General mobility inquiry,sc_req_item,true,dwhitfield,Mobility Services NA,Request fulfilled via Tangoe,2025-08-08,dwhitfield,2025-08-07,N/A,joseph.rodriguez,2025-08-08,General mobility inquiry for Joseph Rodriguez (United States),Joseph Rodriguez,Dana Whitfield
RITM1046008,4 - Low,Closed Complete,North America,United States,Marco Bellini,Cancel mobile line - employee departure,sc_req_item,true,mbellini,Mobility Services NA,Request fulfilled via Tangoe,2026-07-31,mbellini,2026-07-26,Line Cancellation,noah.green,2026-07-31,Cancel mobile line - employee departure for Noah Green (United States),Noah Green,Marco Bellini
RITM1046009,4 - Low,Closed Complete,North America,United States,Victor Hale,Lost or stolen device - suspend line,sc_req_item,true,vhale,Mobility Services NA,Request fulfilled via Tangoe,2026-03-02,vhale,2026-02-26,Lost/Stolen,ahmed.jackson,2026-03-02,Lost or stolen device - suspend line for Ahmed Jackson (United States),Ahmed Jackson,Victor Hale
RITM1046010,4 - Low,Closed Complete,North America,United States,Dana Whitfield,Lost or stolen device - suspend line,sc_req_item,true,dwhitfield,Mobility Services NA,Request fulfilled via Tangoe,2024-02-26,dwhitfield,2024-02-24,Lost/Stolen,yuki.lee,2024-02-26,Lost or stolen device - suspend line for Yuki Lee (United States),Yuki Lee,Dana Whitfield
RITM1046011,4 - Low,Closed Complete,North America,United States,Dana Whitfield,New mobile device request,sc_req_item,true,dwhitfield,Mobility Services NA,Request fulfilled via Tangoe,2026-02-13,dwhitfield,2026-02-11,New Device,zoe.harris,2026-02-13,New mobile device request for Zoe Harris (United States),Zoe Harris,Dana Whitfield
RITM1046012,3 - Moderate,Work in Progress,North America,United States,Victor Hale,New mobile device request,sc_req_item,true,vhale,Mobility Services NA,Awaiting carrier confirmation,2025-02-20,vhale,2025-02-20,New Device,robert.carter,,New mobile device request for Robert Carter (United States),Robert Carter,
RITM1046013,4 - Low,Closed Complete,North America,United States,Marco Bellini,Mobile device upgrade,sc_req_item,true,mbellini,Mobility Services NA,Request fulfilled via Tangoe,2024-08-01,mbellini,2024-08-01,Device Upgrade,lisa.lewis,2024-08-01,Mobile device upgrade for Lisa Lewis (United States),Lisa Lewis,Marco Bellini
RITM1046014,3 - Moderate,Closed Complete,North America,United States,Victor Hale,International roaming plan for upcoming travel,sc_req_item,true,vhale,Mobility Services NA,Request fulfilled via Tangoe,2026-07-09,vhale,2026-07-05,International Travel,ashley.smith,2026-07-09,International roaming plan for upcoming travel for Ashley Smith (United States),Ashley Smith,Victor Hale
RITM1046015,3 - Moderate,Work in Progress,North America,United States,Tom Okafor,New mobile device request,sc_req_item,true,tokafor,Mobility Services NA,Awaiting carrier confirmation,2024-07-02,tokafor,2024-07-02,New Device,james.jackson,,New mobile device request for James Jackson (United States),James Jackson,
RITM1046016,4 - Low,Closed Complete,North America,Canada,Grace Lindqvist,General mobility inquiry,sc_req_item,true,glindqvist,Mobility Services NA,Request fulfilled via Tangoe,2025-12-30,glindqvist,2025-12-24,N/A,robert.lewis,2025-12-30,General mobility inquiry for Robert Lewis (Canada),Robert Lewis,Grace Lindqvist
RITM1046017,4 - Low,Closed Incomplete,North America,United States,Marco Bellini,Mobile device not working,sc_req_item,true,mbellini,Mobility Services NA,Request fulfilled via Tangoe,2026-06-16,mbellini,2026-06-07,Troubleshooting,melissa.hill,2026-06-16,Mobile device not working for Melissa Hill (United States),Melissa Hill,Marco Bellini
RITM1046018,3 - Moderate,Closed Complete,North America,Canada,Grace Lindqvist,New mobile device request,sc_req_item,true,glindqvist,Mobility Services NA,Request fulfilled via Tangoe,2025-07-08,glindqvist,2025-07-03,New Device,omar.harris,2025-07-08,New mobile device request for Omar Harris (Canada),Omar Harris,Grace Lindqvist
RITM1046019,3 - Moderate,Closed Complete,North America,United States,Aisha Karim,International roaming plan for upcoming travel,sc_req_item,true,akarim,Mobility Services NA,Request fulfilled via Tangoe,2024-11-21,akarim,2024-11-18,International Travel,ana.thompson,2024-11-21,International roaming plan for upcoming travel for Ana Thompson (United States),Ana Thompson,Aisha Karim
RITM1046020,3 - Moderate,Closed Complete,North America,United States,Dana Whitfield,International roaming plan for upcoming travel,sc_req_item,true,dwhitfield,Mobility Services NA,Request fulfilled via Tangoe,2024-09-20,dwhitfield,2024-09-20,International Travel,amanda.gonzalez,2024-09-20,International roaming plan for upcoming travel for Amanda Gonzalez (United States),Amanda Gonzalez,Dana Whitfield
RITM1046021,3 - Moderate,Closed Complete,North America,United States,Aisha Karim,International roaming plan for upcoming travel,sc_req_item,true,akarim,Mobility Services NA,Request fulfilled via Tangoe,2025-06-18,akarim,2025-06-13,International Travel,carlos.thompson,2025-06-18,International roaming plan for upcoming travel for Carlos Thompson (United States),Carlos Thompson,Aisha Karim
RITM1046022,2 - High,Closed Complete,North America,Canada,Grace Lindqvist,New mobile device request,sc_req_item,true,glindqvist,Mobility Services NA,Request fulfilled via Tangoe,2025-12-16,glindqvist,2025-12-13,New Device,barbara.williams,2025-12-16,New mobile device request for Barbara Williams (Canada),Barbara Williams,Grace Lindqvist
RITM1046023,3 - Moderate,Closed Complete,North America,United States,Dana Whitfield,Mobile device upgrade,sc_req_item,true,dwhitfield,Mobility Services NA,Request fulfilled via Tangoe,2026-01-12,dwhitfield,2026-01-09,Device Upgrade,joseph.rodriguez,2026-01-12,Mobile device upgrade for Joseph Rodriguez (United States),Joseph Rodriguez,Dana Whitfield
RITM1046024,3 - Moderate,Closed Complete,North America,United States,Tom Okafor,Mobile device upgrade,sc_req_item,true,tokafor,Mobility Services NA,Request fulfilled via Tangoe,2026-04-08,tokafor,2026-04-05,Device Upgrade,betty.robinson,2026-04-08,Mobile device upgrade for Betty Robinson (United States),Betty Robinson,Tom Okafor
RITM1046025,4 - Low,Closed Complete,North America,United States,Tom Okafor,New mobile device request,sc_req_item,true,tokafor,Mobility Services NA,Request fulfilled via Tangoe,2025-08-11,tokafor,2025-08-08,New Device,william.lewis,2025-08-11,New mobile device request for William Lewis (United States),William Lewis,Tom Okafor
RITM1046026,4 - Low,Closed Complete,North America,United States,Marco Bellini,Mobile device upgrade,sc_req_item,true,mbellini,Mobility Services NA,Request fulfilled via Tangoe,2024-03-02,mbellini,2024-03-02,Device Upgrade,yuki.jones,2024-03-02,Mobile device upgrade for Yuki Jones (United States),Yuki Jones,Marco Bellini
RITM1046027,4 - Low,Work in Progress,North America,United States,Tom Okafor,Mobile device not working,sc_req_item,true,tokafor,Mobility Services NA,Awaiting carrier confirmation,2025-08-26,tokafor,2025-08-26,Troubleshooting,david.walker,,Mobile device not working for David Walker (United States),David Walker,
RITM1046028,4 - Low,Closed Complete,North America,United States,Grace Lindqvist,New mobile device request,sc_req_item,true,glindqvist,Mobility Services NA,Request fulfilled via Tangoe,2024-01-23,glindqvist,2024-01-21,New Device,liam.williams,2024-01-23,New mobile device request for Liam Williams (United States),Liam Williams,Grace Lindqvist
RITM1046029,3 - Moderate,Closed Incomplete,North America,United States,Aisha Karim,Mobile device upgrade,sc_req_item,true,akarim,Mobility Services NA,Request fulfilled via Tangoe,2025-08-15,akarim,2025-08-11,Device Upgrade,linda.torres,2025-08-15,Mobile device upgrade for Linda Torres (United States),Linda Torres,Aisha Karim
RITM1046030,4 - Low,Closed Complete,North America,United States,Dana Whitfield,Lost or stolen device - suspend line,sc_req_item,true,dwhitfield,Mobility Services NA,Request fulfilled via Tangoe,2026-05-18,dwhitfield,2026-05-12,Lost/Stolen,mateo.rodriguez,2026-05-18,Lost or stolen device - suspend line for Mateo Rodriguez (United States),Mateo Rodriguez,Dana Whitfield
RITM1046031,3 - Moderate,Closed Complete,North America,United States,Tom Okafor,New mobile device request,sc_req_item,true,tokafor,Mobility Services NA,Request fulfilled via Tangoe,2025-09-22,tokafor,2025-09-16,New Device,chloe.wright,2025-09-22,New mobile device request for Chloe Wright (United States),Chloe Wright,Tom Okafor
RITM1046032,4 - Low,Closed Complete,North America,Canada,Aisha Karim,Mobile device upgrade,sc_req_item,true,akarim,Mobility Services NA,Request fulfilled via Tangoe,2026-09-04,akarim,2026-08-31,Device Upgrade,carlos.flores,2026-09-04,Mobile device upgrade for Carlos Flores (Canada),Carlos Flores,Aisha Karim
RITM1046033,4 - Low,Closed Complete,North America,Canada,Tom Okafor,Mobile device upgrade,sc_req_item,true,tokafor,Mobility Services NA,Request fulfilled via Tangoe,2026-04-22,tokafor,2026-04-22,Device Upgrade,carlos.moore,2026-04-22,Mobile device upgrade for Carlos Moore (Canada),Carlos Moore,Tom Okafor
RITM1046034,3 - Moderate,Closed Complete,North America,United States,Aisha Karim,Mobile device upgrade,sc_req_item,true,akarim,Mobility Services NA,Request fulfilled via Tangoe,2024-03-19,akarim,2024-03-16,Device Upgrade,charles.anderson,2024-03-19,Mobile device upgrade for Charles Anderson (United States),Charles Anderson,Aisha Karim
RITM1046035,4 - Low,Work in Progress,North America,United States,Aisha Karim,Mobile device upgrade,sc_req_item,true,akarim,Mobility Services NA,Awaiting carrier confirmation,2025-08-26,akarim,2025-08-26,Device Upgrade,richard.gagnon,,Mobile device upgrade for Richard Gagnon (United States),Richard Gagnon,
RITM1046036,4 - Low,Closed Complete,North America,Canada,Marco Bellini,International roaming plan for upcoming travel,sc_req_item,true,mbellini,Mobility Services NA,Request fulfilled via Tangoe,2024-08-08,mbellini,2024-08-05,International Travel,sofia.wright,2024-08-08,International roaming plan for upcoming travel for Sofia Wright (Canada),Sofia Wright,Marco Bellini
RITM1046037,4 - Low,Closed Complete,North America,United States,Tom Okafor,International roaming plan for upcoming travel,sc_req_item,true,tokafor,Mobility Services NA,Request fulfilled via Tangoe,2025-06-10,tokafor,2025-06-06,International Travel,patricia.patel,2025-06-10,International roaming plan for upcoming travel for Patricia Patel (United States),Patricia Patel,Tom Okafor
RITM1046038,4 - Low,Closed Complete,North America,United States,Victor Hale,International roaming plan for upcoming travel,sc_req_item,true,vhale,Mobility Services NA,Request fulfilled via Tangoe,2024-08-13,vhale,2024-08-11,International Travel,olga.campbell,2024-08-13,International roaming plan for upcoming travel for Olga Campbell (United States),Olga Campbell,Victor Hale
RITM1046039,4 - Low,Closed Complete,North America,Canada,Marco Bellini,New mobile device request,sc_req_item,true,mbellini,Mobility Services NA,Request fulfilled via Tangoe,2025-06-05,mbellini,2025-05-29,New Device,david.walker,2025-06-05,New mobile device request for David Walker (Canada),David Walker,Marco Bellini
RITM1046040,4 - Low,Closed Complete,North America,Canada,Victor Hale,International roaming plan for upcoming travel,sc_req_item,true,vhale,Mobility Services NA,Request fulfilled via Tangoe,2025-03-17,vhale,2025-03-15,International Travel,sarah.thompson,2025-03-17,International roaming plan for upcoming travel for Sarah Thompson (Canada),Sarah Thompson,Victor Hale
RITM1046041,3 - Moderate,Closed Complete,North America,Canada,Aisha Karim,Lost or stolen device - suspend line,sc_req_item,true,akarim,Mobility Services NA,Request fulfilled via Tangoe,2024-03-15,akarim,2024-03-13,Lost/Stolen,yuki.walker,2024-03-15,Lost or stolen device - suspend line for Yuki Walker (Canada),Yuki Walker,Aisha Karim
RITM1046042,3 - Moderate,Closed Complete,North America,Canada,Marco Bellini,New mobile device request,sc_req_item,true,mbellini,Mobility Services NA,Request fulfilled via Tangoe,2024-06-14,mbellini,2024-06-11,New Device,paul.king,2024-06-14,New mobile device request for Paul King (Canada),Paul King,Marco Bellini
RITM1046043,3 - Moderate,Closed Complete,North America,United States,Marco Bellini,Port personal number to corporate account,sc_req_item,true,mbellini,Mobility Services NA,Request fulfilled via Tangoe,2026-01-20,mbellini,2026-01-15,Number Port,leila.sanchez,2026-01-20,Port personal number to corporate account for Leila Sanchez (United States),Leila Sanchez,Marco Bellini
RITM1046044,4 - Low,Closed Complete,North America,United States,Tom Okafor,New mobile device request,sc_req_item,true,tokafor,Mobility Services NA,Request fulfilled via Tangoe,2024-05-14,tokafor,2024-05-08,New Device,carlos.harris,2024-05-14,New mobile device request for Carlos Harris (United States),Carlos Harris,Tom Okafor
RITM1046045,4 - Low,Closed Complete,North America,United States,Dana Whitfield,Cancel mobile line - employee departure,sc_req_item,true,dwhitfield,Mobility Services NA,Request fulfilled via Tangoe,2025-02-03,dwhitfield,2025-02-02,Line Cancellation,joshua.singh,2025-02-03,Cancel mobile line - employee departure for Joshua Singh (United States),Joshua Singh,Dana Whitfield
RITM1046046,3 - Moderate,Closed Complete,North America,United States,Dana Whitfield,Cancel mobile line - employee departure,sc_req_item,true,dwhitfield,Mobility Services NA,Request fulfilled via Tangoe,2024-11-14,dwhitfield,2024-11-13,Line Cancellation,sofia.carter,2024-11-14,Cancel mobile line - employee departure for Sofia Carter (United States),Sofia Carter,Dana Whitfield
RITM1046047,4 - Low,Closed Complete,North America,United States,Marco Bellini,Mobile device not working,sc_req_item,true,mbellini,Mobility Services NA,Request fulfilled via Tangoe,2025-09-04,mbellini,2025-09-04,Troubleshooting,anthony.taylor,2025-09-04,Mobile device not working for Anthony Taylor (United States),Anthony Taylor,Marco Bellini
RITM1046048,4 - Low,Closed Incomplete,North America,United States,Dana Whitfield,Mobile device upgrade,sc_req_item,true,dwhitfield,Mobility Services NA,Request fulfilled via Tangoe,2026-07-21,dwhitfield,2026-07-18,Device Upgrade,david.williams,2026-07-21,Mobile device upgrade for David Williams (United States),David Williams,Dana Whitfield
RITM1046049,2 - High,Closed Complete,North America,United States,Grace Lindqvist,Mobile device upgrade,sc_req_item,true,glindqvist,Mobility Services NA,Request fulfilled via Tangoe,2024-12-27,glindqvist,2024-12-24,Device Upgrade,sandra.baker,2024-12-27,Mobile device upgrade for Sandra Baker (United States),Sandra Baker,Grace Lindqvist
RITM1046050,4 - Low,Closed Complete,North America,United States,Grace Lindqvist,New mobile device request,sc_req_item,true,glindqvist,Mobility Services NA,Request fulfilled via Tangoe,2025-12-31,glindqvist,2025-12-28,New Device,karen.tremblay,2025-12-31,New mobile device request for Karen Tremblay (United States),Karen Tremblay,Grace Lindqvist
RITM1046051,4 - Low,Closed Complete,North America,United States,Grace Lindqvist,Mobile device not working,sc_req_item,true,glindqvist,Mobility Services NA,Request fulfilled via Tangoe,2026-03-17,glindqvist,2026-03-13,Troubleshooting,charles.anderson,2026-03-17,Mobile device not working for Charles Anderson (United States),Charles Anderson,Grace Lindqvist
RITM1046052,2 - High,Closed Complete,North America,United States,Dana Whitfield,Mobile device upgrade,sc_req_item,true,dwhitfield,Mobility Services NA,Request fulfilled via Tangoe,2024-05-18,dwhitfield,2024-05-18,Device Upgrade,mateo.rodriguez,2024-05-18,Mobile device upgrade for Mateo Rodriguez (United States),Mateo Rodriguez,Dana Whitfield
RITM1046053,3 - Moderate,Closed Complete,North America,United States,Aisha Karim,Mobile device not working,sc_req_item,true,akarim,Mobility Services NA,Request fulfilled via Tangoe,2026-09-14,akarim,2026-09-14,Troubleshooting,michelle.king,2026-09-14,Mobile device not working for Michelle King (United States),Michelle King,Aisha Karim
RITM1046054,4 - Low,Closed Complete,North America,United States,Aisha Karim,Lost or stolen device - suspend line,sc_req_item,true,akarim,Mobility Services NA,Request fulfilled via Tangoe,2024-08-15,akarim,2024-08-14,Lost/Stolen,john.nelson,2024-08-15,Lost or stolen device - suspend line for John Nelson (United States),John Nelson,Aisha Karim
RITM1046055,4 - Low,Closed Complete,North America,Canada,Aisha Karim,Mobile device not working,sc_req_item,true,akarim,Mobility Services NA,Request fulfilled via Tangoe,2025-06-25,akarim,2025-06-24,Troubleshooting,omar.johnson,2025-06-25,Mobile device not working for Omar Johnson (Canada),Omar Johnson,Aisha Karim
RITM1046056,3 - Moderate,Closed Complete,North America,United States,Tom Okafor,Cancel mobile line - employee departure,sc_req_item,true,tokafor,Mobility Services NA,Request fulfilled via Tangoe,2024-07-02,tokafor,2024-06-28,Line Cancellation,james.clark,2024-07-02,Cancel mobile line - employee departure for James Clark (United States),James Clark,Tom Okafor
RITM1046057,4 - Low,Closed Complete,North America,United States,Marco Bellini,Mobile device not working,sc_req_item,true,mbellini,Mobility Services NA,Request fulfilled via Tangoe,2026-05-11,mbellini,2026-05-05,Troubleshooting,patricia.anderson,2026-05-11,Mobile device not working for Patricia Anderson (United States),Patricia Anderson,Marco Bellini
RITM1046058,3 - Moderate,Closed Complete,North America,United States,Marco Bellini,International roaming plan for upcoming travel,sc_req_item,true,mbellini,Mobility Services NA,Request fulfilled via Tangoe,2026-02-16,mbellini,2026-02-11,International Travel,mia.brown,2026-02-16,International roaming plan for upcoming travel for Mia Brown (United States),Mia Brown,Marco Bellini
RITM1046059,4 - Low,Closed Complete,North America,United States,Aisha Karim,International roaming plan for upcoming travel,sc_req_item,true,akarim,Mobility Services NA,Request fulfilled via Tangoe,2024-02-21,akarim,2024-02-17,International Travel,ashley.white,2024-02-21,International roaming plan for upcoming travel for Ashley White (United States),Ashley White,Aisha Karim
RITM1046060,3 - Moderate,Closed Complete,North America,United States,Grace Lindqvist,Port personal number to corporate account,sc_req_item,true,glindqvist,Mobility Services NA,Request fulfilled via Tangoe,2026-03-30,glindqvist,2026-03-24,Number Port,mark.perez,2026-03-30,Port personal number to corporate account for Mark Perez (United States),Mark Perez,Grace Lindqvist
RITM1046061,3 - Moderate,Closed Complete,North America,United States,Victor Hale,Lost or stolen device - suspend line,sc_req_item,true,vhale,Mobility Services NA,Request fulfilled via Tangoe,2025-02-04,vhale,2025-01-31,Lost/Stolen,olga.hernandez,2025-02-04,Lost or stolen device - suspend line for Olga Hernandez (United States),Olga Hernandez,Victor Hale
RITM1046062,4 - Low,Work in Progress,North America,United States,Victor Hale,New mobile device request,sc_req_item,true,vhale,Mobility Services NA,Awaiting carrier confirmation,2025-12-30,vhale,2025-12-30,New Device,daniel.hill,,New mobile device request for Daniel Hill (United States),Daniel Hill,
RITM1046063,4 - Low,Closed Complete,North America,United States,Tom Okafor,Lost or stolen device - suspend line,sc_req_item,true,tokafor,Mobility Services NA,Request fulfilled via Tangoe,2025-03-18,tokafor,2025-03-15,Lost/Stolen,ana.king,2025-03-18,Lost or stolen device - suspend line for Ana King (United States),Ana King,Tom Okafor
RITM1046064,3 - Moderate,Open,North America,United States,Dana Whitfield,Mobile device upgrade,sc_req_item,true,dwhitfield,Mobility Services NA,Awaiting carrier confirmation,2024-04-08,dwhitfield,2024-04-08,Device Upgrade,ana.torres,,Mobile device upgrade for Ana Torres (United States),Ana Torres,
RITM1046065,3 - Moderate,Closed Complete,North America,United States,Marco Bellini,International roaming plan for upcoming travel,sc_req_item,true,mbellini,Mobility Services NA,Request fulfilled via Tangoe,2025-03-17,mbellini,2025-03-14,International Travel,fatima.tremblay,2025-03-17,International roaming plan for upcoming travel for Fatima Tremblay (United States),Fatima Tremblay,Marco Bellini
RITM1046066,3 - Moderate,Closed Complete,North America,United States,Dana Whitfield,Mobile device not working,sc_req_item,true,dwhitfield,Mobility Services NA,Request fulfilled via Tangoe,2024-05-13,dwhitfield,2024-05-12,Troubleshooting,sandra.scott,2024-05-13,Mobile device not working for Sandra Scott (United States),Sandra Scott,Dana Whitfield
RITM1046067,4 - Low,Closed Complete,North America,United States,Aisha Karim,Mobile device not working,sc_req_item,true,akarim,Mobility Services NA,Request fulfilled via Tangoe,2025-02-26,akarim,2025-02-23,Troubleshooting,ava.carter,2025-02-26,Mobile device not working for Ava Carter (United States),Ava Carter,Aisha Karim
RITM1046068,3 - Moderate,Closed Complete,North America,United States,Tom Okafor,Mobile device upgrade,sc_req_item,true,tokafor,Mobility Services NA,Request fulfilled via Tangoe,2025-10-20,tokafor,2025-10-17,Device Upgrade,carlos.clark,2025-10-20,Mobile device upgrade for Carlos Clark (United States),Carlos Clark,Tom Okafor
RITM1046069,3 - Moderate,Closed Incomplete,North America,United States,Marco Bellini,New mobile device request,sc_req_item,true,mbellini,Mobility Services NA,Request fulfilled via Tangoe,2024-02-20,mbellini,2024-02-15,New Device,patricia.cohen,2024-02-20,New mobile device request for Patricia Cohen (United States),Patricia Cohen,Marco Bellini
RITM1046070,4 - Low,Closed Incomplete,North America,United States,Grace Lindqvist,Mobile device upgrade,sc_req_item,true,glindqvist,Mobility Services NA,Request fulfilled via Tangoe,2024-02-26,glindqvist,2024-02-26,Device Upgrade,stephanie.baker,2024-02-26,Mobile device upgrade for Stephanie Baker (United States),Stephanie Baker,Grace Lindqvist
RITM1046071,2 - High,Closed Complete,North America,United States,Tom Okafor,New mobile device request,sc_req_item,true,tokafor,Mobility Services NA,Request fulfilled via Tangoe,2024-11-13,tokafor,2024-11-12,New Device,liam.scott,2024-11-13,New mobile device request for Liam Scott (United States),Liam Scott,Tom Okafor
RITM1046072,4 - Low,Closed Complete,North America,United States,Victor Hale,New mobile device request,sc_req_item,true,vhale,Mobility Services NA,Request fulfilled via Tangoe,2025-12-08,vhale,2025-12-07,New Device,nancy.singh,2025-12-08,New mobile device request for Nancy Singh (United States),Nancy Singh,Victor Hale
RITM1046073,4 - Low,Closed Complete,North America,United States,Grace Lindqvist,New mobile device request,sc_req_item,true,glindqvist,Mobility Services NA,Request fulfilled via Tangoe,2026-01-23,glindqvist,2026-01-20,New Device,paul.green,2026-01-23,New mobile device request for Paul Green (United States),Paul Green,Grace Lindqvist
RITM1046074,3 - Moderate,Closed Complete,North America,United States,Victor Hale,Port personal number to corporate account,sc_req_item,true,vhale,Mobility Services NA,Request fulfilled via Tangoe,2024-11-06,vhale,2024-11-04,Number Port,michael.nelson,2024-11-06,Port personal number to corporate account for Michael Nelson (United States),Michael Nelson,Victor Hale
RITM1046075,3 - Moderate,Open,North America,United States,Tom Okafor,Mobile device upgrade,sc_req_item,true,tokafor,Mobility Services NA,Awaiting carrier confirmation,2024-03-22,tokafor,2024-03-22,Device Upgrade,priya.patel,,Mobile device upgrade for Priya Patel (United States),Priya Patel,
RITM1046076,3 - Moderate,Closed Complete,North America,Canada,Dana Whitfield,Mobile device upgrade,sc_req_item,true,dwhitfield,Mobility Services NA,Request fulfilled via Tangoe,2025-02-24,dwhitfield,2025-02-14,Device Upgrade,zoe.harris,2025-02-24,Mobile device upgrade for Zoe Harris (Canada),Zoe Harris,Dana Whitfield
RITM1046077,3 - Moderate,Closed Complete,North America,United States,Aisha Karim,International roaming plan for upcoming travel,sc_req_item,true,akarim,Mobility Services NA,Request fulfilled via Tangoe,2026-03-27,akarim,2026-03-23,International Travel,hiroshi.perez,2026-03-27,International roaming plan for upcoming travel for Hiroshi Perez (United States),Hiroshi Perez,Aisha Karim
RITM1046078,2 - High,Closed Complete,North America,United States,Marco Bellini,Lost or stolen device - suspend line,sc_req_item,true,mbellini,Mobility Services NA,Request fulfilled via Tangoe,2024-04-15,mbellini,2024-04-08,Lost/Stolen,jennifer.flores,2024-04-15,Lost or stolen device - suspend line for Jennifer Flores (United States),Jennifer Flores,Marco Bellini
RITM1046079,4 - Low,Closed Complete,North America,United States,Tom Okafor,New mobile device request,sc_req_item,true,tokafor,Mobility Services NA,Request fulfilled via Tangoe,2025-10-30,tokafor,2025-10-27,New Device,nancy.thomas,2025-10-30,New mobile device request for Nancy Thomas (United States),Nancy Thomas,Tom Okafor
RITM1046080,4 - Low,Closed Complete,North America,United States,Marco Bellini,Mobile device not working,sc_req_item,true,mbellini,Mobility Services NA,Request fulfilled via Tangoe,2024-04-08,mbellini,2024-04-08,Troubleshooting,john.roy,2024-04-08,Mobile device not working for John Roy (United States),John Roy,Marco Bellini
RITM1046081,3 - Moderate,Closed Complete,North America,United States,Dana Whitfield,Mobile device not working,sc_req_item,true,dwhitfield,Mobility Services NA,Request fulfilled via Tangoe,2025-02-06,dwhitfield,2025-01-31,Troubleshooting,stephanie.gagnon,2025-02-06,Mobile device not working for Stephanie Gagnon (United States),Stephanie Gagnon,Dana Whitfield
RITM1046082,4 - Low,Closed Complete,North America,United States,Marco Bellini,Mobile device not working,sc_req_item,true,mbellini,Mobility Services NA,Request fulfilled via Tangoe,2025-06-11,mbellini,2025-06-07,Troubleshooting,nancy.hernandez,2025-06-11,Mobile device not working for Nancy Hernandez (United States),Nancy Hernandez,Marco Bellini
RITM1046083,3 - Moderate,Closed Complete,North America,Canada,Grace Lindqvist,New mobile device request,sc_req_item,true,glindqvist,Mobility Services NA,Request fulfilled via Tangoe,2025-12-01,glindqvist,2025-11-30,New Device,betty.wright,2025-12-01,New mobile device request for Betty Wright (Canada),Betty Wright,Grace Lindqvist
RITM1046084,4 - Low,Closed Complete,North America,United States,Tom Okafor,International roaming plan for upcoming travel,sc_req_item,true,tokafor,Mobility Services NA,Request fulfilled via Tangoe,2026-06-11,tokafor,2026-06-04,International Travel,emily.sanchez,2026-06-11,International roaming plan for upcoming travel for Emily Sanchez (United States),Emily Sanchez,Tom Okafor
RITM1046085,3 - Moderate,Open,North America,United States,Victor Hale,International roaming plan for upcoming travel,sc_req_item,true,vhale,Mobility Services NA,Awaiting carrier confirmation,2024-11-05,vhale,2024-11-05,International Travel,patricia.robinson,,International roaming plan for upcoming travel for Patricia Robinson (United States),Patricia Robinson,
RITM1046086,3 - Moderate,Closed Complete,North America,United States,Aisha Karim,New mobile device request,sc_req_item,true,akarim,Mobility Services NA,Request fulfilled via Tangoe,2025-12-12,akarim,2025-12-09,New Device,leila.tremblay,2025-12-12,New mobile device request for Leila Tremblay (United States),Leila Tremblay,Aisha Karim
RITM1046087,3 - Moderate,Closed Incomplete,North America,United States,Aisha Karim,Mobile device not working,sc_req_item,true,akarim,Mobility Services NA,Request fulfilled via Tangoe,2024-04-29,akarim,2024-04-28,Troubleshooting,emily.lee,2024-04-29,Mobile device not working for Emily Lee (United States),Emily Lee,Aisha Karim
RITM1046088,3 - Moderate,Closed Complete,North America,United States,Victor Hale,Mobile device not working,sc_req_item,true,vhale,Mobility Services NA,Request fulfilled via Tangoe,2024-04-04,vhale,2024-04-03,Troubleshooting,michael.lewis,2024-04-04,Mobile device not working for Michael Lewis (United States),Michael Lewis,Victor Hale
RITM1046089,4 - Low,Closed Complete,North America,United States,Grace Lindqvist,New mobile device request,sc_req_item,true,glindqvist,Mobility Services NA,Request fulfilled via Tangoe,2024-03-04,glindqvist,2024-02-28,New Device,michelle.rivera,2024-03-04,New mobile device request for Michelle Rivera (United States),Michelle Rivera,Grace Lindqvist
RITM1046090,2 - High,Closed Complete,North America,United States,Victor Hale,Mobile device upgrade,sc_req_item,true,vhale,Mobility Services NA,Request fulfilled via Tangoe,2024-01-26,vhale,2024-01-24,Device Upgrade,nancy.hernandez,2024-01-26,Mobile device upgrade for Nancy Hernandez (United States),Nancy Hernandez,Victor Hale
RITM1046091,4 - Low,Closed Complete,North America,Canada,Aisha Karim,New mobile device request,sc_req_item,true,akarim,Mobility Services NA,Request fulfilled via Tangoe,2025-05-22,akarim,2025-05-21,New Device,andrew.white,2025-05-22,New mobile device request for Andrew White (Canada),Andrew White,Aisha Karim
RITM1046092,3 - Moderate,Closed Complete,North America,United States,Marco Bellini,New mobile device request,sc_req_item,true,mbellini,Mobility Services NA,Request fulfilled via Tangoe,2026-03-02,mbellini,2026-02-26,New Device,paul.miller,2026-03-02,New mobile device request for Paul Miller (United States),Paul Miller,Marco Bellini
RITM1046093,4 - Low,Closed Complete,North America,United States,Tom Okafor,Lost or stolen device - suspend line,sc_req_item,true,tokafor,Mobility Services NA,Request fulfilled via Tangoe,2026-02-11,tokafor,2026-02-05,Lost/Stolen,betty.wright,2026-02-11,Lost or stolen device - suspend line for Betty Wright (United States),Betty Wright,Tom Okafor
RITM1046094,4 - Low,Closed Complete,North America,United States,Marco Bellini,International roaming plan for upcoming travel,sc_req_item,true,mbellini,Mobility Services NA,Request fulfilled via Tangoe,2024-01-29,mbellini,2024-01-29,International Travel,richard.kim,2024-01-29,International roaming plan for upcoming travel for Richard Kim (United States),Richard Kim,Marco Bellini
RITM1046095,4 - Low,Closed Complete,North America,United States,Tom Okafor,Port personal number to corporate account,sc_req_item,true,tokafor,Mobility Services NA,Request fulfilled via Tangoe,2026-02-27,tokafor,2026-02-22,Number Port,michael.johnson,2026-02-27,Port personal number to corporate account for Michael Johnson (United States),Michael Johnson,Tom Okafor
RITM1046096,4 - Low,Closed Complete,North America,Canada,Victor Hale,New mobile device request,sc_req_item,true,vhale,Mobility Services NA,Request fulfilled via Tangoe,2024-07-22,vhale,2024-07-19,New Device,mark.rodriguez,2024-07-22,New mobile device request for Mark Rodriguez (Canada),Mark Rodriguez,Victor Hale
RITM1046097,3 - Moderate,Closed Complete,North America,Canada,Marco Bellini,New mobile device request,sc_req_item,true,mbellini,Mobility Services NA,Request fulfilled via Tangoe,2024-09-27,mbellini,2024-09-25,New Device,john.nelson,2024-09-27,New mobile device request for John Nelson (Canada),John Nelson,Marco Bellini
RITM1046098,4 - Low,Closed Complete,North America,United States,Tom Okafor,Mobile device not working,sc_req_item,true,tokafor,Mobility Services NA,Request fulfilled via Tangoe,2024-10-02,tokafor,2024-09-29,Troubleshooting,elizabeth.young,2024-10-02,Mobile device not working for Elizabeth Young (United States),Elizabeth Young,Tom Okafor
RITM1046099,4 - Low,Closed Complete,North America,United States,Victor Hale,New mobile device request,sc_req_item,true,vhale,Mobility Services NA,Request fulfilled via Tangoe,2026-06-05,vhale,2026-06-03,New Device,betty.robinson,2026-06-05,New mobile device request for Betty Robinson (United States),Betty Robinson,Victor Hale
RITM1046100,4 - Low,Closed Complete,North America,United States,Marco Bellini,Cancel mobile line - employee departure,sc_req_item,true,mbellini,Mobility Services NA,Request fulfilled via Tangoe,2026-01-16,mbellini,2026-01-10,Line Cancellation,charles.allen,2026-01-16,Cancel mobile line - employee departure for Charles Allen (United States),Charles Allen,Marco Bellini
RITM1046101,4 - Low,Closed Complete,North America,United States,Marco Bellini,International roaming plan for upcoming travel,sc_req_item,true,mbellini,Mobility Services NA,Request fulfilled via Tangoe,2026-04-15,mbellini,2026-04-09,International Travel,barbara.ramirez,2026-04-15,International roaming plan for upcoming travel for Barbara Ramirez (United States),Barbara Ramirez,Marco Bellini
RITM1046102,3 - Moderate,Closed Complete,North America,United States,Dana Whitfield,New mobile device request,sc_req_item,true,dwhitfield,Mobility Services NA,Request fulfilled via Tangoe,2025-12-22,dwhitfield,2025-12-17,New Device,linda.taylor,2025-12-22,New mobile device request for Linda Taylor (United States),Linda Taylor,Dana Whitfield
RITM1046103,4 - Low,Closed Incomplete,North America,Canada,Victor Hale,Mobile device upgrade,sc_req_item,true,vhale,Mobility Services NA,Request fulfilled via Tangoe,2024-03-20,vhale,2024-03-18,Device Upgrade,fatima.green,2024-03-20,Mobile device upgrade for Fatima Green (Canada),Fatima Green,Victor Hale
RITM1046104,4 - Low,Closed Complete,North America,United States,Grace Lindqvist,New mobile device request,sc_req_item,true,glindqvist,Mobility Services NA,Request fulfilled via Tangoe,2024-01-16,glindqvist,2024-01-15,New Device,karen.campbell,2024-01-16,New mobile device request for Karen Campbell (United States),Karen Campbell,Grace Lindqvist
RITM1046105,3 - Moderate,Closed Complete,North America,United States,Victor Hale,Mobile device not working,sc_req_item,true,vhale,Mobility Services NA,Request fulfilled via Tangoe,2024-10-02,vhale,2024-09-30,Troubleshooting,ava.smith,2024-10-02,Mobile device not working for Ava Smith (United States),Ava Smith,Victor Hale
RITM1046106,3 - Moderate,Closed Complete,North America,United States,Grace Lindqvist,Mobile device upgrade,sc_req_item,true,glindqvist,Mobility Services NA,Request fulfilled via Tangoe,2026-07-24,glindqvist,2026-07-24,Device Upgrade,robert.williams,2026-07-24,Mobile device upgrade for Robert Williams (United States),Robert Williams,Grace Lindqvist
RITM1046107,4 - Low,Closed Complete,North America,United States,Tom Okafor,Cancel mobile line - employee departure,sc_req_item,true,tokafor,Mobility Services NA,Request fulfilled via Tangoe,2024-11-11,tokafor,2024-11-03,Line Cancellation,steven.nelson,2024-11-11,Cancel mobile line - employee departure for Steven Nelson (United States),Steven Nelson,Tom Okafor
RITM1046108,4 - Low,Closed Incomplete,North America,United States,Tom Okafor,New mobile device request,sc_req_item,true,tokafor,Mobility Services NA,Request fulfilled via Tangoe,2024-07-10,tokafor,2024-07-04,New Device,wei.lopez,2024-07-10,New mobile device request for Wei Lopez (United States),Wei Lopez,Tom Okafor
RITM1046109,4 - Low,Closed Complete,North America,United States,Victor Hale,Lost or stolen device - suspend line,sc_req_item,true,vhale,Mobility Services NA,Request fulfilled via Tangoe,2024-09-02,vhale,2024-08-29,Lost/Stolen,john.brown,2024-09-02,Lost or stolen device - suspend line for John Brown (United States),John Brown,Victor Hale
RITM1046110,4 - Low,Closed Complete,North America,Canada,Dana Whitfield,General mobility inquiry,sc_req_item,true,dwhitfield,Mobility Services NA,Request fulfilled via Tangoe,2024-09-11,dwhitfield,2024-09-07,N/A,yuki.rodriguez,2024-09-11,General mobility inquiry for Yuki Rodriguez (Canada),Yuki Rodriguez,Dana Whitfield
RITM1046111,4 - Low,Closed Complete,North America,United States,Marco Bellini,Mobile device upgrade,sc_req_item,true,mbellini,Mobility Services NA,Request fulfilled via Tangoe,2025-01-24,mbellini,2025-01-15,Device Upgrade,mia.nelson,2025-01-24,Mobile device upgrade for Mia Nelson (United States),Mia Nelson,Marco Bellini
RITM1046112,3 - Moderate,Closed Complete,North America,United States,Dana Whitfield,International roaming plan for upcoming travel,sc_req_item,true,dwhitfield,Mobility Services NA,Request fulfilled via Tangoe,2025-01-07,dwhitfield,2025-01-04,International Travel,robert.martin,2025-01-07,International roaming plan for upcoming travel for Robert Martin (United States),Robert Martin,Dana Whitfield
RITM1046113,4 - Low,Closed Complete,North America,United States,Grace Lindqvist,Lost or stolen device - suspend line,sc_req_item,true,glindqvist,Mobility Services NA,Request fulfilled via Tangoe,2024-07-17,glindqvist,2024-07-12,Lost/Stolen,ava.hall,2024-07-17,Lost or stolen device - suspend line for Ava Hall (United States),Ava Hall,Grace Lindqvist
RITM1046114,3 - Moderate,Closed Complete,North America,United States,Marco Bellini,Mobile device not working,sc_req_item,true,mbellini,Mobility Services NA,Request fulfilled via Tangoe,2024-05-29,mbellini,2024-05-24,Troubleshooting,melissa.brown,2024-05-29,Mobile device not working for Melissa Brown (United States),Melissa Brown,Marco Bellini
RITM1046115,4 - Low,Closed Complete,North America,United States,Marco Bellini,International roaming plan for upcoming travel,sc_req_item,true,mbellini,Mobility Services NA,Request fulfilled via Tangoe,2024-04-04,mbellini,2024-03-28,International Travel,stephanie.brown,2024-04-04,International roaming plan for upcoming travel for Stephanie Brown (United States),Stephanie Brown,Marco Bellini
RITM1046116,4 - Low,Closed Complete,North America,United States,Victor Hale,International roaming plan for upcoming travel,sc_req_item,true,vhale,Mobility Services NA,Request fulfilled via Tangoe,2025-12-23,vhale,2025-12-17,International Travel,charles.martin,2025-12-23,International roaming plan for upcoming travel for Charles Martin (United States),Charles Martin,Victor Hale
RITM1046117,4 - Low,Closed Complete,North America,United States,Victor Hale,International roaming plan for upcoming travel,sc_req_item,true,vhale,Mobility Services NA,Request fulfilled via Tangoe,2025-02-24,vhale,2025-02-13,International Travel,jennifer.nguyen,2025-02-24,International roaming plan for upcoming travel for Jennifer Nguyen (United States),Jennifer Nguyen,Victor Hale
RITM1046118,4 - Low,Closed Complete,North America,United States,Marco Bellini,Mobile device upgrade,sc_req_item,true,mbellini,Mobility Services NA,Request fulfilled via Tangoe,2024-09-13,mbellini,2024-09-10,Device Upgrade,jennifer.sanchez,2024-09-13,Mobile device upgrade for Jennifer Sanchez (United States),Jennifer Sanchez,Marco Bellini
RITM1046119,3 - Moderate,Closed Complete,North America,United States,Marco Bellini,Lost or stolen device - suspend line,sc_req_item,true,mbellini,Mobility Services NA,Request fulfilled via Tangoe,2024-04-24,mbellini,2024-04-22,Lost/Stolen,sarah.green,2024-04-24,Lost or stolen device - suspend line for Sarah Green (United States),Sarah Green,Marco Bellini
RITM1046120,3 - Moderate,Closed Complete,North America,United States,Victor Hale,Cancel mobile line - employee departure,sc_req_item,true,vhale,Mobility Services NA,Request fulfilled via Tangoe,2025-03-14,vhale,2025-03-11,Line Cancellation,andrew.white,2025-03-14,Cancel mobile line - employee departure for Andrew White (United States),Andrew White,Victor Hale
RITM1046121,4 - Low,Closed Complete,North America,United States,Dana Whitfield,Lost or stolen device - suspend line,sc_req_item,true,dwhitfield,Mobility Services NA,Request fulfilled via Tangoe,2026-06-04,dwhitfield,2026-05-30,Lost/Stolen,steven.young,2026-06-04,Lost or stolen device - suspend line for Steven Young (United States),Steven Young,Dana Whitfield
RITM1046122,4 - Low,Closed Complete,North America,United States,Grace Lindqvist,Port personal number to corporate account,sc_req_item,true,glindqvist,Mobility Services NA,Request fulfilled via Tangoe,2024-06-20,glindqvist,2024-06-15,Number Port,kevin.roy,2024-06-20,Port personal number to corporate account for Kevin Roy (United States),Kevin Roy,Grace Lindqvist
RITM1046123,4 - Low,Closed Complete,North America,Canada,Aisha Karim,Mobile device upgrade,sc_req_item,true,akarim,Mobility Services NA,Request fulfilled via Tangoe,2024-05-22,akarim,2024-05-18,Device Upgrade,ava.adams,2024-05-22,Mobile device upgrade for Ava Adams (Canada),Ava Adams,Aisha Karim
RITM1046124,4 - Low,Closed Complete,North America,Canada,Dana Whitfield,Mobile device upgrade,sc_req_item,true,dwhitfield,Mobility Services NA,Request fulfilled via Tangoe,2026-03-04,dwhitfield,2026-02-28,Device Upgrade,yuki.singh,2026-03-04,Mobile device upgrade for Yuki Singh (Canada),Yuki Singh,Dana Whitfield
RITM1046125,2 - High,Closed Complete,North America,United States,Marco Bellini,Mobile device not working,sc_req_item,true,mbellini,Mobility Services NA,Request fulfilled via Tangoe,2026-05-15,mbellini,2026-05-09,Troubleshooting,omar.harris,2026-05-15,Mobile device not working for Omar Harris (United States),Omar Harris,Marco Bellini
RITM1046126,4 - Low,Closed Complete,North America,United States,Grace Lindqvist,New mobile device request,sc_req_item,true,glindqvist,Mobility Services NA,Request fulfilled via Tangoe,2026-05-26,glindqvist,2026-05-22,New Device,nancy.lee,2026-05-26,New mobile device request for Nancy Lee (United States),Nancy Lee,Grace Lindqvist
RITM1046127,3 - Moderate,Closed Complete,North America,United States,Grace Lindqvist,Mobile device not working,sc_req_item,true,glindqvist,Mobility Services NA,Request fulfilled via Tangoe,2024-07-26,glindqvist,2024-07-23,Troubleshooting,olga.anderson,2024-07-26,Mobile device not working for Olga Anderson (United States),Olga Anderson,Grace Lindqvist
RITM1046128,4 - Low,Closed Complete,North America,United States,Marco Bellini,Mobile device upgrade,sc_req_item,true,mbellini,Mobility Services NA,Request fulfilled via Tangoe,2025-12-12,mbellini,2025-12-10,Device Upgrade,omar.singh,2025-12-12,Mobile device upgrade for Omar Singh (United States),Omar Singh,Marco Bellini
RITM1046129,4 - Low,Closed Complete,North America,United States,Aisha Karim,Mobile device not working,sc_req_item,true,akarim,Mobility Services NA,Request fulfilled via Tangoe,2024-08-07,akarim,2024-08-07,Troubleshooting,carlos.thompson,2024-08-07,Mobile device not working for Carlos Thompson (United States),Carlos Thompson,Aisha Karim
RITM1046130,4 - Low,Closed Complete,North America,United States,Grace Lindqvist,Lost or stolen device - suspend line,sc_req_item,true,glindqvist,Mobility Services NA,Request fulfilled via Tangoe,2024-07-02,glindqvist,2024-06-22,Lost/Stolen,jennifer.lee,2024-07-02,Lost or stolen device - suspend line for Jennifer Lee (United States),Jennifer Lee,Grace Lindqvist
RITM1046131,2 - High,Closed Complete,North America,United States,Victor Hale,Mobile device not working,sc_req_item,true,vhale,Mobility Services NA,Request fulfilled via Tangoe,2024-04-29,vhale,2024-04-23,Troubleshooting,omar.rivera,2024-04-29,Mobile device not working for Omar Rivera (United States),Omar Rivera,Victor Hale
RITM1046132,2 - High,Closed Complete,North America,United States,Marco Bellini,Lost or stolen device - suspend line,sc_req_item,true,mbellini,Mobility Services NA,Request fulfilled via Tangoe,2025-12-14,mbellini,2025-12-14,Lost/Stolen,ahmed.martin,2025-12-14,Lost or stolen device - suspend line for Ahmed Martin (United States),Ahmed Martin,Marco Bellini
RITM1046133,4 - Low,Closed Complete,North America,United States,Dana Whitfield,New mobile device request,sc_req_item,true,dwhitfield,Mobility Services NA,Request fulfilled via Tangoe,2025-12-16,dwhitfield,2025-12-16,New Device,liam.hall,2025-12-16,New mobile device request for Liam Hall (United States),Liam Hall,Dana Whitfield
RITM1046134,4 - Low,Closed Incomplete,North America,United States,Grace Lindqvist,Mobile device not working,sc_req_item,true,glindqvist,Mobility Services NA,Request fulfilled via Tangoe,2025-01-03,glindqvist,2025-01-01,Troubleshooting,ethan.sanchez,2025-01-03,Mobile device not working for Ethan Sanchez (United States),Ethan Sanchez,Grace Lindqvist
RITM1046135,3 - Moderate,Closed Complete,North America,United States,Grace Lindqvist,New mobile device request,sc_req_item,true,glindqvist,Mobility Services NA,Request fulfilled via Tangoe,2026-08-04,glindqvist,2026-08-01,New Device,charles.allen,2026-08-04,New mobile device request for Charles Allen (United States),Charles Allen,Grace Lindqvist
RITM1046136,3 - Moderate,Closed Complete,North America,United States,Victor Hale,Cancel mobile line - employee departure,sc_req_item,true,vhale,Mobility Services NA,Request fulfilled via Tangoe,2024-09-09,vhale,2024-09-03,Line Cancellation,mary.lee,2024-09-09,Cancel mobile line - employee departure for Mary Lee (United States),Mary Lee,Victor Hale
RITM1046137,4 - Low,Closed Complete,North America,United States,Marco Bellini,Mobile device not working,sc_req_item,true,mbellini,Mobility Services NA,Request fulfilled via Tangoe,2026-08-23,mbellini,2026-08-23,Troubleshooting,ava.lopez,2026-08-23,Mobile device not working for Ava Lopez (United States),Ava Lopez,Marco Bellini
RITM1046138,4 - Low,Closed Complete,North America,United States,Dana Whitfield,Mobile device not working,sc_req_item,true,dwhitfield,Mobility Services NA,Request fulfilled via Tangoe,2024-10-07,dwhitfield,2024-10-05,Troubleshooting,michael.hill,2024-10-07,Mobile device not working for Michael Hill (United States),Michael Hill,Dana Whitfield
RITM1046139,2 - High,Open,North America,United States,Grace Lindqvist,Mobile device upgrade,sc_req_item,true,glindqvist,Mobility Services NA,Awaiting carrier confirmation,2024-05-12,glindqvist,2024-05-12,Device Upgrade,amanda.campbell,,Mobile device upgrade for Amanda Campbell (United States),Amanda Campbell,
RITM1046140,2 - High,Closed Complete,North America,United States,Grace Lindqvist,Port personal number to corporate account,sc_req_item,true,glindqvist,Mobility Services NA,Request fulfilled via Tangoe,2026-01-12,glindqvist,2026-01-10,Number Port,carlos.young,2026-01-12,Port personal number to corporate account for Carlos Young (United States),Carlos Young,Grace Lindqvist
RITM1046141,4 - Low,Closed Complete,North America,United States,Aisha Karim,International roaming plan for upcoming travel,sc_req_item,true,akarim,Mobility Services NA,Request fulfilled via Tangoe,2024-07-31,akarim,2024-07-29,International Travel,david.martinez,2024-07-31,International roaming plan for upcoming travel for David Martinez (United States),David Martinez,Aisha Karim
RITM1046142,3 - Moderate,Closed Complete,North America,United States,Dana Whitfield,Cancel mobile line - employee departure,sc_req_item,true,dwhitfield,Mobility Services NA,Request fulfilled via Tangoe,2024-01-30,dwhitfield,2024-01-23,Line Cancellation,wei.lopez,2024-01-30,Cancel mobile line - employee departure for Wei Lopez (United States),Wei Lopez,Dana Whitfield
RITM1046143,4 - Low,Closed Complete,North America,Canada,Tom Okafor,New mobile device request,sc_req_item,true,tokafor,Mobility Services NA,Request fulfilled via Tangoe,2025-03-25,tokafor,2025-03-20,New Device,anthony.roy,2025-03-25,New mobile device request for Anthony Roy (Canada),Anthony Roy,Tom Okafor
RITM1046144,4 - Low,Closed Complete,North America,United States,Dana Whitfield,New mobile device request,sc_req_item,true,dwhitfield,Mobility Services NA,Request fulfilled via Tangoe,2025-04-15,dwhitfield,2025-04-11,New Device,ahmed.novak,2025-04-15,New mobile device request for Ahmed Novak (United States),Ahmed Novak,Dana Whitfield
RITM1046145,4 - Low,Closed Complete,North America,Canada,Aisha Karim,Lost or stolen device - suspend line,sc_req_item,true,akarim,Mobility Services NA,Request fulfilled via Tangoe,2025-09-10,akarim,2025-09-05,Lost/Stolen,melissa.walker,2025-09-10,Lost or stolen device - suspend line for Melissa Walker (Canada),Melissa Walker,Aisha Karim
RITM1046146,3 - Moderate,Closed Complete,North America,United States,Aisha Karim,New mobile device request,sc_req_item,true,akarim,Mobility Services NA,Request fulfilled via Tangoe,2025-03-18,akarim,2025-03-12,New Device,liam.williams,2025-03-18,New mobile device request for Liam Williams (United States),Liam Williams,Aisha Karim
RITM1046147,3 - Moderate,Closed Complete,North America,United States,Grace Lindqvist,International roaming plan for upcoming travel,sc_req_item,true,glindqvist,Mobility Services NA,Request fulfilled via Tangoe,2024-11-26,glindqvist,2024-11-22,International Travel,noah.torres,2024-11-26,International roaming plan for upcoming travel for Noah Torres (United States),Noah Torres,Grace Lindqvist
RITM1046148,2 - High,Closed Complete,North America,United States,Victor Hale,Mobile device not working,sc_req_item,true,vhale,Mobility Services NA,Request fulfilled via Tangoe,2025-05-06,vhale,2025-05-03,Troubleshooting,hiroshi.brown,2025-05-06,Mobile device not working for Hiroshi Brown (United States),Hiroshi Brown,Victor Hale
RITM1046149,3 - Moderate,Closed Complete,North America,United States,Grace Lindqvist,International roaming plan for upcoming travel,sc_req_item,true,glindqvist,Mobility Services NA,Request fulfilled via Tangoe,2024-06-11,glindqvist,2024-06-09,International Travel,nancy.adams,2024-06-11,International roaming plan for upcoming travel for Nancy Adams (United States),Nancy Adams,Grace Lindqvist
RITM1046150,3 - Moderate,Closed Complete,North America,United States,Grace Lindqvist,International roaming plan for upcoming travel,sc_req_item,true,glindqvist,Mobility Services NA,Request fulfilled via Tangoe,2024-09-21,glindqvist,2024-09-21,International Travel,matthew.perez,2024-09-21,International roaming plan for upcoming travel for Matthew Perez (United States),Matthew Perez,Grace Lindqvist
RITM1046151,4 - Low,Closed Complete,North America,United States,Dana Whitfield,Mobile device not working,sc_req_item,true,dwhitfield,Mobility Services NA,Request fulfilled via Tangoe,2025-06-11,dwhitfield,2025-06-09,Troubleshooting,amanda.campbell,2025-06-11,Mobile device not working for Amanda Campbell (United States),Amanda Campbell,Dana Whitfield
RITM1046152,4 - Low,Open,North America,United States,Grace Lindqvist,International roaming plan for upcoming travel,sc_req_item,true,glindqvist,Mobility Services NA,Awaiting carrier confirmation,2026-09-19,glindqvist,2026-09-19,International Travel,ahmed.martin,,International roaming plan for upcoming travel for Ahmed Martin (United States),Ahmed Martin,
RITM1046153,3 - Moderate,Closed Complete,North America,United States,Aisha Karim,Mobile device upgrade,sc_req_item,true,akarim,Mobility Services NA,Request fulfilled via Tangoe,2024-08-19,akarim,2024-08-14,Device Upgrade,omar.martin,2024-08-19,Mobile device upgrade for Omar Martin (United States),Omar Martin,Aisha Karim
RITM1046154,4 - Low,Work in Progress,North America,United States,Aisha Karim,Mobile device upgrade,sc_req_item,true,akarim,Mobility Services NA,Awaiting carrier confirmation,2026-06-20,akarim,2026-06-20,Device Upgrade,thomas.hernandez,,Mobile device upgrade for Thomas Hernandez (United States),Thomas Hernandez,
RITM1046155,4 - Low,Closed Complete,North America,United States,Grace Lindqvist,Cancel mobile line - employee departure,sc_req_item,true,glindqvist,Mobility Services NA,Request fulfilled via Tangoe,2026-07-02,glindqvist,2026-07-02,Line Cancellation,lisa.jones,2026-07-02,Cancel mobile line - employee departure for Lisa Jones (United States),Lisa Jones,Grace Lindqvist
RITM1046156,3 - Moderate,Work in Progress,North America,United States,Dana Whitfield,Mobile device not working,sc_req_item,true,dwhitfield,Mobility Services NA,Awaiting carrier confirmation,2026-09-07,dwhitfield,2026-09-07,Troubleshooting,ahmed.jackson,,Mobile device not working for Ahmed Jackson (United States),Ahmed Jackson,
RITM1046157,4 - Low,Closed Complete,North America,United States,Aisha Karim,Mobile device not working,sc_req_item,true,akarim,Mobility Services NA,Request fulfilled via Tangoe,2024-01-22,akarim,2024-01-18,Troubleshooting,fatima.martinez,2024-01-22,Mobile device not working for Fatima Martinez (United States),Fatima Martinez,Aisha Karim
RITM1046158,4 - Low,Closed Complete,North America,United States,Tom Okafor,Lost or stolen device - suspend line,sc_req_item,true,tokafor,Mobility Services NA,Request fulfilled via Tangoe,2026-04-01,tokafor,2026-03-27,Lost/Stolen,zoe.harris,2026-04-01,Lost or stolen device - suspend line for Zoe Harris (United States),Zoe Harris,Tom Okafor
RITM1046159,4 - Low,Closed Complete,North America,United States,Aisha Karim,International roaming plan for upcoming travel,sc_req_item,true,akarim,Mobility Services NA,Request fulfilled via Tangoe,2025-02-12,akarim,2025-02-05,International Travel,nancy.lee,2025-02-12,International roaming plan for upcoming travel for Nancy Lee (United States),Nancy Lee,Aisha Karim
RITM1046160,3 - Moderate,Closed Incomplete,North America,United States,Victor Hale,Lost or stolen device - suspend line,sc_req_item,true,vhale,Mobility Services NA,Request fulfilled via Tangoe,2024-03-27,vhale,2024-03-22,Lost/Stolen,yuki.green,2024-03-27,Lost or stolen device - suspend line for Yuki Green (United States),Yuki Green,Victor Hale
RITM1046161,4 - Low,Closed Complete,North America,United States,Marco Bellini,New mobile device request,sc_req_item,true,mbellini,Mobility Services NA,Request fulfilled via Tangoe,2026-03-06,mbellini,2026-03-02,New Device,hiroshi.carter,2026-03-06,New mobile device request for Hiroshi Carter (United States),Hiroshi Carter,Marco Bellini
RITM1046162,4 - Low,Closed Incomplete,North America,Canada,Dana Whitfield,Mobile device not working,sc_req_item,true,dwhitfield,Mobility Services NA,Request fulfilled via Tangoe,2026-07-06,dwhitfield,2026-07-05,Troubleshooting,noah.adams,2026-07-06,Mobile device not working for Noah Adams (Canada),Noah Adams,Dana Whitfield
RITM1046163,4 - Low,Closed Complete,North America,United States,Victor Hale,Cancel mobile line - employee departure,sc_req_item,true,vhale,Mobility Services NA,Request fulfilled via Tangoe,2024-04-22,vhale,2024-04-15,Line Cancellation,lisa.wilson,2024-04-22,Cancel mobile line - employee departure for Lisa Wilson (United States),Lisa Wilson,Victor Hale
RITM1046164,3 - Moderate,Closed Complete,North America,United States,Tom Okafor,New mobile device request,sc_req_item,true,tokafor,Mobility Services NA,Request fulfilled via Tangoe,2024-12-10,tokafor,2024-12-09,New Device,ahmed.novak,2024-12-10,New mobile device request for Ahmed Novak (United States),Ahmed Novak,Tom Okafor
RITM1046165,4 - Low,Closed Complete,North America,United States,Dana Whitfield,New mobile device request,sc_req_item,true,dwhitfield,Mobility Services NA,Request fulfilled via Tangoe,2024-04-01,dwhitfield,2024-03-29,New Device,fatima.davis,2024-04-01,New mobile device request for Fatima Davis (United States),Fatima Davis,Dana Whitfield
RITM1046166,3 - Moderate,Closed Complete,North America,United States,Grace Lindqvist,Lost or stolen device - suspend line,sc_req_item,true,glindqvist,Mobility Services NA,Request fulfilled via Tangoe,2025-04-15,glindqvist,2025-04-14,Lost/Stolen,steven.roy,2025-04-15,Lost or stolen device - suspend line for Steven Roy (United States),Steven Roy,Grace Lindqvist
RITM1046167,3 - Moderate,Closed Complete,North America,United States,Marco Bellini,Cancel mobile line - employee departure,sc_req_item,true,mbellini,Mobility Services NA,Request fulfilled via Tangoe,2025-09-02,mbellini,2025-08-28,Line Cancellation,richard.thomas,2025-09-02,Cancel mobile line - employee departure for Richard Thomas (United States),Richard Thomas,Marco Bellini
RITM1046168,4 - Low,Closed Complete,North America,United States,Victor Hale,Cancel mobile line - employee departure,sc_req_item,true,vhale,Mobility Services NA,Request fulfilled via Tangoe,2026-08-06,vhale,2026-08-03,Line Cancellation,robert.rodriguez,2026-08-06,Cancel mobile line - employee departure for Robert Rodriguez (United States),Robert Rodriguez,Victor Hale
RITM1046169,3 - Moderate,Work in Progress,North America,United States,Victor Hale,New mobile device request,sc_req_item,true,vhale,Mobility Services NA,Awaiting carrier confirmation,2026-01-02,vhale,2026-01-02,New Device,patricia.scott,,New mobile device request for Patricia Scott (United States),Patricia Scott,
RITM1046170,3 - Moderate,Closed Complete,North America,United States,Victor Hale,New mobile device request,sc_req_item,true,vhale,Mobility Services NA,Request fulfilled via Tangoe,2026-05-27,vhale,2026-05-20,New Device,mia.brown,2026-05-27,New mobile device request for Mia Brown (United States),Mia Brown,Victor Hale
RITM1046171,2 - High,Open,North America,United States,Victor Hale,New mobile device request,sc_req_item,true,vhale,Mobility Services NA,Awaiting carrier confirmation,2025-04-12,vhale,2025-04-12,New Device,michael.ramirez,,New mobile device request for Michael Ramirez (United States),Michael Ramirez,
RITM1046172,4 - Low,Closed Complete,North America,United States,Aisha Karim,New mobile device request,sc_req_item,true,akarim,Mobility Services NA,Request fulfilled via Tangoe,2024-05-06,akarim,2024-05-01,New Device,mark.hernandez,2024-05-06,New mobile device request for Mark Hernandez (United States),Mark Hernandez,Aisha Karim
RITM1046173,4 - Low,Closed Complete,North America,United States,Marco Bellini,Port personal number to corporate account,sc_req_item,true,mbellini,Mobility Services NA,Request fulfilled via Tangoe,2024-10-28,mbellini,2024-10-28,Number Port,susan.nguyen,2024-10-28,Port personal number to corporate account for Susan Nguyen (United States),Susan Nguyen,Marco Bellini
RITM1046174,3 - Moderate,Closed Complete,North America,United States,Marco Bellini,International roaming plan for upcoming travel,sc_req_item,true,mbellini,Mobility Services NA,Request fulfilled via Tangoe,2025-06-02,mbellini,2025-06-01,International Travel,wei.baker,2025-06-02,International roaming plan for upcoming travel for Wei Baker (United States),Wei Baker,Marco Bellini
RITM1046175,3 - Moderate,Closed Complete,North America,United States,Aisha Karim,New mobile device request,sc_req_item,true,akarim,Mobility Services NA,Request fulfilled via Tangoe,2025-08-14,akarim,2025-08-01,New Device,wei.rivera,2025-08-14,New mobile device request for Wei Rivera (United States),Wei Rivera,Aisha Karim
RITM1046176,4 - Low,Closed Complete,North America,United States,Marco Bellini,New mobile device request,sc_req_item,true,mbellini,Mobility Services NA,Request fulfilled via Tangoe,2025-05-12,mbellini,2025-05-09,New Device,nancy.jackson,2025-05-12,New mobile device request for Nancy Jackson (United States),Nancy Jackson,Marco Bellini
RITM1046177,3 - Moderate,Open,North America,United States,Victor Hale,New mobile device request,sc_req_item,true,vhale,Mobility Services NA,Awaiting carrier confirmation,2025-07-03,vhale,2025-07-03,New Device,andrew.wright,,New mobile device request for Andrew Wright (United States),Andrew Wright,
RITM1046178,4 - Low,Closed Complete,North America,Canada,Tom Okafor,International roaming plan for upcoming travel,sc_req_item,true,tokafor,Mobility Services NA,Request fulfilled via Tangoe,2026-02-26,tokafor,2026-02-22,International Travel,yuki.ramirez,2026-02-26,International roaming plan for upcoming travel for Yuki Ramirez (Canada),Yuki Ramirez,Tom Okafor
RITM1046179,4 - Low,Closed Complete,North America,United States,Marco Bellini,Mobile device not working,sc_req_item,true,mbellini,Mobility Services NA,Request fulfilled via Tangoe,2025-07-24,mbellini,2025-07-22,Troubleshooting,yuki.garcia,2025-07-24,Mobile device not working for Yuki Garcia (United States),Yuki Garcia,Marco Bellini
